-- phpMyAdmin SQL Dump
-- version 3.4.5
-- http://www.phpmyadmin.net
--
-- Host: localhost
-- Generation Time: Mar 12, 2013 at 04:53 PM
-- Server version: 5.5.16
-- PHP Version: 5.3.8

SET SQL_MODE="NO_AUTO_VALUE_ON_ZERO";
SET time_zone = "+00:00";


/*!40101 SET @OLD_CHARACTER_SET_CLIENT=@@CHARACTER_SET_CLIENT */;
/*!40101 SET @OLD_CHARACTER_SET_RESULTS=@@CHARACTER_SET_RESULTS */;
/*!40101 SET @OLD_COLLATION_CONNECTION=@@COLLATION_CONNECTION */;
/*!40101 SET NAMES utf8 */;

--
-- Database: `hogue`
--

-- --------------------------------------------------------

--
-- Table structure for table `ahorro`
--

CREATE TABLE IF NOT EXISTS `ahorro` (
  `id` int(11) NOT NULL AUTO_INCREMENT,
  `monto` float DEFAULT NULL,
  `week` int(11) DEFAULT NULL,
  `year` int(11) DEFAULT NULL,
  `beneficiario` varchar(90) DEFAULT NULL,
  `status` int(11) DEFAULT '1' COMMENT '0 : inactive\n1 : active\n2 : standby\n3 : close',
  `notes` text,
  `periodo_id` int(11) NOT NULL,
  `user_id` int(11) NOT NULL,
  PRIMARY KEY (`id`,`periodo_id`,`user_id`),
  KEY `fk_ahorro_periodo1` (`periodo_id`),
  KEY `fk_ahorro_user1` (`user_id`)
) ENGINE=InnoDB  DEFAULT CHARSET=latin1 AUTO_INCREMENT=320 ;

--
-- Dumping data for table `ahorro`
--

INSERT INTO `ahorro` (`id`, `monto`, `week`, `year`, `beneficiario`, `status`, `notes`, `periodo_id`, `user_id`) VALUES
(80, 150, 2, 2012, NULL, 1, NULL, 1, 197),
(81, 150, 2, 2012, NULL, 1, NULL, 1, 198),
(82, 200, 8, 2012, NULL, 1, NULL, 1, 199),
(83, 500, 2, 2012, NULL, 1, NULL, 1, 200),
(84, 200, 2, 2012, NULL, 1, NULL, 1, 201),
(85, 150, 2, 2012, NULL, 1, NULL, 1, 202),
(86, 500, 2, 2012, NULL, 1, NULL, 1, 203),
(87, 300, 8, 2012, NULL, 1, NULL, 1, 204),
(88, 125, 7, 2012, NULL, 1, NULL, 1, 206),
(89, 450, 2, 2012, NULL, 1, NULL, 1, 207),
(90, 150, 2, 2012, NULL, 1, NULL, 1, 208),
(91, 300, 11, 2012, NULL, 1, 'vacaciones', 1, 209),
(92, 200, 3, 2012, NULL, 3, NULL, 1, 211),
(93, 150, 8, 2012, NULL, 1, NULL, 1, 212),
(94, 100, 2, 2012, NULL, 1, NULL, 1, 213),
(95, 150, 9, 2012, NULL, 1, NULL, 1, 214),
(96, 100, 2, 2012, NULL, 1, NULL, 1, 215),
(97, 150, 2, 2012, NULL, 1, NULL, 1, 216),
(98, 100, 2, 2012, NULL, 1, NULL, 1, 217),
(99, 200, 8, 2012, NULL, 1, NULL, 1, 218),
(100, 100, 2, 2012, NULL, 1, NULL, 1, 219),
(101, 500, 2, 2012, NULL, 3, NULL, 1, 220),
(102, 100, 2, 2012, NULL, 1, NULL, 1, 221),
(103, 300, 2, 2012, NULL, 1, NULL, 1, 222),
(104, 300, 5, 2012, NULL, 1, NULL, 1, 223),
(105, 300, 2, 2012, NULL, 1, NULL, 1, 225),
(106, 100, 2, 2012, NULL, 1, NULL, 1, 228),
(107, 100, 3, 2012, NULL, 1, NULL, 1, 229),
(108, 200, 2, 2012, NULL, 1, NULL, 1, 231),
(109, 130, 3, 2012, NULL, 2, 'INCAPACITADA', 1, 232),
(110, 250, 2, 2012, NULL, 1, NULL, 1, 233),
(111, 200, 2, 2012, NULL, 1, NULL, 1, 234),
(112, 100, 2, 2012, NULL, 1, NULL, 1, 235),
(113, 150, 2, 2012, NULL, 3, NULL, 1, 236),
(114, 400, 2, 2012, NULL, 1, '', 1, 237),
(115, 100, 10, 2012, NULL, 1, NULL, 1, 238),
(116, 250, 2, 2012, NULL, 1, NULL, 1, 239),
(117, 100, 2, 2012, NULL, 1, NULL, 1, 240),
(118, 100, 2, 2012, NULL, 3, NULL, 1, 243),
(119, 250, 8, 2012, NULL, 3, NULL, 1, 244),
(120, 250, 2, 2012, NULL, 1, NULL, 1, 245),
(121, 200, 2, 2012, NULL, 1, NULL, 1, 246),
(122, 200, 8, 2012, NULL, 1, NULL, 1, 247),
(123, 200, 2, 2012, NULL, 3, NULL, 1, 248),
(124, 300, 2, 2012, NULL, 1, '', 1, 249),
(125, 150, 2, 2012, NULL, 3, NULL, 1, 252),
(126, 200, 2, 2012, NULL, 1, NULL, 1, 253),
(127, 300, 2, 2012, NULL, 1, NULL, 1, 255),
(128, 200, 5, 2012, NULL, 1, '', 1, 257),
(129, 100, 2, 2012, NULL, 1, NULL, 1, 258),
(130, 450, 2, 2012, NULL, 1, NULL, 1, 259),
(131, 100, 2, 2012, NULL, 1, NULL, 1, 260),
(132, 350, 2, 2012, NULL, 1, NULL, 1, 262),
(133, 500, 2, 2012, NULL, 3, NULL, 1, 263),
(134, 300, 2, 2012, NULL, 1, NULL, 1, 264),
(135, 300, 2, 2012, NULL, 1, NULL, 1, 265),
(136, 200, 2, 2012, NULL, 3, NULL, 1, 266),
(137, 500, 2, 2012, NULL, 3, NULL, 1, 267),
(138, 100, 2, 2012, NULL, 1, NULL, 1, 268),
(139, 100, 3, 2012, NULL, 3, NULL, 1, 269),
(140, 150, 2, 2012, NULL, 1, NULL, 1, 270),
(141, 500, 2, 2012, NULL, 3, NULL, 1, 271),
(142, 200, 2, 2012, NULL, 1, NULL, 1, 272),
(143, 100, 2, 2012, NULL, 1, NULL, 1, 273),
(144, 100, 2, 2012, NULL, 1, '', 1, 274),
(145, 500, 2, 2012, NULL, 3, NULL, 1, 278),
(146, 250, 8, 2012, NULL, 3, NULL, 1, 280),
(154, 100, 1, 2013, '', 1, NULL, 3, 220),
(155, 200, 1, 2013, '', 1, NULL, 3, 209),
(156, 200, 1, 2013, '', 1, NULL, 3, 231),
(157, 200, 2, 2013, '', 1, NULL, 3, 218),
(158, 100, 2, 2013, '', 1, NULL, 3, 197),
(159, 500, 1, 2013, '', 3, NULL, 4, 220),
(160, 100, 1, 2013, '', 1, NULL, 4, 217),
(161, 100, 1, 2013, '', 1, NULL, 4, 197),
(162, 500, 1, 2013, '', 1, NULL, 4, 198),
(163, 100, 1, 2013, '', 1, NULL, 4, 199),
(164, 200, 1, 2013, '', 1, NULL, 4, 231),
(165, 100, 1, 2013, '', 1, NULL, 5, 220),
(166, 100, 1, 2013, '', 3, NULL, 5, 231),
(167, 100, 1, 2013, '', 1, NULL, 5, 197),
(168, 100, 1, 2013, '', 1, NULL, 5, 206),
(169, 100, 1, 2013, '', 1, NULL, 5, 205),
(170, 0, 5, 2013, '', 1, NULL, 6, 220),
(171, 500, 1, 2013, '', 1, NULL, 6, 231),
(172, 200, 1, 2013, '', 1, NULL, 6, 217),
(173, 500, 1, 2013, '', 1, NULL, 6, 203),
(174, 500, 1, 2013, '', 1, NULL, 6, 209),
(175, 150, 5, 2013, '', 1, NULL, 7, 220),
(176, 200, 5, 2013, '', 1, NULL, 7, 197),
(177, 600, 5, 2013, '', 1, NULL, 7, 238),
(178, 500, 5, 2013, '', 1, NULL, 7, 223),
(179, 200, 5, 2013, '', 1, NULL, 7, 222),
(180, 500, 1, 2013, NULL, 1, NULL, 8, 421),
(181, 200, 1, 2013, NULL, 1, NULL, 8, 197),
(182, 200, 1, 2013, NULL, 1, NULL, 8, 198),
(183, 200, 1, 2013, NULL, 1, NULL, 8, 199),
(184, 500, 1, 2013, NULL, 1, NULL, 8, 200),
(185, 200, 1, 2013, NULL, 1, NULL, 8, 340),
(186, 150, 1, 2013, NULL, 1, NULL, 8, 341),
(187, 400, 1, 2013, NULL, 1, NULL, 8, 201),
(188, 200, 1, 2013, NULL, 1, NULL, 8, 202),
(189, 500, 1, 2013, NULL, 1, NULL, 8, 203),
(190, 500, 1, 2013, NULL, 1, NULL, 8, 204),
(191, 100, 1, 2013, NULL, 1, NULL, 8, 205),
(192, 150, 1, 2013, NULL, 1, NULL, 8, 208),
(193, 400, 1, 2013, NULL, 1, NULL, 8, 209),
(194, 150, 1, 2013, NULL, 1, NULL, 8, 212),
(195, 100, 1, 2013, NULL, 1, NULL, 8, 213),
(196, 300, 1, 2013, NULL, 1, NULL, 8, 214),
(197, 300, 1, 2013, NULL, 1, NULL, 8, 216),
(198, 150, 1, 2013, NULL, 1, NULL, 8, 217),
(199, 250, 1, 2013, NULL, 1, NULL, 8, 218),
(200, 100, 1, 2013, NULL, 1, 'disminuyo ahorro de 150 a 100 sem5', 8, 219),
(201, 300, 1, 2013, NULL, 1, 'cambio su ahorro de 200 a300 en la semana 9.', 8, 221),
(202, 400, 1, 2013, NULL, 1, NULL, 8, 223),
(203, 200, 1, 2013, NULL, 1, NULL, 8, 224),
(204, 100, 1, 2013, NULL, 1, NULL, 8, 226),
(205, 200, 1, 2013, NULL, 1, NULL, 8, 228),
(206, 200, 1, 2013, NULL, 1, NULL, 8, 229),
(207, 300, 1, 2013, NULL, 1, 'AUMENTO DE 200 A 300 SEMANA 6', 8, 230),
(208, 100, 1, 2013, NULL, 1, NULL, 8, 342),
(209, 200, 1, 2013, NULL, 1, NULL, 8, 231),
(210, 200, 1, 2013, NULL, 1, NULL, 8, 234),
(211, 300, 1, 2013, NULL, 1, NULL, 8, 235),
(212, 150, 1, 2013, NULL, 1, NULL, 8, 236),
(213, 150, 1, 2013, NULL, 1, 'SUSPENDIDA', 8, 237),
(214, 300, 1, 2013, NULL, 1, NULL, 8, 239),
(215, 100, 1, 2013, NULL, 1, NULL, 8, 240),
(216, 100, 1, 2013, NULL, 1, '', 8, 242),
(217, 500, 1, 2013, NULL, 1, NULL, 8, 245),
(218, 300, 1, 2013, NULL, 1, NULL, 8, 344),
(219, 150, 1, 2013, NULL, 3, 'renuncio ', 8, 345),
(220, 200, 1, 2013, NULL, 1, '', 8, 246),
(221, 200, 1, 2013, NULL, 1, 'vacaciones semanas 6 y 7', 8, 346),
(222, 200, 1, 2013, NULL, 1, '', 8, 347),
(223, 200, 1, 2013, NULL, 1, NULL, 8, 247),
(224, 100, 1, 2013, NULL, 1, NULL, 8, 248),
(225, 100, 1, 2013, NULL, 1, NULL, 8, 250),
(226, 300, 1, 2013, NULL, 1, NULL, 8, 255),
(227, 350, 1, 2013, NULL, 1, NULL, 8, 257),
(228, 200, 1, 2013, NULL, 1, NULL, 8, 258),
(229, 400, 1, 2013, NULL, 1, NULL, 8, 259),
(230, 100, 1, 2013, NULL, 1, NULL, 8, 260),
(231, 200, 1, 2013, NULL, 3, NULL, 8, 261),
(232, 300, 1, 2013, NULL, 1, NULL, 8, 262),
(233, 300, 1, 2013, NULL, 1, NULL, 8, 265),
(234, 200, 1, 2013, NULL, 1, NULL, 8, 266),
(235, 200, 1, 2013, NULL, 1, NULL, 8, 268),
(236, 250, 1, 2013, NULL, 1, NULL, 8, 355),
(237, 200, 1, 2013, NULL, 1, NULL, 8, 270),
(238, 200, 1, 2013, NULL, 1, 'ahorro en la semana1 y apartir de la semana6', 8, 272),
(239, 150, 1, 2013, NULL, 1, NULL, 8, 273),
(240, 100, 1, 2013, NULL, 1, '', 8, 274),
(241, 250, 1, 2013, NULL, 1, NULL, 8, 275),
(242, 100, 1, 2013, NULL, 1, 'PERMISO', 8, 276),
(243, 200, 1, 2013, NULL, 1, NULL, 8, 357),
(244, 300, 1, 2013, NULL, 1, NULL, 8, 279),
(245, 300, 1, 2013, NULL, 1, 'aumento su ahorro de 200 a300 en la semana 9.', 8, 281),
(246, 200, 1, 2013, NULL, 1, NULL, 8, 359),
(247, 150, 1, 2013, NULL, 1, NULL, 8, 282),
(248, 150, 1, 2013, NULL, 1, NULL, 8, 310),
(249, 100, 1, 2013, NULL, 1, NULL, 8, 360),
(250, 150, 1, 2013, NULL, 1, NULL, 8, 286),
(251, 200, 1, 2013, NULL, 1, 'AUMENTO SU AHORRO DE 150 A 200 EN SEMANA 6', 8, 289),
(252, 200, 1, 2013, NULL, 1, NULL, 8, 290),
(253, 150, 1, 2013, NULL, 1, NULL, 8, 361),
(254, 500, 1, 2013, NULL, 1, NULL, 8, 311),
(255, 200, 1, 2013, NULL, 1, NULL, 8, 363),
(256, 150, 1, 2013, NULL, 1, NULL, 8, 292),
(257, 150, 1, 2013, NULL, 1, NULL, 8, 365),
(258, 300, 1, 2013, NULL, 1, NULL, 8, 367),
(259, 250, 1, 2013, NULL, 3, 'BAJA EN LA SEMANA 5', 8, 368),
(260, 250, 1, 2013, NULL, 1, NULL, 8, 370),
(261, 100, 1, 2013, NULL, 1, NULL, 8, 371),
(262, 300, 1, 2013, NULL, 1, 'AUMENTO AHORRO DE 250 A 300 EN LA SEMANA 6', 8, 293),
(263, 300, 1, 2013, NULL, 1, NULL, 8, 372),
(264, 400, 1, 2013, NULL, 1, 'AUMENTO AHORRO DE 300 A 400 SEMANA 6', 8, 327),
(265, 150, 1, 2013, NULL, 1, 'aumento su ahorro de 100 a 150 semana 9', 8, 373),
(266, 150, 1, 2013, NULL, 1, NULL, 8, 374),
(267, 200, 1, 2013, NULL, 1, NULL, 8, 375),
(268, 100, 1, 2013, NULL, 1, NULL, 8, 377),
(269, 100, 1, 2013, NULL, 1, NULL, 8, 378),
(270, 250, 1, 2013, NULL, 1, 'cambio su ahorro en la semana 9 de 200 a 250', 8, 379),
(271, 100, 1, 2013, NULL, 1, NULL, 8, 380),
(272, 200, 1, 2013, NULL, 1, NULL, 8, 381),
(273, 200, 1, 2013, NULL, 1, NULL, 8, 385),
(274, 200, 1, 2013, NULL, 1, NULL, 8, 386),
(275, 100, 1, 2013, NULL, 1, NULL, 8, 387),
(276, 200, 1, 2013, NULL, 1, NULL, 8, 388),
(277, 100, 1, 2013, NULL, 1, NULL, 8, 390),
(278, 500, 1, 2013, NULL, 1, 'AUMENTO AHORRO DE 150 A 500 SEMANA 6', 8, 339),
(279, 100, 1, 2013, NULL, 1, NULL, 8, 393),
(280, 100, 1, 2013, NULL, 1, NULL, 8, 394),
(281, 300, 1, 2013, NULL, 1, NULL, 8, 395),
(282, 100, 1, 2013, NULL, 1, NULL, 8, 396),
(283, 150, 1, 2013, NULL, 1, NULL, 8, 397),
(284, 150, 1, 2013, NULL, 1, NULL, 8, 399),
(285, 500, 2, 2013, '', 1, NULL, 8, 264),
(286, 100, 2, 2013, '', 3, NULL, 8, 288),
(287, 200, 2, 2013, '', 1, NULL, 8, 382),
(288, 150, 2, 2013, '', 1, NULL, 8, 256),
(289, 200, 2, 2013, '', 1, NULL, 8, 283),
(290, 100, 2, 2013, '', 1, NULL, 8, 398),
(291, 150, 2, 2013, '', 1, '', 8, 232),
(292, 150, 2, 2013, '', 1, NULL, 8, 404),
(293, 500, 2, 2013, '', 1, NULL, 8, 207),
(294, 150, 2, 2013, '', 1, NULL, 8, 401),
(295, 200, 2, 2013, '', 1, NULL, 8, 206),
(296, 200, 2, 2013, '', 1, NULL, 8, 215),
(297, 500, 2, 2013, '', 1, NULL, 8, 222),
(298, 300, 2, 2013, '', 1, '', 8, 233),
(299, 200, 2, 2013, '', 1, NULL, 8, 238),
(300, 300, 2, 2013, '', 1, NULL, 8, 253),
(301, 100, 2, 2013, '', 1, NULL, 8, 351),
(302, 200, 2, 2013, '', 2, 'incapacidad semana 10', 8, 249),
(303, 200, 3, 2013, '', 1, 'cambio su ahorro de 150 a 200 en la semana 9.', 8, 210),
(304, 500, 3, 2013, '', 1, NULL, 8, 220),
(305, 300, 3, 2013, '', 1, NULL, 8, 254),
(306, 200, 3, 2013, '', 1, NULL, 8, 284),
(307, 200, 4, 2013, '', 1, '', 8, 287),
(308, 250, 5, 2013, '', 1, NULL, 8, 271),
(309, 500, 5, 2013, '', 3, NULL, 8, 422),
(310, 300, 5, 2013, '', 1, NULL, 8, 225),
(311, 500, 7, 2013, '', 1, NULL, 8, 278),
(312, 250, 8, 2013, '', 1, NULL, 8, 400),
(313, 100, 9, 2013, '', 1, NULL, 8, 426),
(314, 200, 9, 2013, '', 1, NULL, 8, 425),
(315, 300, 9, 2013, '', 1, NULL, 8, 410),
(316, 200, 9, 2013, '', 1, NULL, 8, 423),
(317, 100, 9, 2013, '', 1, NULL, 8, 414),
(318, 200, 9, 2013, '', 1, NULL, 8, 412),
(319, 300, 10, 2013, '', 1, NULL, 8, 427);

-- --------------------------------------------------------

--
-- Table structure for table `ahorro_registro`
--

CREATE TABLE IF NOT EXISTS `ahorro_registro` (
  `id` int(11) NOT NULL AUTO_INCREMENT,
  `monto` float DEFAULT NULL,
  `week` int(11) DEFAULT NULL,
  `year` int(11) DEFAULT NULL,
  `status` int(11) DEFAULT NULL COMMENT '0 : inactive\n1 : active\n2 : standby\n3 : close',
  `ahorro_id` int(11) NOT NULL,
  PRIMARY KEY (`id`,`ahorro_id`),
  KEY `fk_ahorro_registro_ahorro` (`ahorro_id`)
) ENGINE=InnoDB  DEFAULT CHARSET=latin1 AUTO_INCREMENT=4266 ;

--
-- Dumping data for table `ahorro_registro`
--

INSERT INTO `ahorro_registro` (`id`, `monto`, `week`, `year`, `status`, `ahorro_id`) VALUES
(1, 150, 2, 2012, 1, 80),
(2, 150, 3, 2012, 1, 80),
(3, 150, 4, 2012, 1, 80),
(4, 150, 5, 2012, 1, 80),
(5, 150, 6, 2012, 1, 80),
(6, 150, 7, 2012, 1, 80),
(7, 150, 8, 2012, 1, 80),
(8, 150, 9, 2012, 1, 80),
(9, 150, 10, 2012, 1, 80),
(10, 150, 11, 2012, 1, 80),
(11, 150, 12, 2012, 1, 80),
(12, 150, 13, 2012, 1, 80),
(13, 150, 14, 2012, 1, 80),
(14, 150, 15, 2012, 1, 80),
(15, 150, 16, 2012, 1, 80),
(16, 150, 17, 2012, 1, 80),
(17, 150, 18, 2012, 1, 80),
(18, 150, 19, 2012, 1, 80),
(19, 150, 20, 2012, 1, 80),
(20, 150, 21, 2012, 1, 80),
(21, 150, 22, 2012, 1, 80),
(22, 150, 23, 2012, 1, 80),
(23, 150, 24, 2012, 1, 80),
(24, 150, 25, 2012, 1, 80),
(25, 150, 26, 2012, 1, 80),
(26, 150, 27, 2012, 1, 80),
(27, 150, 28, 2012, 1, 80),
(28, 150, 29, 2012, 1, 80),
(29, 150, 30, 2012, 1, 80),
(30, 150, 31, 2012, 1, 80),
(31, 150, 32, 2012, 1, 80),
(32, 150, 33, 2012, 1, 80),
(33, 150, 34, 2012, 1, 80),
(34, 150, 35, 2012, 1, 80),
(35, 150, 2, 2012, 1, 81),
(36, 150, 3, 2012, 1, 81),
(37, 150, 4, 2012, 1, 81),
(38, 150, 5, 2012, 1, 81),
(39, 150, 6, 2012, 1, 81),
(40, 150, 7, 2012, 1, 81),
(41, 150, 8, 2012, 1, 81),
(42, 150, 9, 2012, 1, 81),
(43, 150, 10, 2012, 1, 81),
(44, 150, 11, 2012, 1, 81),
(45, 150, 12, 2012, 1, 81),
(46, 150, 13, 2012, 1, 81),
(47, 150, 14, 2012, 1, 81),
(48, 150, 16, 2012, 1, 81),
(49, 150, 17, 2012, 1, 81),
(50, 150, 18, 2012, 1, 81),
(51, 150, 19, 2012, 1, 81),
(52, 150, 20, 2012, 1, 81),
(53, 150, 21, 2012, 1, 81),
(54, 150, 22, 2012, 1, 81),
(55, 150, 23, 2012, 1, 81),
(56, 150, 24, 2012, 1, 81),
(57, 150, 25, 2012, 1, 81),
(58, 150, 26, 2012, 1, 81),
(59, 150, 27, 2012, 1, 81),
(60, 150, 28, 2012, 1, 81),
(61, 150, 29, 2012, 1, 81),
(62, 150, 30, 2012, 1, 81),
(63, 150, 31, 2012, 1, 81),
(64, 150, 32, 2012, 1, 81),
(65, 150, 33, 2012, 1, 81),
(66, 150, 34, 2012, 1, 81),
(67, 150, 35, 2012, 1, 81),
(68, 200, 8, 2012, 1, 82),
(69, 200, 9, 2012, 1, 82),
(70, 200, 10, 2012, 1, 82),
(71, 200, 11, 2012, 1, 82),
(72, 200, 12, 2012, 1, 82),
(73, 200, 13, 2012, 1, 82),
(74, 200, 14, 2012, 1, 82),
(75, 200, 15, 2012, 1, 82),
(76, 200, 16, 2012, 1, 82),
(77, 200, 17, 2012, 1, 82),
(78, 200, 18, 2012, 1, 82),
(79, 200, 19, 2012, 1, 82),
(80, 200, 20, 2012, 1, 82),
(81, 200, 21, 2012, 1, 82),
(82, 200, 22, 2012, 1, 82),
(83, 200, 23, 2012, 1, 82),
(84, 200, 24, 2012, 1, 82),
(85, 200, 25, 2012, 1, 82),
(86, 200, 26, 2012, 1, 82),
(87, 200, 27, 2012, 1, 82),
(88, 200, 28, 2012, 1, 82),
(89, 200, 29, 2012, 1, 82),
(90, 200, 30, 2012, 1, 82),
(91, 200, 31, 2012, 1, 82),
(92, 200, 32, 2012, 1, 82),
(93, 200, 33, 2012, 1, 82),
(94, 200, 34, 2012, 1, 82),
(95, 200, 35, 2012, 1, 82),
(96, 500, 2, 2012, 1, 83),
(97, 500, 3, 2012, 1, 83),
(98, 500, 4, 2012, 1, 83),
(99, 500, 5, 2012, 1, 83),
(100, 500, 6, 2012, 1, 83),
(101, 500, 7, 2012, 1, 83),
(102, 500, 8, 2012, 1, 83),
(103, 500, 9, 2012, 1, 83),
(104, 500, 10, 2012, 1, 83),
(105, 500, 11, 2012, 1, 83),
(106, 500, 12, 2012, 1, 83),
(107, 500, 13, 2012, 1, 83),
(108, 500, 14, 2012, 1, 83),
(109, 500, 15, 2012, 1, 83),
(110, 500, 16, 2012, 1, 83),
(111, 500, 17, 2012, 1, 83),
(112, 500, 18, 2012, 1, 83),
(113, 500, 19, 2012, 1, 83),
(114, 500, 20, 2012, 1, 83),
(115, 500, 21, 2012, 1, 83),
(116, 500, 22, 2012, 1, 83),
(117, 500, 23, 2012, 1, 83),
(118, 500, 24, 2012, 1, 83),
(119, 500, 25, 2012, 1, 83),
(120, 500, 26, 2012, 1, 83),
(121, 500, 27, 2012, 1, 83),
(122, 500, 28, 2012, 1, 83),
(123, 500, 29, 2012, 1, 83),
(124, 500, 30, 2012, 1, 83),
(125, 500, 31, 2012, 1, 83),
(126, 500, 32, 2012, 1, 83),
(127, 500, 33, 2012, 1, 83),
(128, 500, 34, 2012, 1, 83),
(129, 500, 35, 2012, 1, 83),
(130, 200, 2, 2012, 1, 84),
(131, 200, 3, 2012, 1, 84),
(132, 200, 4, 2012, 1, 84),
(133, 200, 5, 2012, 1, 84),
(134, 200, 6, 2012, 1, 84),
(135, 200, 7, 2012, 1, 84),
(136, 200, 8, 2012, 1, 84),
(137, 200, 9, 2012, 1, 84),
(138, 200, 13, 2012, 1, 84),
(139, 200, 14, 2012, 1, 84),
(140, 200, 15, 2012, 1, 84),
(141, 200, 16, 2012, 1, 84),
(142, 200, 17, 2012, 1, 84),
(143, 200, 18, 2012, 1, 84),
(144, 200, 19, 2012, 1, 84),
(145, 200, 20, 2012, 1, 84),
(146, 200, 21, 2012, 1, 84),
(147, 200, 22, 2012, 1, 84),
(148, 200, 23, 2012, 1, 84),
(149, 200, 24, 2012, 1, 84),
(150, 200, 25, 2012, 1, 84),
(151, 200, 26, 2012, 1, 84),
(152, 200, 27, 2012, 1, 84),
(153, 200, 28, 2012, 1, 84),
(154, 200, 29, 2012, 1, 84),
(155, 200, 30, 2012, 1, 84),
(156, 200, 31, 2012, 1, 84),
(157, 200, 32, 2012, 1, 84),
(158, 200, 33, 2012, 1, 84),
(159, 200, 34, 2012, 1, 84),
(160, 200, 35, 2012, 1, 84),
(161, 150, 2, 2012, 1, 85),
(162, 150, 3, 2012, 1, 85),
(163, 150, 4, 2012, 1, 85),
(164, 150, 5, 2012, 1, 85),
(165, 150, 6, 2012, 1, 85),
(166, 150, 7, 2012, 1, 85),
(167, 150, 8, 2012, 1, 85),
(168, 150, 9, 2012, 1, 85),
(169, 150, 10, 2012, 1, 85),
(170, 150, 11, 2012, 1, 85),
(171, 150, 12, 2012, 1, 85),
(172, 150, 14, 2012, 1, 85),
(173, 150, 15, 2012, 1, 85),
(174, 150, 16, 2012, 1, 85),
(175, 150, 17, 2012, 1, 85),
(176, 150, 18, 2012, 1, 85),
(177, 150, 19, 2012, 1, 85),
(178, 150, 20, 2012, 1, 85),
(179, 150, 21, 2012, 1, 85),
(180, 150, 22, 2012, 1, 85),
(181, 150, 23, 2012, 1, 85),
(182, 150, 24, 2012, 1, 85),
(183, 150, 25, 2012, 1, 85),
(184, 150, 26, 2012, 1, 85),
(185, 150, 27, 2012, 1, 85),
(186, 150, 28, 2012, 1, 85),
(187, 150, 29, 2012, 1, 85),
(188, 150, 30, 2012, 1, 85),
(189, 150, 31, 2012, 1, 85),
(190, 150, 32, 2012, 1, 85),
(191, 150, 33, 2012, 1, 85),
(192, 150, 34, 2012, 1, 85),
(193, 150, 35, 2012, 1, 85),
(194, 500, 2, 2012, 1, 86),
(195, 500, 3, 2012, 1, 86),
(196, 500, 4, 2012, 1, 86),
(197, 500, 5, 2012, 1, 86),
(198, 500, 6, 2012, 1, 86),
(199, 500, 7, 2012, 1, 86),
(200, 500, 8, 2012, 1, 86),
(201, 500, 9, 2012, 1, 86),
(202, 500, 10, 2012, 1, 86),
(203, 500, 11, 2012, 1, 86),
(204, 500, 12, 2012, 1, 86),
(205, 500, 13, 2012, 1, 86),
(206, 500, 14, 2012, 1, 86),
(207, 500, 15, 2012, 1, 86),
(208, 500, 16, 2012, 1, 86),
(209, 500, 17, 2012, 1, 86),
(210, 500, 18, 2012, 1, 86),
(211, 500, 19, 2012, 1, 86),
(212, 500, 20, 2012, 1, 86),
(213, 500, 21, 2012, 1, 86),
(214, 500, 22, 2012, 1, 86),
(215, 500, 23, 2012, 1, 86),
(216, 500, 24, 2012, 1, 86),
(217, 500, 25, 2012, 1, 86),
(218, 500, 26, 2012, 1, 86),
(219, 500, 27, 2012, 1, 86),
(220, 500, 28, 2012, 1, 86),
(221, 500, 29, 2012, 1, 86),
(222, 500, 30, 2012, 1, 86),
(223, 500, 31, 2012, 1, 86),
(224, 500, 32, 2012, 1, 86),
(225, 500, 33, 2012, 1, 86),
(226, 500, 34, 2012, 1, 86),
(227, 500, 35, 2012, 1, 86),
(228, 300, 10, 2012, 1, 87),
(229, 300, 11, 2012, 1, 87),
(230, 300, 12, 2012, 1, 87),
(231, 300, 13, 2012, 1, 87),
(232, 300, 14, 2012, 1, 87),
(233, 300, 15, 2012, 1, 87),
(234, 300, 16, 2012, 1, 87),
(235, 300, 17, 2012, 1, 87),
(236, 300, 18, 2012, 1, 87),
(237, 300, 19, 2012, 1, 87),
(238, 300, 20, 2012, 1, 87),
(239, 300, 21, 2012, 1, 87),
(240, 300, 22, 2012, 1, 87),
(241, 300, 23, 2012, 1, 87),
(242, 300, 24, 2012, 1, 87),
(243, 300, 25, 2012, 1, 87),
(244, 300, 26, 2012, 1, 87),
(245, 300, 27, 2012, 1, 87),
(246, 300, 28, 2012, 1, 87),
(247, 300, 29, 2012, 1, 87),
(248, 300, 30, 2012, 1, 87),
(249, 300, 31, 2012, 1, 87),
(250, 300, 32, 2012, 1, 87),
(251, 300, 33, 2012, 1, 87),
(252, 300, 34, 2012, 1, 87),
(253, 300, 35, 2012, 1, 87),
(254, 400, 8, 2012, 1, 87),
(255, 400, 9, 2012, 1, 87),
(256, 125, 7, 2012, 1, 88),
(257, 125, 8, 2012, 1, 88),
(258, 125, 9, 2012, 1, 88),
(259, 125, 10, 2012, 1, 88),
(260, 125, 11, 2012, 1, 88),
(261, 125, 12, 2012, 1, 88),
(262, 125, 13, 2012, 1, 88),
(263, 125, 14, 2012, 1, 88),
(264, 125, 15, 2012, 1, 88),
(265, 125, 16, 2012, 1, 88),
(266, 125, 17, 2012, 1, 88),
(267, 125, 18, 2012, 1, 88),
(268, 125, 19, 2012, 1, 88),
(269, 125, 20, 2012, 1, 88),
(270, 125, 21, 2012, 1, 88),
(271, 125, 22, 2012, 1, 88),
(272, 125, 23, 2012, 1, 88),
(273, 125, 24, 2012, 1, 88),
(274, 125, 25, 2012, 1, 88),
(275, 125, 26, 2012, 1, 88),
(276, 125, 27, 2012, 1, 88),
(277, 125, 28, 2012, 1, 88),
(278, 125, 29, 2012, 1, 88),
(279, 125, 30, 2012, 1, 88),
(280, 125, 31, 2012, 1, 88),
(281, 125, 32, 2012, 1, 88),
(282, 125, 33, 2012, 1, 88),
(283, 125, 34, 2012, 1, 88),
(284, 125, 35, 2012, 1, 88),
(285, 450, 2, 2012, 1, 89),
(286, 450, 3, 2012, 1, 89),
(287, 450, 4, 2012, 1, 89),
(288, 450, 5, 2012, 1, 89),
(289, 450, 6, 2012, 1, 89),
(290, 450, 7, 2012, 1, 89),
(291, 450, 8, 2012, 1, 89),
(292, 450, 9, 2012, 1, 89),
(293, 450, 10, 2012, 1, 89),
(294, 450, 11, 2012, 1, 89),
(295, 450, 12, 2012, 1, 89),
(296, 450, 13, 2012, 1, 89),
(297, 450, 14, 2012, 1, 89),
(298, 450, 15, 2012, 1, 89),
(299, 450, 16, 2012, 1, 89),
(300, 450, 17, 2012, 1, 89),
(301, 450, 18, 2012, 1, 89),
(302, 450, 19, 2012, 1, 89),
(303, 450, 20, 2012, 1, 89),
(304, 450, 21, 2012, 1, 89),
(305, 450, 22, 2012, 1, 89),
(306, 450, 23, 2012, 1, 89),
(307, 450, 24, 2012, 1, 89),
(308, 450, 25, 2012, 1, 89),
(309, 450, 26, 2012, 1, 89),
(310, 450, 27, 2012, 1, 89),
(311, 450, 28, 2012, 1, 89),
(312, 450, 29, 2012, 1, 89),
(313, 450, 30, 2012, 1, 89),
(314, 450, 31, 2012, 1, 89),
(315, 450, 32, 2012, 1, 89),
(316, 450, 33, 2012, 1, 89),
(317, 450, 34, 2012, 1, 89),
(318, 450, 35, 2012, 1, 89),
(319, 150, 2, 2012, 1, 90),
(320, 150, 3, 2012, 1, 90),
(321, 150, 4, 2012, 1, 90),
(322, 150, 5, 2012, 1, 90),
(323, 150, 6, 2012, 1, 90),
(324, 150, 7, 2012, 1, 90),
(325, 150, 8, 2012, 1, 90),
(326, 150, 9, 2012, 1, 90),
(327, 150, 10, 2012, 1, 90),
(328, 150, 11, 2012, 1, 90),
(329, 150, 12, 2012, 1, 90),
(330, 150, 13, 2012, 1, 90),
(331, 150, 14, 2012, 1, 90),
(332, 150, 15, 2012, 1, 90),
(333, 150, 16, 2012, 1, 90),
(334, 150, 18, 2012, 1, 90),
(335, 150, 19, 2012, 1, 90),
(336, 150, 20, 2012, 1, 90),
(337, 150, 21, 2012, 1, 90),
(338, 150, 22, 2012, 1, 90),
(339, 150, 23, 2012, 1, 90),
(340, 150, 24, 2012, 1, 90),
(341, 150, 25, 2012, 1, 90),
(342, 150, 26, 2012, 1, 90),
(343, 150, 27, 2012, 1, 90),
(344, 150, 28, 2012, 1, 90),
(345, 150, 29, 2012, 1, 90),
(346, 150, 30, 2012, 1, 90),
(347, 150, 31, 2012, 1, 90),
(348, 150, 33, 2012, 1, 90),
(349, 300, 11, 2012, 1, 91),
(350, 300, 12, 2012, 1, 91),
(351, 300, 13, 2012, 1, 91),
(352, 300, 14, 2012, 1, 91),
(353, 300, 15, 2012, 1, 91),
(354, 300, 16, 2012, 1, 91),
(355, 300, 17, 2012, 1, 91),
(356, 300, 18, 2012, 1, 91),
(357, 300, 19, 2012, 1, 91),
(358, 300, 20, 2012, 1, 91),
(359, 300, 21, 2012, 1, 91),
(360, 300, 22, 2012, 1, 91),
(361, 300, 23, 2012, 1, 91),
(362, 300, 24, 2012, 1, 91),
(363, 300, 25, 2012, 1, 91),
(364, 300, 26, 2012, 1, 91),
(365, 300, 27, 2012, 1, 91),
(366, 300, 28, 2012, 1, 91),
(367, 300, 29, 2012, 1, 91),
(368, 300, 30, 2012, 1, 91),
(369, 300, 31, 2012, 1, 91),
(370, 300, 32, 2012, 1, 91),
(371, 300, 33, 2012, 1, 91),
(372, 300, 34, 2012, 1, 91),
(373, 300, 35, 2012, 1, 91),
(374, 200, 3, 2012, 1, 92),
(375, 200, 4, 2012, 1, 92),
(376, 200, 5, 2012, 1, 92),
(377, 200, 6, 2012, 1, 92),
(378, 200, 7, 2012, 1, 92),
(379, 200, 9, 2012, 1, 92),
(380, 200, 10, 2012, 1, 92),
(381, 200, 11, 2012, 1, 92),
(382, 200, 12, 2012, 1, 92),
(383, 200, 13, 2012, 1, 92),
(384, 200, 14, 2012, 1, 92),
(385, 200, 16, 2012, 1, 92),
(386, 200, 17, 2012, 1, 92),
(387, 200, 18, 2012, 1, 92),
(388, 200, 19, 2012, 1, 92),
(389, 200, 20, 2012, 1, 92),
(390, 200, 21, 2012, 1, 92),
(391, 200, 22, 2012, 1, 92),
(392, 200, 23, 2012, 1, 92),
(393, 200, 24, 2012, 1, 92),
(394, 200, 25, 2012, 1, 92),
(395, 200, 26, 2012, 1, 92),
(396, 200, 27, 2012, 1, 92),
(397, 200, 28, 2012, 1, 92),
(398, 200, 29, 2012, 1, 92),
(399, 200, 30, 2012, 1, 92),
(400, 200, 31, 2012, 1, 92),
(401, 200, 32, 2012, 1, 92),
(402, 200, 33, 2012, 1, 92),
(403, 200, 34, 2012, 1, 92),
(404, 200, 35, 2012, 1, 92),
(405, 150, 8, 2012, 1, 93),
(406, 150, 9, 2012, 1, 93),
(407, 150, 10, 2012, 1, 93),
(408, 150, 11, 2012, 1, 93),
(409, 150, 12, 2012, 1, 93),
(410, 150, 13, 2012, 1, 93),
(411, 150, 14, 2012, 1, 93),
(412, 150, 15, 2012, 1, 93),
(413, 150, 16, 2012, 1, 93),
(414, 150, 17, 2012, 1, 93),
(415, 150, 18, 2012, 1, 93),
(416, 150, 19, 2012, 1, 93),
(417, 150, 20, 2012, 1, 93),
(418, 150, 21, 2012, 1, 93),
(419, 150, 22, 2012, 1, 93),
(420, 150, 23, 2012, 1, 93),
(421, 150, 24, 2012, 1, 93),
(422, 150, 25, 2012, 1, 93),
(423, 150, 26, 2012, 1, 93),
(424, 150, 27, 2012, 1, 93),
(425, 150, 28, 2012, 1, 93),
(426, 150, 29, 2012, 1, 93),
(427, 150, 30, 2012, 1, 93),
(428, 150, 31, 2012, 1, 93),
(429, 150, 32, 2012, 1, 93),
(430, 150, 33, 2012, 1, 93),
(431, 150, 34, 2012, 1, 93),
(432, 150, 35, 2012, 1, 93),
(433, 100, 2, 2012, 1, 94),
(434, 100, 3, 2012, 1, 94),
(435, 100, 4, 2012, 1, 94),
(436, 100, 5, 2012, 1, 94),
(437, 100, 6, 2012, 1, 94),
(438, 100, 7, 2012, 1, 94),
(439, 100, 8, 2012, 1, 94),
(440, 100, 9, 2012, 1, 94),
(441, 100, 10, 2012, 1, 94),
(442, 100, 11, 2012, 1, 94),
(443, 100, 13, 2012, 1, 94),
(444, 100, 14, 2012, 1, 94),
(445, 100, 15, 2012, 1, 94),
(446, 100, 16, 2012, 1, 94),
(447, 100, 17, 2012, 1, 94),
(448, 100, 18, 2012, 1, 94),
(449, 100, 19, 2012, 1, 94),
(450, 100, 20, 2012, 1, 94),
(451, 100, 21, 2012, 1, 94),
(452, 100, 22, 2012, 1, 94),
(453, 100, 23, 2012, 1, 94),
(454, 100, 24, 2012, 1, 94),
(455, 100, 25, 2012, 1, 94),
(456, 100, 26, 2012, 1, 94),
(457, 100, 27, 2012, 1, 94),
(458, 100, 28, 2012, 1, 94),
(459, 100, 29, 2012, 1, 94),
(460, 100, 30, 2012, 1, 94),
(461, 100, 31, 2012, 1, 94),
(462, 100, 32, 2012, 1, 94),
(463, 100, 33, 2012, 1, 94),
(464, 100, 34, 2012, 1, 94),
(465, 100, 35, 2012, 1, 94),
(466, 150, 9, 2012, 1, 95),
(467, 150, 10, 2012, 1, 95),
(468, 150, 11, 2012, 1, 95),
(469, 150, 12, 2012, 1, 95),
(470, 150, 13, 2012, 1, 95),
(471, 150, 14, 2012, 1, 95),
(472, 150, 15, 2012, 1, 95),
(473, 150, 16, 2012, 1, 95),
(474, 150, 17, 2012, 1, 95),
(475, 150, 18, 2012, 1, 95),
(476, 150, 19, 2012, 1, 95),
(477, 150, 20, 2012, 1, 95),
(478, 150, 21, 2012, 1, 95),
(479, 150, 22, 2012, 1, 95),
(480, 150, 23, 2012, 1, 95),
(481, 150, 24, 2012, 1, 95),
(482, 150, 25, 2012, 1, 95),
(483, 150, 26, 2012, 1, 95),
(484, 150, 27, 2012, 1, 95),
(485, 150, 28, 2012, 1, 95),
(486, 150, 29, 2012, 1, 95),
(487, 150, 30, 2012, 1, 95),
(488, 150, 31, 2012, 1, 95),
(489, 150, 32, 2012, 1, 95),
(490, 150, 33, 2012, 1, 95),
(491, 150, 34, 2012, 1, 95),
(492, 150, 35, 2012, 1, 95),
(493, 100, 2, 2012, 1, 96),
(494, 100, 3, 2012, 1, 96),
(495, 100, 4, 2012, 1, 96),
(496, 100, 5, 2012, 1, 96),
(497, 100, 6, 2012, 1, 96),
(498, 100, 7, 2012, 1, 96),
(499, 100, 8, 2012, 1, 96),
(500, 100, 9, 2012, 1, 96),
(501, 100, 10, 2012, 1, 96),
(502, 100, 11, 2012, 1, 96),
(503, 100, 12, 2012, 1, 96),
(504, 100, 13, 2012, 1, 96),
(505, 100, 14, 2012, 1, 96),
(506, 100, 15, 2012, 1, 96),
(507, 100, 16, 2012, 1, 96),
(508, 100, 17, 2012, 1, 96),
(509, 100, 18, 2012, 1, 96),
(510, 100, 19, 2012, 1, 96),
(511, 100, 20, 2012, 1, 96),
(512, 100, 21, 2012, 1, 96),
(513, 100, 22, 2012, 1, 96),
(514, 100, 23, 2012, 1, 96),
(515, 100, 24, 2012, 1, 96),
(516, 100, 25, 2012, 1, 96),
(517, 100, 26, 2012, 1, 96),
(518, 100, 27, 2012, 1, 96),
(519, 100, 28, 2012, 1, 96),
(520, 100, 29, 2012, 1, 96),
(521, 100, 30, 2012, 1, 96),
(522, 100, 31, 2012, 1, 96),
(523, 100, 32, 2012, 1, 96),
(524, 100, 33, 2012, 1, 96),
(525, 100, 34, 2012, 1, 96),
(526, 100, 35, 2012, 1, 96),
(527, 150, 2, 2012, 1, 97),
(528, 150, 3, 2012, 1, 97),
(529, 150, 4, 2012, 1, 97),
(530, 150, 5, 2012, 1, 97),
(531, 150, 6, 2012, 1, 97),
(532, 150, 7, 2012, 1, 97),
(533, 150, 8, 2012, 1, 97),
(534, 150, 9, 2012, 1, 97),
(535, 150, 10, 2012, 1, 97),
(536, 150, 11, 2012, 1, 97),
(537, 150, 12, 2012, 1, 97),
(538, 150, 13, 2012, 1, 97),
(539, 150, 14, 2012, 1, 97),
(540, 150, 15, 2012, 1, 97),
(541, 150, 16, 2012, 1, 97),
(542, 150, 17, 2012, 1, 97),
(543, 150, 18, 2012, 1, 97),
(544, 150, 19, 2012, 1, 97),
(545, 150, 20, 2012, 1, 97),
(546, 150, 21, 2012, 1, 97),
(547, 150, 22, 2012, 1, 97),
(548, 150, 23, 2012, 1, 97),
(549, 150, 24, 2012, 1, 97),
(550, 150, 25, 2012, 1, 97),
(551, 150, 26, 2012, 1, 97),
(552, 150, 27, 2012, 1, 97),
(553, 150, 28, 2012, 1, 97),
(554, 150, 29, 2012, 1, 97),
(555, 150, 30, 2012, 1, 97),
(556, 150, 31, 2012, 1, 97),
(557, 150, 32, 2012, 1, 97),
(558, 150, 33, 2012, 1, 97),
(559, 150, 34, 2012, 1, 97),
(560, 150, 35, 2012, 1, 97),
(561, 100, 2, 2012, 1, 98),
(562, 100, 3, 2012, 1, 98),
(563, 100, 4, 2012, 1, 98),
(564, 100, 5, 2012, 1, 98),
(565, 100, 6, 2012, 1, 98),
(566, 100, 8, 2012, 1, 98),
(567, 100, 9, 2012, 1, 98),
(568, 100, 10, 2012, 1, 98),
(569, 100, 11, 2012, 1, 98),
(570, 100, 12, 2012, 1, 98),
(571, 100, 13, 2012, 1, 98),
(572, 100, 14, 2012, 1, 98),
(573, 100, 15, 2012, 1, 98),
(574, 100, 16, 2012, 1, 98),
(575, 100, 17, 2012, 1, 98),
(576, 100, 18, 2012, 1, 98),
(577, 100, 19, 2012, 1, 98),
(578, 100, 20, 2012, 1, 98),
(579, 100, 21, 2012, 1, 98),
(580, 100, 22, 2012, 1, 98),
(581, 100, 23, 2012, 1, 98),
(582, 100, 24, 2012, 1, 98),
(583, 100, 25, 2012, 1, 98),
(584, 100, 26, 2012, 1, 98),
(585, 100, 27, 2012, 1, 98),
(586, 100, 28, 2012, 1, 98),
(587, 100, 29, 2012, 1, 98),
(588, 100, 30, 2012, 1, 98),
(589, 100, 31, 2012, 1, 98),
(590, 100, 32, 2012, 1, 98),
(591, 100, 33, 2012, 1, 98),
(592, 100, 35, 2012, 1, 98),
(593, 200, 8, 2012, 1, 99),
(594, 200, 9, 2012, 1, 99),
(595, 200, 10, 2012, 1, 99),
(596, 200, 11, 2012, 1, 99),
(597, 200, 12, 2012, 1, 99),
(598, 200, 13, 2012, 1, 99),
(599, 200, 15, 2012, 1, 99),
(600, 200, 16, 2012, 1, 99),
(601, 200, 17, 2012, 1, 99),
(602, 200, 18, 2012, 1, 99),
(603, 200, 19, 2012, 1, 99),
(604, 200, 20, 2012, 1, 99),
(605, 200, 21, 2012, 1, 99),
(606, 200, 22, 2012, 1, 99),
(607, 200, 23, 2012, 1, 99),
(608, 200, 24, 2012, 1, 99),
(609, 200, 25, 2012, 1, 99),
(610, 200, 26, 2012, 1, 99),
(611, 200, 27, 2012, 1, 99),
(612, 200, 28, 2012, 1, 99),
(613, 200, 29, 2012, 1, 99),
(614, 200, 30, 2012, 1, 99),
(615, 200, 31, 2012, 1, 99),
(616, 200, 32, 2012, 1, 99),
(617, 200, 33, 2012, 1, 99),
(618, 200, 34, 2012, 1, 99),
(619, 200, 35, 2012, 1, 99),
(620, 100, 2, 2012, 1, 100),
(621, 100, 3, 2012, 1, 100),
(622, 100, 4, 2012, 1, 100),
(623, 100, 5, 2012, 1, 100),
(624, 100, 6, 2012, 1, 100),
(625, 100, 7, 2012, 1, 100),
(626, 100, 8, 2012, 1, 100),
(627, 100, 9, 2012, 1, 100),
(628, 100, 10, 2012, 1, 100),
(629, 100, 11, 2012, 1, 100),
(630, 100, 12, 2012, 1, 100),
(631, 100, 13, 2012, 1, 100),
(632, 100, 14, 2012, 1, 100),
(633, 100, 15, 2012, 1, 100),
(634, 100, 16, 2012, 1, 100),
(635, 100, 17, 2012, 1, 100),
(636, 100, 18, 2012, 1, 100),
(637, 100, 19, 2012, 1, 100),
(638, 100, 20, 2012, 1, 100),
(639, 100, 21, 2012, 1, 100),
(640, 100, 22, 2012, 1, 100),
(641, 100, 23, 2012, 1, 100),
(642, 100, 24, 2012, 1, 100),
(643, 100, 25, 2012, 1, 100),
(644, 100, 26, 2012, 1, 100),
(645, 100, 27, 2012, 1, 100),
(646, 100, 28, 2012, 1, 100),
(647, 100, 29, 2012, 1, 100),
(648, 100, 30, 2012, 1, 100),
(649, 100, 31, 2012, 1, 100),
(650, 100, 32, 2012, 1, 100),
(651, 100, 33, 2012, 1, 100),
(652, 100, 34, 2012, 1, 100),
(653, 100, 35, 2012, 1, 100),
(654, 500, 2, 2012, 1, 101),
(655, 500, 3, 2012, 1, 101),
(656, 500, 4, 2012, 1, 101),
(657, 500, 5, 2012, 1, 101),
(658, 500, 6, 2012, 1, 101),
(659, 500, 7, 2012, 1, 101),
(660, 500, 8, 2012, 1, 101),
(661, 500, 9, 2012, 1, 101),
(662, 500, 10, 2012, 1, 101),
(663, 500, 11, 2012, 1, 101),
(664, 500, 12, 2012, 1, 101),
(665, 500, 13, 2012, 1, 101),
(666, 500, 14, 2012, 1, 101),
(667, 500, 15, 2012, 1, 101),
(668, 500, 16, 2012, 1, 101),
(669, 500, 17, 2012, 1, 101),
(670, 500, 18, 2012, 1, 101),
(671, 500, 19, 2012, 1, 101),
(672, 500, 20, 2012, 1, 101),
(673, 500, 21, 2012, 1, 101),
(674, 500, 22, 2012, 1, 101),
(675, 500, 23, 2012, 1, 101),
(676, 500, 24, 2012, 1, 101),
(677, 500, 25, 2012, 1, 101),
(678, 500, 26, 2012, 1, 101),
(679, 500, 27, 2012, 1, 101),
(680, 500, 28, 2012, 1, 101),
(681, 500, 29, 2012, 1, 101),
(682, 500, 30, 2012, 1, 101),
(683, 500, 31, 2012, 1, 101),
(684, 100, 2, 2012, 1, 102),
(685, 100, 3, 2012, 1, 102),
(686, 100, 4, 2012, 1, 102),
(687, 100, 5, 2012, 1, 102),
(688, 100, 6, 2012, 1, 102),
(689, 100, 7, 2012, 1, 102),
(690, 100, 8, 2012, 1, 102),
(691, 100, 9, 2012, 1, 102),
(692, 100, 10, 2012, 1, 102),
(693, 100, 11, 2012, 1, 102),
(694, 100, 12, 2012, 1, 102),
(695, 100, 13, 2012, 1, 102),
(696, 100, 14, 2012, 1, 102),
(697, 100, 15, 2012, 1, 102),
(698, 100, 16, 2012, 1, 102),
(699, 100, 17, 2012, 1, 102),
(700, 100, 18, 2012, 1, 102),
(701, 100, 19, 2012, 1, 102),
(702, 100, 20, 2012, 1, 102),
(703, 100, 21, 2012, 1, 102),
(704, 100, 22, 2012, 1, 102),
(705, 100, 23, 2012, 1, 102),
(706, 100, 24, 2012, 1, 102),
(707, 100, 25, 2012, 1, 102),
(708, 100, 26, 2012, 1, 102),
(709, 100, 27, 2012, 1, 102),
(710, 100, 28, 2012, 1, 102),
(711, 100, 29, 2012, 1, 102),
(712, 100, 30, 2012, 1, 102),
(713, 100, 31, 2012, 1, 102),
(714, 100, 32, 2012, 1, 102),
(715, 100, 33, 2012, 1, 102),
(716, 100, 34, 2012, 1, 102),
(717, 100, 35, 2012, 1, 102),
(718, 300, 2, 2012, 1, 103),
(719, 300, 3, 2012, 1, 103),
(720, 300, 4, 2012, 1, 103),
(721, 300, 5, 2012, 1, 103),
(722, 300, 6, 2012, 1, 103),
(723, 300, 7, 2012, 1, 103),
(724, 300, 8, 2012, 1, 103),
(725, 300, 9, 2012, 1, 103),
(726, 300, 10, 2012, 1, 103),
(727, 300, 11, 2012, 1, 103),
(728, 300, 12, 2012, 1, 103),
(729, 300, 13, 2012, 1, 103),
(730, 300, 14, 2012, 1, 103),
(731, 300, 15, 2012, 1, 103),
(732, 300, 16, 2012, 1, 103),
(733, 300, 17, 2012, 1, 103),
(734, 300, 18, 2012, 1, 103),
(735, 300, 19, 2012, 1, 103),
(736, 300, 20, 2012, 1, 103),
(737, 300, 21, 2012, 1, 103),
(738, 300, 22, 2012, 1, 103),
(739, 300, 23, 2012, 1, 103),
(740, 300, 24, 2012, 1, 103),
(741, 300, 25, 2012, 1, 103),
(742, 300, 26, 2012, 1, 103),
(743, 300, 27, 2012, 1, 103),
(744, 300, 28, 2012, 1, 103),
(745, 300, 29, 2012, 1, 103),
(746, 300, 30, 2012, 1, 103),
(747, 300, 31, 2012, 1, 103),
(748, 300, 32, 2012, 1, 103),
(749, 300, 33, 2012, 1, 103),
(750, 300, 34, 2012, 1, 103),
(751, 300, 35, 2012, 1, 103),
(752, 300, 5, 2012, 1, 104),
(753, 300, 6, 2012, 1, 104),
(754, 300, 7, 2012, 1, 104),
(755, 300, 8, 2012, 1, 104),
(756, 300, 9, 2012, 1, 104),
(757, 300, 10, 2012, 1, 104),
(758, 300, 11, 2012, 1, 104),
(759, 300, 12, 2012, 1, 104),
(760, 300, 13, 2012, 1, 104),
(761, 300, 14, 2012, 1, 104),
(762, 300, 15, 2012, 1, 104),
(763, 300, 16, 2012, 1, 104),
(764, 300, 17, 2012, 1, 104),
(765, 300, 18, 2012, 1, 104),
(766, 300, 19, 2012, 1, 104),
(767, 300, 20, 2012, 1, 104),
(768, 300, 21, 2012, 1, 104),
(769, 300, 22, 2012, 1, 104),
(770, 300, 23, 2012, 1, 104),
(771, 300, 24, 2012, 1, 104),
(772, 300, 25, 2012, 1, 104),
(773, 300, 26, 2012, 1, 104),
(774, 300, 27, 2012, 1, 104),
(775, 300, 28, 2012, 1, 104),
(776, 300, 29, 2012, 1, 104),
(777, 300, 30, 2012, 1, 104),
(778, 300, 31, 2012, 1, 104),
(779, 300, 32, 2012, 1, 104),
(780, 300, 33, 2012, 1, 104),
(781, 300, 34, 2012, 1, 104),
(782, 300, 35, 2012, 1, 104),
(783, 300, 2, 2012, 1, 105),
(784, 300, 3, 2012, 1, 105),
(785, 300, 4, 2012, 1, 105),
(786, 300, 5, 2012, 1, 105),
(787, 300, 6, 2012, 1, 105),
(788, 300, 7, 2012, 1, 105),
(789, 300, 8, 2012, 1, 105),
(790, 300, 9, 2012, 1, 105),
(791, 300, 10, 2012, 1, 105),
(792, 300, 11, 2012, 1, 105),
(793, 300, 12, 2012, 1, 105),
(794, 300, 13, 2012, 1, 105),
(795, 300, 14, 2012, 1, 105),
(796, 300, 15, 2012, 1, 105),
(797, 300, 16, 2012, 1, 105),
(798, 300, 17, 2012, 1, 105),
(799, 300, 18, 2012, 1, 105),
(800, 300, 19, 2012, 1, 105),
(801, 300, 20, 2012, 1, 105),
(802, 300, 21, 2012, 1, 105),
(803, 300, 22, 2012, 1, 105),
(804, 300, 23, 2012, 1, 105),
(805, 300, 24, 2012, 1, 105),
(806, 300, 25, 2012, 1, 105),
(807, 300, 26, 2012, 1, 105),
(808, 300, 27, 2012, 1, 105),
(809, 300, 28, 2012, 1, 105),
(810, 300, 29, 2012, 1, 105),
(811, 300, 30, 2012, 1, 105),
(812, 300, 31, 2012, 1, 105),
(813, 300, 32, 2012, 1, 105),
(814, 300, 33, 2012, 1, 105),
(815, 300, 34, 2012, 1, 105),
(816, 300, 35, 2012, 1, 105),
(817, 100, 2, 2012, 1, 106),
(818, 100, 3, 2012, 1, 106),
(819, 100, 4, 2012, 1, 106),
(820, 100, 5, 2012, 1, 106),
(821, 100, 6, 2012, 1, 106),
(822, 100, 7, 2012, 1, 106),
(823, 100, 8, 2012, 1, 106),
(824, 100, 9, 2012, 1, 106),
(825, 100, 10, 2012, 1, 106),
(826, 100, 11, 2012, 1, 106),
(827, 100, 12, 2012, 1, 106),
(828, 100, 13, 2012, 1, 106),
(829, 100, 14, 2012, 1, 106),
(830, 100, 15, 2012, 1, 106),
(831, 100, 16, 2012, 1, 106),
(832, 100, 17, 2012, 1, 106),
(833, 100, 18, 2012, 1, 106),
(834, 100, 19, 2012, 1, 106),
(835, 100, 20, 2012, 1, 106),
(836, 100, 21, 2012, 1, 106),
(837, 100, 22, 2012, 1, 106),
(838, 100, 23, 2012, 1, 106),
(839, 100, 24, 2012, 1, 106),
(840, 100, 25, 2012, 1, 106),
(841, 100, 26, 2012, 1, 106),
(842, 100, 27, 2012, 1, 106),
(843, 100, 28, 2012, 1, 106),
(844, 100, 29, 2012, 1, 106),
(845, 100, 30, 2012, 1, 106),
(846, 100, 31, 2012, 1, 106),
(847, 100, 32, 2012, 1, 106),
(848, 100, 35, 2012, 1, 106),
(849, 100, 3, 2012, 1, 107),
(850, 100, 4, 2012, 1, 107),
(851, 100, 5, 2012, 1, 107),
(852, 100, 6, 2012, 1, 107),
(853, 100, 7, 2012, 1, 107),
(854, 100, 8, 2012, 1, 107),
(855, 100, 9, 2012, 1, 107),
(856, 100, 10, 2012, 1, 107),
(857, 100, 11, 2012, 1, 107),
(858, 100, 12, 2012, 1, 107),
(859, 100, 13, 2012, 1, 107),
(860, 100, 14, 2012, 1, 107),
(861, 100, 15, 2012, 1, 107),
(862, 100, 16, 2012, 1, 107),
(863, 100, 17, 2012, 1, 107),
(864, 100, 18, 2012, 1, 107),
(865, 100, 19, 2012, 1, 107),
(866, 100, 20, 2012, 1, 107),
(867, 100, 21, 2012, 1, 107),
(868, 100, 22, 2012, 1, 107),
(869, 100, 23, 2012, 1, 107),
(870, 100, 24, 2012, 1, 107),
(871, 100, 25, 2012, 1, 107),
(872, 100, 26, 2012, 1, 107),
(873, 100, 27, 2012, 1, 107),
(874, 100, 28, 2012, 1, 107),
(875, 100, 29, 2012, 1, 107),
(876, 100, 30, 2012, 1, 107),
(877, 100, 31, 2012, 1, 107),
(878, 100, 32, 2012, 1, 107),
(879, 100, 33, 2012, 1, 107),
(880, 100, 34, 2012, 1, 107),
(881, 100, 35, 2012, 1, 107),
(882, 200, 2, 2012, 1, 108),
(883, 200, 3, 2012, 1, 108),
(884, 200, 4, 2012, 1, 108),
(885, 200, 5, 2012, 1, 108),
(886, 200, 6, 2012, 1, 108),
(887, 200, 7, 2012, 1, 108),
(888, 200, 8, 2012, 1, 108),
(889, 200, 9, 2012, 1, 108),
(890, 200, 10, 2012, 1, 108),
(891, 200, 11, 2012, 1, 108),
(892, 200, 12, 2012, 1, 108),
(893, 200, 13, 2012, 1, 108),
(894, 200, 14, 2012, 1, 108),
(895, 200, 15, 2012, 1, 108),
(896, 200, 16, 2012, 1, 108),
(897, 200, 17, 2012, 1, 108),
(898, 200, 18, 2012, 1, 108),
(899, 200, 19, 2012, 1, 108),
(900, 200, 20, 2012, 1, 108),
(901, 200, 21, 2012, 1, 108),
(902, 200, 22, 2012, 1, 108),
(903, 200, 23, 2012, 1, 108),
(904, 200, 24, 2012, 1, 108),
(905, 200, 25, 2012, 1, 108),
(906, 200, 26, 2012, 1, 108),
(907, 200, 27, 2012, 1, 108),
(908, 200, 28, 2012, 1, 108),
(909, 200, 29, 2012, 1, 108),
(910, 200, 30, 2012, 1, 108),
(911, 200, 31, 2012, 1, 108),
(912, 200, 32, 2012, 1, 108),
(913, 200, 33, 2012, 1, 108),
(914, 200, 34, 2012, 1, 108),
(915, 200, 35, 2012, 1, 108),
(916, 130, 9, 2012, 1, 109),
(917, 130, 10, 2012, 1, 109),
(918, 130, 11, 2012, 1, 109),
(919, 130, 20, 2012, 1, 109),
(920, 130, 22, 2012, 1, 109),
(921, 130, 23, 2012, 1, 109),
(922, 130, 24, 2012, 1, 109),
(923, 130, 25, 2012, 1, 109),
(924, 130, 26, 2012, 1, 109),
(925, 130, 28, 2012, 1, 109),
(926, 130, 29, 2012, 1, 109),
(927, 130, 30, 2012, 1, 109),
(928, 130, 31, 2012, 1, 109),
(929, 130, 32, 2012, 1, 109),
(930, 130, 33, 2012, 1, 109),
(931, 130, 34, 2012, 1, 109),
(932, 130, 35, 2012, 1, 109),
(933, 266, 3, 2012, 1, 109),
(934, 266, 4, 2012, 1, 109),
(935, 266, 5, 2012, 1, 109),
(936, 266, 6, 2012, 1, 109),
(937, 250, 2, 2012, 1, 110),
(938, 250, 3, 2012, 1, 110),
(939, 250, 4, 2012, 1, 110),
(940, 250, 5, 2012, 1, 110),
(941, 250, 6, 2012, 1, 110),
(942, 250, 7, 2012, 1, 110),
(943, 250, 8, 2012, 1, 110),
(944, 250, 9, 2012, 1, 110),
(945, 250, 10, 2012, 1, 110),
(946, 250, 11, 2012, 1, 110),
(947, 250, 12, 2012, 1, 110),
(948, 250, 13, 2012, 1, 110),
(949, 250, 14, 2012, 1, 110),
(950, 250, 15, 2012, 1, 110),
(951, 250, 16, 2012, 1, 110),
(952, 250, 17, 2012, 1, 110),
(953, 250, 18, 2012, 1, 110),
(954, 250, 19, 2012, 1, 110),
(955, 250, 20, 2012, 1, 110),
(956, 250, 21, 2012, 1, 110),
(957, 250, 22, 2012, 1, 110),
(958, 250, 23, 2012, 1, 110),
(959, 250, 24, 2012, 1, 110),
(960, 250, 25, 2012, 1, 110),
(961, 250, 26, 2012, 1, 110),
(962, 250, 27, 2012, 1, 110),
(963, 250, 28, 2012, 1, 110),
(964, 250, 29, 2012, 1, 110),
(965, 250, 30, 2012, 1, 110),
(966, 250, 31, 2012, 1, 110),
(967, 250, 33, 2012, 1, 110),
(968, 250, 34, 2012, 1, 110),
(969, 250, 35, 2012, 1, 110),
(970, 200, 2, 2012, 1, 111),
(971, 200, 3, 2012, 1, 111),
(972, 200, 4, 2012, 1, 111),
(973, 200, 5, 2012, 1, 111),
(974, 200, 6, 2012, 1, 111),
(975, 200, 7, 2012, 1, 111),
(976, 200, 8, 2012, 1, 111),
(977, 200, 9, 2012, 1, 111),
(978, 200, 10, 2012, 1, 111),
(979, 200, 11, 2012, 1, 111),
(980, 200, 12, 2012, 1, 111),
(981, 200, 13, 2012, 1, 111),
(982, 200, 14, 2012, 1, 111),
(983, 200, 15, 2012, 1, 111),
(984, 200, 16, 2012, 1, 111),
(985, 200, 17, 2012, 1, 111),
(986, 200, 18, 2012, 1, 111),
(987, 200, 19, 2012, 1, 111),
(988, 200, 20, 2012, 1, 111),
(989, 200, 21, 2012, 1, 111),
(990, 200, 22, 2012, 1, 111),
(991, 200, 23, 2012, 1, 111),
(992, 200, 24, 2012, 1, 111),
(993, 200, 25, 2012, 1, 111),
(994, 200, 26, 2012, 1, 111),
(995, 200, 27, 2012, 1, 111),
(996, 200, 28, 2012, 1, 111),
(997, 200, 29, 2012, 1, 111),
(998, 200, 30, 2012, 1, 111),
(999, 200, 31, 2012, 1, 111),
(1000, 200, 32, 2012, 1, 111),
(1001, 200, 33, 2012, 1, 111),
(1002, 200, 34, 2012, 1, 111),
(1003, 200, 35, 2012, 1, 111),
(1004, 100, 2, 2012, 1, 112),
(1005, 100, 3, 2012, 1, 112),
(1006, 100, 4, 2012, 1, 112),
(1007, 100, 5, 2012, 1, 112),
(1008, 100, 6, 2012, 1, 112),
(1009, 100, 7, 2012, 1, 112),
(1010, 100, 8, 2012, 1, 112),
(1011, 100, 9, 2012, 1, 112),
(1012, 100, 10, 2012, 1, 112),
(1013, 100, 11, 2012, 1, 112),
(1014, 100, 12, 2012, 1, 112),
(1015, 100, 13, 2012, 1, 112),
(1016, 100, 14, 2012, 1, 112),
(1017, 100, 15, 2012, 1, 112),
(1018, 100, 16, 2012, 1, 112),
(1019, 100, 17, 2012, 1, 112),
(1020, 100, 18, 2012, 1, 112),
(1021, 100, 19, 2012, 1, 112),
(1022, 100, 20, 2012, 1, 112),
(1023, 100, 21, 2012, 1, 112),
(1024, 100, 22, 2012, 1, 112),
(1025, 100, 23, 2012, 1, 112),
(1026, 100, 24, 2012, 1, 112),
(1027, 100, 25, 2012, 1, 112),
(1028, 100, 26, 2012, 1, 112),
(1029, 100, 27, 2012, 1, 112),
(1030, 100, 28, 2012, 1, 112),
(1031, 100, 29, 2012, 1, 112),
(1032, 100, 30, 2012, 1, 112),
(1033, 100, 31, 2012, 1, 112),
(1034, 100, 32, 2012, 1, 112),
(1035, 100, 33, 2012, 1, 112),
(1036, 100, 34, 2012, 1, 112),
(1037, 100, 35, 2012, 1, 112),
(1038, 150, 2, 2012, 1, 113),
(1039, 150, 3, 2012, 1, 113),
(1040, 150, 4, 2012, 1, 113),
(1041, 150, 5, 2012, 1, 113),
(1042, 150, 6, 2012, 1, 113),
(1043, 150, 7, 2012, 1, 113),
(1044, 150, 8, 2012, 1, 113),
(1045, 150, 9, 2012, 1, 113),
(1046, 150, 10, 2012, 1, 113),
(1047, 150, 11, 2012, 1, 113),
(1048, 400, 2, 2012, 1, 114),
(1049, 400, 3, 2012, 1, 114),
(1050, 400, 4, 2012, 1, 114),
(1051, 400, 5, 2012, 1, 114),
(1052, 400, 6, 2012, 1, 114),
(1053, 400, 7, 2012, 1, 114),
(1054, 400, 8, 2012, 1, 114),
(1055, 400, 9, 2012, 1, 114),
(1056, 400, 10, 2012, 1, 114),
(1057, 400, 11, 2012, 1, 114),
(1058, 400, 12, 2012, 1, 114),
(1059, 400, 13, 2012, 1, 114),
(1060, 400, 14, 2012, 1, 114),
(1061, 400, 15, 2012, 1, 114),
(1062, 400, 16, 2012, 1, 114),
(1063, 400, 17, 2012, 1, 114),
(1064, 400, 18, 2012, 1, 114),
(1065, 400, 19, 2012, 1, 114),
(1066, 400, 20, 2012, 1, 114),
(1067, 400, 21, 2012, 1, 114),
(1068, 400, 22, 2012, 1, 114),
(1069, 400, 23, 2012, 1, 114),
(1070, 400, 24, 2012, 1, 114),
(1071, 400, 25, 2012, 1, 114),
(1072, 400, 26, 2012, 1, 114),
(1073, 400, 27, 2012, 1, 114),
(1074, 400, 28, 2012, 1, 114),
(1075, 400, 29, 2012, 1, 114),
(1076, 400, 30, 2012, 1, 114),
(1077, 400, 31, 2012, 1, 114),
(1078, 400, 33, 2012, 1, 114),
(1079, 400, 34, 2012, 1, 114),
(1080, 400, 35, 2012, 1, 114),
(1081, 100, 10, 2012, 1, 115),
(1082, 100, 11, 2012, 1, 115),
(1083, 100, 12, 2012, 1, 115),
(1084, 100, 13, 2012, 1, 115),
(1085, 100, 14, 2012, 1, 115),
(1086, 100, 17, 2012, 1, 115),
(1087, 100, 18, 2012, 1, 115),
(1088, 100, 19, 2012, 1, 115),
(1089, 100, 20, 2012, 1, 115),
(1090, 100, 21, 2012, 1, 115),
(1091, 100, 22, 2012, 1, 115),
(1092, 100, 23, 2012, 1, 115),
(1093, 100, 24, 2012, 1, 115),
(1094, 100, 25, 2012, 1, 115),
(1095, 100, 26, 2012, 1, 115),
(1096, 100, 27, 2012, 1, 115),
(1097, 100, 28, 2012, 1, 115),
(1098, 100, 29, 2012, 1, 115),
(1099, 100, 30, 2012, 1, 115),
(1100, 100, 31, 2012, 1, 115),
(1101, 100, 32, 2012, 1, 115),
(1102, 250, 2, 2012, 1, 116),
(1103, 250, 3, 2012, 1, 116),
(1104, 250, 4, 2012, 1, 116),
(1105, 250, 5, 2012, 1, 116),
(1106, 250, 6, 2012, 1, 116),
(1107, 250, 7, 2012, 1, 116),
(1108, 250, 8, 2012, 1, 116),
(1109, 250, 9, 2012, 1, 116),
(1110, 250, 10, 2012, 1, 116),
(1111, 250, 11, 2012, 1, 116),
(1112, 250, 12, 2012, 1, 116),
(1113, 250, 13, 2012, 1, 116),
(1114, 250, 14, 2012, 1, 116),
(1115, 250, 15, 2012, 1, 116),
(1116, 250, 16, 2012, 1, 116),
(1117, 250, 17, 2012, 1, 116),
(1118, 250, 18, 2012, 1, 116),
(1119, 250, 19, 2012, 1, 116),
(1120, 250, 20, 2012, 1, 116),
(1121, 250, 21, 2012, 1, 116),
(1122, 250, 22, 2012, 1, 116),
(1123, 250, 23, 2012, 1, 116),
(1124, 250, 24, 2012, 1, 116),
(1125, 250, 25, 2012, 1, 116),
(1126, 250, 26, 2012, 1, 116),
(1127, 250, 27, 2012, 1, 116),
(1128, 250, 28, 2012, 1, 116),
(1129, 250, 29, 2012, 1, 116),
(1130, 250, 30, 2012, 1, 116),
(1131, 250, 34, 2012, 1, 116),
(1132, 250, 35, 2012, 1, 116),
(1133, 100, 2, 2012, 1, 117),
(1134, 100, 3, 2012, 1, 117),
(1135, 100, 4, 2012, 1, 117),
(1136, 100, 5, 2012, 1, 117),
(1137, 100, 6, 2012, 1, 117),
(1138, 100, 7, 2012, 1, 117),
(1139, 100, 8, 2012, 1, 117),
(1140, 100, 9, 2012, 1, 117),
(1141, 100, 10, 2012, 1, 117),
(1142, 100, 11, 2012, 1, 117),
(1143, 100, 12, 2012, 1, 117),
(1144, 100, 13, 2012, 1, 117),
(1145, 100, 14, 2012, 1, 117),
(1146, 100, 15, 2012, 1, 117),
(1147, 100, 16, 2012, 1, 117),
(1148, 100, 17, 2012, 1, 117),
(1149, 100, 18, 2012, 1, 117),
(1150, 100, 19, 2012, 1, 117),
(1151, 100, 20, 2012, 1, 117),
(1152, 100, 21, 2012, 1, 117),
(1153, 100, 22, 2012, 1, 117),
(1154, 100, 23, 2012, 1, 117),
(1155, 100, 24, 2012, 1, 117),
(1156, 100, 25, 2012, 1, 117),
(1157, 100, 26, 2012, 1, 117),
(1158, 100, 27, 2012, 1, 117),
(1159, 100, 28, 2012, 1, 117),
(1160, 100, 29, 2012, 1, 117),
(1161, 100, 30, 2012, 1, 117),
(1162, 100, 31, 2012, 1, 117),
(1163, 100, 32, 2012, 1, 117),
(1164, 100, 33, 2012, 1, 117),
(1165, 100, 34, 2012, 1, 117),
(1166, 100, 35, 2012, 1, 117),
(1167, 100, 2, 2012, 1, 118),
(1168, 100, 3, 2012, 1, 118),
(1169, 100, 4, 2012, 1, 118),
(1170, 100, 5, 2012, 1, 118),
(1171, 100, 6, 2012, 1, 118),
(1172, 100, 7, 2012, 1, 118),
(1173, 100, 8, 2012, 1, 118),
(1174, 100, 9, 2012, 1, 118),
(1175, 100, 10, 2012, 1, 118),
(1176, 100, 11, 2012, 1, 118),
(1177, 100, 12, 2012, 1, 118),
(1178, 100, 13, 2012, 1, 118),
(1179, 100, 14, 2012, 1, 118),
(1180, 100, 15, 2012, 1, 118),
(1181, 100, 18, 2012, 1, 118),
(1182, 100, 19, 2012, 1, 118),
(1183, 100, 20, 2012, 1, 118),
(1184, 100, 21, 2012, 1, 118),
(1185, 100, 22, 2012, 1, 118),
(1186, 100, 23, 2012, 1, 118),
(1187, 250, 8, 2012, 1, 119),
(1188, 250, 9, 2012, 1, 119),
(1189, 250, 10, 2012, 1, 119),
(1190, 250, 11, 2012, 1, 119),
(1191, 250, 12, 2012, 1, 119),
(1192, 250, 13, 2012, 1, 119),
(1193, 250, 16, 2012, 1, 119),
(1194, 250, 17, 2012, 1, 119),
(1195, 250, 19, 2012, 1, 119),
(1196, 250, 2, 2012, 1, 120),
(1197, 250, 3, 2012, 1, 120),
(1198, 250, 4, 2012, 1, 120),
(1199, 250, 5, 2012, 1, 120),
(1200, 250, 6, 2012, 1, 120),
(1201, 250, 7, 2012, 1, 120),
(1202, 250, 8, 2012, 1, 120),
(1203, 250, 9, 2012, 1, 120),
(1204, 250, 10, 2012, 1, 120),
(1205, 250, 11, 2012, 1, 120),
(1206, 250, 12, 2012, 1, 120),
(1207, 250, 13, 2012, 1, 120),
(1208, 250, 14, 2012, 1, 120),
(1209, 250, 15, 2012, 1, 120),
(1210, 250, 16, 2012, 1, 120),
(1211, 250, 17, 2012, 1, 120),
(1212, 250, 18, 2012, 1, 120),
(1213, 250, 19, 2012, 1, 120),
(1214, 250, 20, 2012, 1, 120),
(1215, 250, 21, 2012, 1, 120),
(1216, 250, 23, 2012, 1, 120),
(1217, 250, 24, 2012, 1, 120),
(1218, 250, 25, 2012, 1, 120),
(1219, 250, 26, 2012, 1, 120),
(1220, 250, 27, 2012, 1, 120),
(1221, 250, 28, 2012, 1, 120),
(1222, 250, 29, 2012, 1, 120),
(1223, 250, 30, 2012, 1, 120),
(1224, 250, 31, 2012, 1, 120),
(1225, 250, 32, 2012, 1, 120),
(1226, 250, 33, 2012, 1, 120),
(1227, 250, 34, 2012, 1, 120),
(1228, 250, 35, 2012, 1, 120),
(1229, 200, 2, 2012, 1, 121),
(1230, 200, 3, 2012, 1, 121),
(1231, 200, 4, 2012, 1, 121),
(1232, 200, 5, 2012, 1, 121),
(1233, 200, 6, 2012, 1, 121),
(1234, 200, 7, 2012, 1, 121),
(1235, 200, 8, 2012, 1, 121),
(1236, 200, 9, 2012, 1, 121),
(1237, 200, 10, 2012, 1, 121),
(1238, 200, 11, 2012, 1, 121),
(1239, 200, 12, 2012, 1, 121),
(1240, 200, 13, 2012, 1, 121),
(1241, 200, 14, 2012, 1, 121),
(1242, 200, 15, 2012, 1, 121),
(1243, 200, 16, 2012, 1, 121),
(1244, 200, 17, 2012, 1, 121),
(1245, 200, 18, 2012, 1, 121),
(1246, 200, 19, 2012, 1, 121),
(1247, 200, 20, 2012, 1, 121),
(1248, 200, 21, 2012, 1, 121),
(1249, 200, 22, 2012, 1, 121),
(1250, 200, 23, 2012, 1, 121),
(1251, 200, 24, 2012, 1, 121),
(1252, 200, 25, 2012, 1, 121),
(1253, 200, 26, 2012, 1, 121),
(1254, 200, 27, 2012, 1, 121),
(1255, 200, 28, 2012, 1, 121),
(1256, 200, 29, 2012, 1, 121),
(1257, 200, 30, 2012, 1, 121),
(1258, 200, 31, 2012, 1, 121),
(1259, 200, 32, 2012, 1, 121),
(1260, 200, 33, 2012, 1, 121),
(1261, 200, 34, 2012, 1, 121),
(1262, 200, 35, 2012, 1, 121),
(1263, 200, 8, 2012, 1, 122),
(1264, 200, 9, 2012, 1, 122),
(1265, 200, 10, 2012, 1, 122),
(1266, 200, 11, 2012, 1, 122),
(1267, 200, 12, 2012, 1, 122),
(1268, 200, 13, 2012, 1, 122),
(1269, 200, 14, 2012, 1, 122),
(1270, 200, 15, 2012, 1, 122),
(1271, 200, 16, 2012, 1, 122),
(1272, 200, 17, 2012, 1, 122),
(1273, 200, 18, 2012, 1, 122),
(1274, 200, 19, 2012, 1, 122),
(1275, 200, 20, 2012, 1, 122),
(1276, 200, 21, 2012, 1, 122),
(1277, 200, 22, 2012, 1, 122),
(1278, 200, 23, 2012, 1, 122),
(1279, 200, 24, 2012, 1, 122),
(1280, 200, 25, 2012, 1, 122),
(1281, 200, 26, 2012, 1, 122),
(1282, 200, 27, 2012, 1, 122),
(1283, 200, 28, 2012, 1, 122),
(1284, 200, 29, 2012, 1, 122),
(1285, 200, 30, 2012, 1, 122),
(1286, 200, 31, 2012, 1, 122),
(1287, 200, 32, 2012, 1, 122),
(1288, 200, 33, 2012, 1, 122),
(1289, 200, 34, 2012, 1, 122),
(1290, 200, 35, 2012, 1, 122),
(1291, 200, 2, 2012, 1, 123),
(1292, 200, 3, 2012, 1, 123),
(1293, 200, 4, 2012, 1, 123),
(1294, 200, 5, 2012, 1, 123),
(1295, 200, 6, 2012, 1, 123),
(1296, 200, 7, 2012, 1, 123),
(1297, 200, 8, 2012, 1, 123),
(1298, 200, 9, 2012, 1, 123),
(1299, 200, 10, 2012, 1, 123),
(1300, 200, 11, 2012, 1, 123),
(1301, 200, 12, 2012, 1, 123),
(1302, 200, 13, 2012, 1, 123),
(1303, 200, 14, 2012, 1, 123),
(1304, 200, 15, 2012, 1, 123),
(1305, 200, 16, 2012, 1, 123),
(1306, 200, 17, 2012, 1, 123),
(1307, 200, 18, 2012, 1, 123),
(1308, 200, 19, 2012, 1, 123),
(1309, 200, 20, 2012, 1, 123),
(1310, 200, 21, 2012, 1, 123),
(1311, 200, 22, 2012, 1, 123),
(1312, 200, 23, 2012, 1, 123),
(1313, 200, 24, 2012, 1, 123),
(1314, 200, 25, 2012, 1, 123),
(1315, 200, 27, 2012, 1, 123),
(1316, 200, 28, 2012, 1, 123),
(1317, 300, 2, 2012, 1, 124),
(1318, 300, 3, 2012, 1, 124),
(1319, 300, 4, 2012, 1, 124),
(1320, 300, 5, 2012, 1, 124),
(1321, 300, 6, 2012, 1, 124),
(1322, 300, 7, 2012, 1, 124),
(1323, 300, 8, 2012, 1, 124),
(1324, 300, 9, 2012, 1, 124),
(1325, 300, 10, 2012, 1, 124),
(1326, 300, 11, 2012, 1, 124),
(1327, 300, 12, 2012, 1, 124),
(1328, 300, 13, 2012, 1, 124),
(1329, 300, 14, 2012, 1, 124),
(1330, 300, 15, 2012, 1, 124),
(1331, 300, 16, 2012, 1, 124),
(1332, 300, 17, 2012, 1, 124),
(1333, 300, 19, 2012, 1, 124),
(1334, 300, 20, 2012, 1, 124),
(1335, 300, 21, 2012, 1, 124),
(1336, 300, 22, 2012, 1, 124),
(1337, 300, 23, 2012, 1, 124),
(1338, 300, 24, 2012, 1, 124),
(1339, 300, 27, 2012, 1, 124),
(1340, 300, 28, 2012, 1, 124),
(1341, 300, 29, 2012, 1, 124),
(1342, 300, 30, 2012, 1, 124),
(1343, 300, 31, 2012, 1, 124),
(1344, 300, 32, 2012, 1, 124),
(1345, 300, 34, 2012, 1, 124),
(1346, 300, 35, 2012, 1, 124),
(1347, 150, 2, 2012, 1, 125),
(1348, 150, 3, 2012, 1, 125),
(1349, 150, 4, 2012, 1, 125),
(1350, 150, 5, 2012, 1, 125),
(1351, 150, 6, 2012, 1, 125),
(1352, 150, 7, 2012, 1, 125),
(1353, 150, 8, 2012, 1, 125),
(1354, 150, 9, 2012, 1, 125),
(1355, 150, 10, 2012, 1, 125),
(1356, 150, 11, 2012, 1, 125),
(1357, 200, 2, 2012, 1, 126),
(1358, 200, 3, 2012, 1, 126),
(1359, 200, 4, 2012, 1, 126),
(1360, 200, 5, 2012, 1, 126),
(1361, 200, 6, 2012, 1, 126),
(1362, 200, 7, 2012, 1, 126),
(1363, 200, 8, 2012, 1, 126),
(1364, 200, 9, 2012, 1, 126),
(1365, 200, 10, 2012, 1, 126),
(1366, 200, 11, 2012, 1, 126),
(1367, 200, 12, 2012, 1, 126),
(1368, 200, 13, 2012, 1, 126),
(1369, 200, 14, 2012, 1, 126),
(1370, 200, 15, 2012, 1, 126),
(1371, 200, 16, 2012, 1, 126),
(1372, 200, 17, 2012, 1, 126),
(1373, 200, 18, 2012, 1, 126),
(1374, 200, 19, 2012, 1, 126),
(1375, 200, 20, 2012, 1, 126),
(1376, 200, 21, 2012, 1, 126),
(1377, 200, 22, 2012, 1, 126),
(1378, 200, 23, 2012, 1, 126),
(1379, 200, 24, 2012, 1, 126),
(1380, 200, 25, 2012, 1, 126),
(1381, 200, 26, 2012, 1, 126),
(1382, 200, 27, 2012, 1, 126),
(1383, 200, 28, 2012, 1, 126),
(1384, 200, 29, 2012, 1, 126),
(1385, 200, 30, 2012, 1, 126),
(1386, 200, 31, 2012, 1, 126),
(1387, 200, 32, 2012, 1, 126),
(1388, 200, 33, 2012, 1, 126),
(1389, 200, 34, 2012, 1, 126),
(1390, 200, 35, 2012, 1, 126),
(1391, 300, 2, 2012, 1, 127),
(1392, 300, 3, 2012, 1, 127),
(1393, 300, 4, 2012, 1, 127),
(1394, 300, 5, 2012, 1, 127),
(1395, 300, 6, 2012, 1, 127),
(1396, 300, 7, 2012, 1, 127),
(1397, 300, 8, 2012, 1, 127),
(1398, 300, 9, 2012, 1, 127),
(1399, 300, 10, 2012, 1, 127),
(1400, 300, 11, 2012, 1, 127),
(1401, 300, 12, 2012, 1, 127),
(1402, 300, 13, 2012, 1, 127),
(1403, 300, 14, 2012, 1, 127),
(1404, 300, 15, 2012, 1, 127),
(1405, 300, 16, 2012, 1, 127),
(1406, 300, 17, 2012, 1, 127),
(1407, 300, 18, 2012, 1, 127),
(1408, 300, 19, 2012, 1, 127),
(1409, 300, 20, 2012, 1, 127),
(1410, 300, 21, 2012, 1, 127),
(1411, 300, 22, 2012, 1, 127),
(1412, 300, 23, 2012, 1, 127),
(1413, 300, 24, 2012, 1, 127),
(1414, 300, 25, 2012, 1, 127),
(1415, 300, 26, 2012, 1, 127),
(1416, 300, 27, 2012, 1, 127),
(1417, 300, 28, 2012, 1, 127),
(1418, 300, 29, 2012, 1, 127),
(1419, 300, 30, 2012, 1, 127),
(1420, 300, 31, 2012, 1, 127),
(1421, 300, 32, 2012, 1, 127),
(1422, 300, 33, 2012, 1, 127),
(1423, 300, 34, 2012, 1, 127),
(1424, 300, 35, 2012, 1, 127),
(1425, 200, 5, 2012, 1, 128),
(1426, 200, 6, 2012, 1, 128),
(1427, 200, 7, 2012, 1, 128),
(1428, 200, 8, 2012, 1, 128),
(1429, 200, 11, 2012, 1, 128),
(1430, 200, 12, 2012, 1, 128),
(1431, 200, 13, 2012, 1, 128),
(1432, 200, 14, 2012, 1, 128),
(1433, 200, 15, 2012, 1, 128),
(1434, 200, 16, 2012, 1, 128),
(1435, 200, 17, 2012, 1, 128),
(1436, 200, 18, 2012, 1, 128),
(1437, 200, 19, 2012, 1, 128),
(1438, 200, 20, 2012, 1, 128),
(1439, 200, 21, 2012, 1, 128),
(1440, 200, 24, 2012, 1, 128),
(1441, 200, 25, 2012, 1, 128),
(1442, 200, 26, 2012, 1, 128),
(1443, 200, 27, 2012, 1, 128),
(1444, 200, 28, 2012, 1, 128),
(1445, 200, 29, 2012, 1, 128),
(1446, 200, 30, 2012, 1, 128),
(1447, 200, 31, 2012, 1, 128),
(1448, 200, 32, 2012, 1, 128),
(1449, 200, 33, 2012, 1, 128),
(1450, 200, 34, 2012, 1, 128),
(1451, 200, 35, 2012, 1, 128),
(1452, 100, 5, 2012, 1, 129),
(1453, 100, 6, 2012, 1, 129),
(1454, 100, 7, 2012, 1, 129),
(1455, 100, 8, 2012, 1, 129),
(1456, 100, 9, 2012, 1, 129),
(1457, 100, 10, 2012, 1, 129),
(1458, 100, 11, 2012, 1, 129),
(1459, 100, 12, 2012, 1, 129),
(1460, 100, 13, 2012, 1, 129),
(1461, 100, 14, 2012, 1, 129),
(1462, 100, 15, 2012, 1, 129),
(1463, 100, 16, 2012, 1, 129),
(1464, 100, 17, 2012, 1, 129),
(1465, 100, 18, 2012, 1, 129),
(1466, 100, 19, 2012, 1, 129),
(1467, 100, 20, 2012, 1, 129),
(1468, 100, 21, 2012, 1, 129),
(1469, 100, 22, 2012, 1, 129),
(1470, 100, 23, 2012, 1, 129),
(1471, 100, 24, 2012, 1, 129),
(1472, 100, 25, 2012, 1, 129),
(1473, 100, 26, 2012, 1, 129),
(1474, 100, 27, 2012, 1, 129),
(1475, 100, 28, 2012, 1, 129),
(1476, 100, 29, 2012, 1, 129),
(1477, 100, 30, 2012, 1, 129),
(1478, 100, 31, 2012, 1, 129),
(1479, 100, 32, 2012, 1, 129),
(1480, 100, 33, 2012, 1, 129),
(1481, 100, 34, 2012, 1, 129),
(1482, 100, 35, 2012, 1, 129),
(1483, 200, 2, 2012, 1, 129),
(1484, 200, 3, 2012, 1, 129),
(1485, 200, 4, 2012, 1, 129),
(1486, 450, 2, 2012, 1, 130),
(1487, 450, 3, 2012, 1, 130),
(1488, 450, 4, 2012, 1, 130),
(1489, 450, 5, 2012, 1, 130),
(1490, 450, 6, 2012, 1, 130),
(1491, 450, 7, 2012, 1, 130),
(1492, 450, 8, 2012, 1, 130),
(1493, 450, 9, 2012, 1, 130),
(1494, 450, 10, 2012, 1, 130),
(1495, 450, 11, 2012, 1, 130),
(1496, 450, 12, 2012, 1, 130),
(1497, 450, 13, 2012, 1, 130),
(1498, 450, 14, 2012, 1, 130),
(1499, 450, 15, 2012, 1, 130),
(1500, 450, 16, 2012, 1, 130),
(1501, 450, 17, 2012, 1, 130),
(1502, 450, 18, 2012, 1, 130),
(1503, 450, 19, 2012, 1, 130),
(1504, 450, 20, 2012, 1, 130),
(1505, 450, 21, 2012, 1, 130),
(1506, 450, 22, 2012, 1, 130),
(1507, 450, 23, 2012, 1, 130),
(1508, 450, 24, 2012, 1, 130),
(1509, 450, 25, 2012, 1, 130),
(1510, 450, 26, 2012, 1, 130),
(1511, 450, 27, 2012, 1, 130),
(1512, 450, 28, 2012, 1, 130),
(1513, 450, 29, 2012, 1, 130),
(1514, 450, 30, 2012, 1, 130),
(1515, 450, 31, 2012, 1, 130),
(1516, 450, 32, 2012, 1, 130),
(1517, 450, 33, 2012, 1, 130),
(1518, 450, 34, 2012, 1, 130),
(1519, 450, 35, 2012, 1, 130),
(1520, 100, 2, 2012, 1, 131),
(1521, 100, 3, 2012, 1, 131),
(1522, 100, 4, 2012, 1, 131),
(1523, 100, 5, 2012, 1, 131),
(1524, 100, 6, 2012, 1, 131),
(1525, 100, 7, 2012, 1, 131),
(1526, 100, 8, 2012, 1, 131),
(1527, 100, 9, 2012, 1, 131),
(1528, 100, 10, 2012, 1, 131),
(1529, 100, 11, 2012, 1, 131),
(1530, 100, 12, 2012, 1, 131),
(1531, 100, 13, 2012, 1, 131),
(1532, 100, 14, 2012, 1, 131),
(1533, 100, 15, 2012, 1, 131),
(1534, 100, 16, 2012, 1, 131),
(1535, 100, 17, 2012, 1, 131),
(1536, 100, 18, 2012, 1, 131),
(1537, 100, 19, 2012, 1, 131),
(1538, 100, 20, 2012, 1, 131),
(1539, 100, 21, 2012, 1, 131),
(1540, 100, 22, 2012, 1, 131),
(1541, 100, 23, 2012, 1, 131),
(1542, 100, 24, 2012, 1, 131),
(1543, 100, 25, 2012, 1, 131),
(1544, 100, 26, 2012, 1, 131),
(1545, 100, 27, 2012, 1, 131),
(1546, 100, 28, 2012, 1, 131),
(1547, 100, 29, 2012, 1, 131),
(1548, 100, 30, 2012, 1, 131),
(1549, 100, 31, 2012, 1, 131),
(1550, 100, 32, 2012, 1, 131),
(1551, 100, 33, 2012, 1, 131),
(1552, 100, 34, 2012, 1, 131),
(1553, 100, 35, 2012, 1, 131),
(1554, 350, 2, 2012, 1, 132),
(1555, 350, 3, 2012, 1, 132),
(1556, 350, 4, 2012, 1, 132),
(1557, 350, 5, 2012, 1, 132),
(1558, 350, 6, 2012, 1, 132),
(1559, 350, 7, 2012, 1, 132),
(1560, 350, 8, 2012, 1, 132),
(1561, 350, 9, 2012, 1, 132),
(1562, 350, 10, 2012, 1, 132),
(1563, 350, 11, 2012, 1, 132),
(1564, 350, 12, 2012, 1, 132),
(1565, 350, 13, 2012, 1, 132),
(1566, 350, 14, 2012, 1, 132),
(1567, 350, 15, 2012, 1, 132),
(1568, 350, 16, 2012, 1, 132),
(1569, 350, 17, 2012, 1, 132),
(1570, 350, 18, 2012, 1, 132),
(1571, 350, 19, 2012, 1, 132),
(1572, 350, 20, 2012, 1, 132),
(1573, 350, 21, 2012, 1, 132),
(1574, 350, 22, 2012, 1, 132),
(1575, 350, 23, 2012, 1, 132),
(1576, 350, 24, 2012, 1, 132),
(1577, 350, 25, 2012, 1, 132),
(1578, 350, 26, 2012, 1, 132),
(1579, 350, 27, 2012, 1, 132),
(1580, 350, 28, 2012, 1, 132),
(1581, 350, 29, 2012, 1, 132),
(1582, 350, 30, 2012, 1, 132),
(1583, 350, 31, 2012, 1, 132),
(1584, 350, 32, 2012, 1, 132),
(1585, 350, 33, 2012, 1, 132),
(1586, 350, 34, 2012, 1, 132),
(1587, 350, 35, 2012, 1, 132),
(1588, 500, 2, 2012, 1, 133),
(1589, 500, 3, 2012, 1, 133),
(1590, 500, 4, 2012, 1, 133),
(1591, 500, 5, 2012, 1, 133),
(1592, 500, 6, 2012, 1, 133),
(1593, 500, 7, 2012, 1, 133),
(1594, 500, 8, 2012, 1, 133),
(1595, 500, 9, 2012, 1, 133),
(1596, 500, 10, 2012, 1, 133),
(1597, 500, 11, 2012, 1, 133),
(1598, 500, 12, 2012, 1, 133),
(1599, 300, 2, 2012, 1, 134),
(1600, 300, 3, 2012, 1, 134),
(1601, 300, 4, 2012, 1, 134),
(1602, 300, 5, 2012, 1, 134),
(1603, 300, 6, 2012, 1, 134),
(1604, 300, 7, 2012, 1, 134),
(1605, 300, 8, 2012, 1, 134),
(1606, 300, 9, 2012, 1, 134),
(1607, 300, 10, 2012, 1, 134),
(1608, 300, 11, 2012, 1, 134),
(1609, 300, 12, 2012, 1, 134),
(1610, 300, 13, 2012, 1, 134),
(1611, 300, 14, 2012, 1, 134),
(1612, 300, 15, 2012, 1, 134),
(1613, 300, 16, 2012, 1, 134),
(1614, 300, 17, 2012, 1, 134),
(1615, 300, 18, 2012, 1, 134),
(1616, 300, 19, 2012, 1, 134),
(1617, 300, 20, 2012, 1, 134),
(1618, 300, 21, 2012, 1, 134),
(1619, 300, 22, 2012, 1, 134),
(1620, 300, 23, 2012, 1, 134),
(1621, 300, 24, 2012, 1, 134),
(1622, 300, 25, 2012, 1, 134),
(1623, 300, 26, 2012, 1, 134),
(1624, 300, 27, 2012, 1, 134),
(1625, 300, 28, 2012, 1, 134),
(1626, 300, 29, 2012, 1, 134),
(1627, 300, 30, 2012, 1, 134),
(1628, 300, 31, 2012, 1, 134),
(1629, 300, 32, 2012, 1, 134),
(1630, 300, 33, 2012, 1, 134),
(1631, 300, 34, 2012, 1, 134),
(1632, 300, 35, 2012, 1, 134),
(1633, 300, 2, 2012, 1, 135),
(1634, 300, 3, 2012, 1, 135),
(1635, 300, 4, 2012, 1, 135),
(1636, 300, 5, 2012, 1, 135),
(1637, 300, 6, 2012, 1, 135),
(1638, 300, 7, 2012, 1, 135),
(1639, 300, 8, 2012, 1, 135),
(1640, 300, 9, 2012, 1, 135),
(1641, 300, 10, 2012, 1, 135),
(1642, 300, 11, 2012, 1, 135),
(1643, 300, 12, 2012, 1, 135),
(1644, 300, 13, 2012, 1, 135),
(1645, 300, 14, 2012, 1, 135),
(1646, 300, 15, 2012, 1, 135),
(1647, 300, 16, 2012, 1, 135),
(1648, 300, 17, 2012, 1, 135),
(1649, 300, 18, 2012, 1, 135),
(1650, 300, 19, 2012, 1, 135),
(1651, 300, 20, 2012, 1, 135),
(1652, 300, 21, 2012, 1, 135),
(1653, 300, 22, 2012, 1, 135),
(1654, 300, 23, 2012, 1, 135),
(1655, 300, 24, 2012, 1, 135),
(1656, 300, 25, 2012, 1, 135),
(1657, 300, 26, 2012, 1, 135),
(1658, 300, 27, 2012, 1, 135),
(1659, 300, 28, 2012, 1, 135),
(1660, 300, 29, 2012, 1, 135),
(1661, 300, 30, 2012, 1, 135),
(1662, 300, 31, 2012, 1, 135),
(1663, 300, 32, 2012, 1, 135),
(1664, 300, 33, 2012, 1, 135),
(1665, 300, 34, 2012, 1, 135),
(1666, 300, 35, 2012, 1, 135),
(1667, 200, 2, 2012, 1, 136),
(1668, 200, 3, 2012, 1, 136),
(1669, 200, 4, 2012, 1, 136),
(1670, 200, 5, 2012, 1, 136),
(1671, 200, 6, 2012, 1, 136),
(1672, 200, 7, 2012, 1, 136),
(1673, 500, 2, 2012, 1, 137),
(1674, 500, 3, 2012, 1, 137),
(1675, 500, 4, 2012, 1, 137),
(1676, 500, 5, 2012, 1, 137),
(1677, 500, 6, 2012, 1, 137),
(1678, 500, 7, 2012, 1, 137),
(1679, 500, 8, 2012, 1, 137),
(1680, 500, 9, 2012, 1, 137),
(1681, 500, 10, 2012, 1, 137),
(1682, 500, 11, 2012, 1, 137),
(1683, 500, 12, 2012, 1, 137),
(1684, 500, 13, 2012, 1, 137),
(1685, 500, 14, 2012, 1, 137),
(1686, 500, 15, 2012, 1, 137),
(1687, 500, 16, 2012, 1, 137),
(1688, 500, 17, 2012, 1, 137),
(1689, 500, 18, 2012, 1, 137),
(1690, 500, 19, 2012, 1, 137),
(1691, 500, 20, 2012, 1, 137),
(1692, 500, 21, 2012, 1, 137),
(1693, 500, 22, 2012, 1, 137),
(1694, 500, 23, 2012, 1, 137),
(1695, 500, 24, 2012, 1, 137),
(1696, 500, 25, 2012, 1, 137),
(1697, 500, 26, 2012, 1, 137),
(1698, 500, 27, 2012, 1, 137),
(1699, 500, 28, 2012, 1, 137),
(1700, 500, 29, 2012, 1, 137),
(1701, 500, 30, 2012, 1, 137),
(1702, 500, 31, 2012, 1, 137),
(1703, 500, 32, 2012, 1, 137),
(1704, 500, 33, 2012, 1, 137),
(1705, 500, 34, 2012, 1, 137),
(1706, 100, 2, 2012, 1, 138),
(1707, 100, 3, 2012, 1, 138),
(1708, 100, 4, 2012, 1, 138),
(1709, 100, 5, 2012, 1, 138),
(1710, 100, 6, 2012, 1, 138),
(1711, 100, 7, 2012, 1, 138),
(1712, 100, 8, 2012, 1, 138),
(1713, 100, 9, 2012, 1, 138),
(1714, 100, 10, 2012, 1, 138),
(1715, 100, 11, 2012, 1, 138),
(1716, 100, 12, 2012, 1, 138),
(1717, 100, 13, 2012, 1, 138),
(1718, 100, 14, 2012, 1, 138),
(1719, 100, 15, 2012, 1, 138),
(1720, 100, 16, 2012, 1, 138),
(1721, 100, 17, 2012, 1, 138),
(1722, 100, 18, 2012, 1, 138),
(1723, 100, 19, 2012, 1, 138),
(1724, 100, 20, 2012, 1, 138),
(1725, 100, 21, 2012, 1, 138),
(1726, 100, 22, 2012, 1, 138),
(1727, 100, 23, 2012, 1, 138),
(1728, 100, 24, 2012, 1, 138),
(1729, 100, 25, 2012, 1, 138),
(1730, 100, 26, 2012, 1, 138),
(1731, 100, 27, 2012, 1, 138),
(1732, 100, 28, 2012, 1, 138),
(1733, 100, 29, 2012, 1, 138),
(1734, 100, 30, 2012, 1, 138),
(1735, 100, 31, 2012, 1, 138),
(1736, 100, 32, 2012, 1, 138),
(1737, 100, 33, 2012, 1, 138),
(1738, 100, 34, 2012, 1, 138),
(1739, 100, 35, 2012, 1, 138),
(1740, 100, 3, 2012, 1, 139),
(1741, 100, 4, 2012, 1, 139),
(1742, 150, 2, 2012, 1, 140),
(1743, 150, 3, 2012, 1, 140),
(1744, 150, 4, 2012, 1, 140),
(1745, 150, 5, 2012, 1, 140),
(1746, 150, 6, 2012, 1, 140),
(1747, 150, 7, 2012, 1, 140),
(1748, 150, 8, 2012, 1, 140),
(1749, 150, 9, 2012, 1, 140),
(1750, 150, 10, 2012, 1, 140),
(1751, 150, 11, 2012, 1, 140),
(1752, 150, 12, 2012, 1, 140),
(1753, 150, 13, 2012, 1, 140),
(1754, 150, 14, 2012, 1, 140),
(1755, 150, 15, 2012, 1, 140),
(1756, 150, 16, 2012, 1, 140),
(1757, 150, 17, 2012, 1, 140),
(1758, 150, 18, 2012, 1, 140),
(1759, 150, 19, 2012, 1, 140),
(1760, 150, 20, 2012, 1, 140),
(1761, 150, 21, 2012, 1, 140),
(1762, 150, 22, 2012, 1, 140),
(1763, 150, 23, 2012, 1, 140),
(1764, 150, 24, 2012, 1, 140),
(1765, 150, 25, 2012, 1, 140),
(1766, 150, 26, 2012, 1, 140),
(1767, 150, 27, 2012, 1, 140),
(1768, 150, 28, 2012, 1, 140),
(1769, 150, 29, 2012, 1, 140),
(1770, 150, 30, 2012, 1, 140),
(1771, 150, 31, 2012, 1, 140),
(1772, 150, 32, 2012, 1, 140),
(1773, 150, 33, 2012, 1, 140),
(1774, 150, 34, 2012, 1, 140),
(1775, 150, 35, 2012, 1, 140),
(1776, 500, 2, 2012, 1, 141),
(1777, 500, 3, 2012, 1, 141),
(1778, 500, 4, 2012, 1, 141),
(1779, 500, 5, 2012, 1, 141),
(1780, 500, 6, 2012, 1, 141),
(1781, 500, 7, 2012, 1, 141),
(1782, 500, 8, 2012, 1, 141),
(1783, 500, 9, 2012, 1, 141),
(1784, 200, 2, 2012, 1, 142),
(1785, 200, 3, 2012, 1, 142),
(1786, 200, 4, 2012, 1, 142),
(1787, 200, 5, 2012, 1, 142),
(1788, 200, 6, 2012, 1, 142),
(1789, 200, 7, 2012, 1, 142),
(1790, 200, 8, 2012, 1, 142),
(1791, 200, 9, 2012, 1, 142),
(1792, 200, 10, 2012, 1, 142),
(1793, 200, 11, 2012, 1, 142),
(1794, 200, 12, 2012, 1, 142);
INSERT INTO `ahorro_registro` (`id`, `monto`, `week`, `year`, `status`, `ahorro_id`) VALUES
(1795, 200, 13, 2012, 1, 142),
(1796, 200, 14, 2012, 1, 142),
(1797, 200, 15, 2012, 1, 142),
(1798, 200, 17, 2012, 1, 142),
(1799, 200, 18, 2012, 1, 142),
(1800, 200, 19, 2012, 1, 142),
(1801, 200, 20, 2012, 1, 142),
(1802, 200, 21, 2012, 1, 142),
(1803, 200, 22, 2012, 1, 142),
(1804, 200, 23, 2012, 1, 142),
(1805, 200, 24, 2012, 1, 142),
(1806, 200, 25, 2012, 1, 142),
(1807, 200, 26, 2012, 1, 142),
(1808, 200, 27, 2012, 1, 142),
(1809, 200, 28, 2012, 1, 142),
(1810, 200, 29, 2012, 1, 142),
(1811, 200, 30, 2012, 1, 142),
(1812, 200, 31, 2012, 1, 142),
(1813, 200, 32, 2012, 1, 142),
(1814, 200, 33, 2012, 1, 142),
(1815, 200, 34, 2012, 1, 142),
(1816, 200, 35, 2012, 1, 142),
(1817, 100, 2, 2012, 1, 143),
(1818, 100, 3, 2012, 1, 143),
(1819, 100, 4, 2012, 1, 143),
(1820, 100, 5, 2012, 1, 143),
(1821, 100, 6, 2012, 1, 143),
(1822, 100, 7, 2012, 1, 143),
(1823, 100, 8, 2012, 1, 143),
(1824, 100, 9, 2012, 1, 143),
(1825, 100, 10, 2012, 1, 143),
(1826, 100, 11, 2012, 1, 143),
(1827, 100, 12, 2012, 1, 143),
(1828, 100, 13, 2012, 1, 143),
(1829, 100, 14, 2012, 1, 143),
(1830, 100, 15, 2012, 1, 143),
(1831, 100, 16, 2012, 1, 143),
(1832, 100, 17, 2012, 1, 143),
(1833, 100, 18, 2012, 1, 143),
(1834, 100, 19, 2012, 1, 143),
(1835, 100, 20, 2012, 1, 143),
(1836, 100, 21, 2012, 1, 143),
(1837, 100, 22, 2012, 1, 143),
(1838, 100, 23, 2012, 1, 143),
(1839, 100, 24, 2012, 1, 143),
(1840, 100, 25, 2012, 1, 143),
(1841, 100, 26, 2012, 1, 143),
(1842, 100, 27, 2012, 1, 143),
(1843, 100, 28, 2012, 1, 143),
(1844, 100, 29, 2012, 1, 143),
(1845, 100, 30, 2012, 1, 143),
(1846, 100, 31, 2012, 1, 143),
(1847, 100, 32, 2012, 1, 143),
(1848, 100, 33, 2012, 1, 143),
(1849, 100, 34, 2012, 1, 143),
(1850, 100, 35, 2012, 1, 143),
(1851, 100, 2, 2012, 1, 144),
(1852, 100, 3, 2012, 1, 144),
(1853, 100, 4, 2012, 1, 144),
(1854, 100, 5, 2012, 1, 144),
(1855, 100, 6, 2012, 1, 144),
(1856, 100, 7, 2012, 1, 144),
(1857, 100, 8, 2012, 1, 144),
(1858, 100, 9, 2012, 1, 144),
(1859, 100, 10, 2012, 1, 144),
(1860, 100, 11, 2012, 1, 144),
(1861, 100, 12, 2012, 1, 144),
(1862, 100, 13, 2012, 1, 144),
(1863, 100, 14, 2012, 1, 144),
(1864, 100, 15, 2012, 1, 144),
(1865, 100, 16, 2012, 1, 144),
(1866, 100, 17, 2012, 1, 144),
(1867, 100, 18, 2012, 1, 144),
(1868, 100, 19, 2012, 1, 144),
(1869, 100, 20, 2012, 1, 144),
(1870, 100, 21, 2012, 1, 144),
(1871, 100, 22, 2012, 1, 144),
(1872, 100, 23, 2012, 1, 144),
(1873, 100, 24, 2012, 1, 144),
(1874, 100, 25, 2012, 1, 144),
(1875, 100, 26, 2012, 1, 144),
(1876, 100, 27, 2012, 1, 144),
(1877, 100, 28, 2012, 1, 144),
(1878, 100, 29, 2012, 1, 144),
(1879, 100, 30, 2012, 1, 144),
(1880, 100, 31, 2012, 1, 144),
(1881, 100, 32, 2012, 1, 144),
(1882, 100, 33, 2012, 1, 144),
(1883, 100, 34, 2012, 1, 144),
(1884, 100, 35, 2012, 1, 144),
(1885, 500, 2, 2012, 1, 145),
(1886, 500, 3, 2012, 1, 145),
(1887, 500, 4, 2012, 1, 145),
(1888, 500, 5, 2012, 1, 145),
(1889, 500, 6, 2012, 1, 145),
(1890, 500, 7, 2012, 1, 145),
(1891, 500, 8, 2012, 1, 145),
(1892, 500, 9, 2012, 1, 145),
(1893, 500, 10, 2012, 1, 145),
(1894, 500, 11, 2012, 1, 145),
(1895, 500, 12, 2012, 1, 145),
(1896, 500, 13, 2012, 1, 145),
(1897, 500, 14, 2012, 1, 145),
(1898, 500, 15, 2012, 1, 145),
(1899, 500, 16, 2012, 1, 145),
(1900, 500, 17, 2012, 1, 145),
(1901, 500, 18, 2012, 1, 145),
(1902, 500, 19, 2012, 1, 145),
(1903, 250, 8, 2012, 1, 146),
(1904, 250, 9, 2012, 1, 146),
(1905, 250, 10, 2012, 1, 146),
(1906, 250, 11, 2012, 1, 146),
(1907, 250, 12, 2012, 1, 146),
(1908, 250, 13, 2012, 1, 146),
(1909, 250, 14, 2012, 1, 146),
(1910, 250, 15, 2012, 1, 146),
(1911, 250, 16, 2012, 1, 146),
(1912, 250, 17, 2012, 1, 146),
(1913, 250, 18, 2012, 1, 146),
(1914, 150, 36, 2012, 1, 80),
(1915, 150, 36, 2012, 1, 81),
(1916, 200, 36, 2012, 1, 82),
(1917, 500, 36, 2012, 1, 83),
(1918, 200, 36, 2012, 1, 84),
(1919, 150, 36, 2012, 1, 85),
(1920, 500, 36, 2012, 1, 86),
(1921, 300, 36, 2012, 1, 87),
(1922, 125, 36, 2012, 1, 88),
(1923, 450, 36, 2012, 1, 89),
(1924, 150, 36, 2012, 1, 90),
(1925, 300, 36, 2012, 1, 91),
(1926, 150, 36, 2012, 1, 93),
(1927, 100, 36, 2012, 1, 94),
(1928, 150, 36, 2012, 1, 95),
(1929, 100, 36, 2012, 1, 96),
(1930, 150, 36, 2012, 1, 97),
(1931, 100, 36, 2012, 1, 98),
(1932, 200, 36, 2012, 1, 99),
(1933, 100, 36, 2012, 1, 100),
(1934, 100, 36, 2012, 1, 102),
(1935, 300, 36, 2012, 1, 103),
(1936, 300, 36, 2012, 1, 104),
(1937, 300, 36, 2012, 1, 105),
(1938, 100, 36, 2012, 1, 106),
(1939, 100, 36, 2012, 1, 107),
(1940, 200, 36, 2012, 1, 108),
(1941, 130, 36, 2012, 1, 109),
(1942, 250, 36, 2012, 1, 110),
(1943, 200, 36, 2012, 1, 111),
(1944, 100, 36, 2012, 1, 112),
(1945, 400, 36, 2012, 1, 114),
(1946, 100, 36, 2012, 2, 115),
(1947, 250, 36, 2012, 1, 116),
(1948, 100, 36, 2012, 1, 117),
(1949, 250, 36, 2012, 1, 120),
(1950, 200, 36, 2012, 1, 121),
(1951, 200, 36, 2012, 1, 122),
(1952, 300, 36, 2012, 1, 124),
(1953, 200, 36, 2012, 1, 126),
(1954, 300, 36, 2012, 1, 127),
(1955, 200, 36, 2012, 1, 128),
(1956, 100, 36, 2012, 1, 129),
(1957, 450, 36, 2012, 1, 130),
(1958, 100, 36, 2012, 1, 131),
(1959, 350, 36, 2012, 1, 132),
(1960, 300, 36, 2012, 1, 134),
(1961, 300, 36, 2012, 1, 135),
(1962, 100, 36, 2012, 1, 138),
(1963, 150, 36, 2012, 1, 140),
(1964, 200, 36, 2012, 1, 142),
(1965, 100, 36, 2012, 1, 143),
(1966, 100, 36, 2012, 1, 144),
(1967, 150, 37, 2012, 1, 80),
(1968, 150, 37, 2012, 1, 81),
(1969, 200, 37, 2012, 1, 82),
(1970, 500, 37, 2012, 1, 83),
(1971, 200, 37, 2012, 1, 84),
(1972, 150, 37, 2012, 1, 85),
(1973, 500, 37, 2012, 1, 86),
(1974, 300, 37, 2012, 1, 87),
(1975, 125, 37, 2012, 1, 88),
(1976, 450, 37, 2012, 1, 89),
(1977, 150, 37, 2012, 1, 90),
(1978, 300, 37, 2012, 1, 91),
(1979, 150, 37, 2012, 1, 93),
(1980, 100, 37, 2012, 1, 94),
(1981, 150, 37, 2012, 1, 95),
(1982, 100, 37, 2012, 1, 96),
(1983, 150, 37, 2012, 1, 97),
(1984, 100, 37, 2012, 1, 98),
(1985, 200, 37, 2012, 1, 99),
(1986, 100, 37, 2012, 1, 100),
(1987, 100, 37, 2012, 1, 102),
(1988, 300, 37, 2012, 1, 103),
(1989, 300, 37, 2012, 1, 104),
(1990, 300, 37, 2012, 1, 105),
(1991, 100, 37, 2012, 1, 106),
(1992, 100, 37, 2012, 1, 107),
(1993, 200, 37, 2012, 1, 108),
(1994, 130, 37, 2012, 1, 109),
(1995, 250, 37, 2012, 1, 110),
(1996, 200, 37, 2012, 1, 111),
(1997, 100, 37, 2012, 1, 112),
(1998, 400, 37, 2012, 1, 114),
(1999, 100, 37, 2012, 2, 115),
(2000, 250, 37, 2012, 1, 116),
(2001, 100, 37, 2012, 1, 117),
(2002, 250, 37, 2012, 1, 120),
(2003, 200, 37, 2012, 1, 121),
(2004, 200, 37, 2012, 1, 122),
(2005, 300, 37, 2012, 1, 124),
(2006, 200, 37, 2012, 1, 126),
(2007, 300, 37, 2012, 1, 127),
(2008, 200, 37, 2012, 1, 128),
(2009, 100, 37, 2012, 1, 129),
(2010, 450, 37, 2012, 1, 130),
(2011, 100, 37, 2012, 1, 131),
(2012, 350, 37, 2012, 1, 132),
(2013, 300, 37, 2012, 1, 134),
(2014, 300, 37, 2012, 1, 135),
(2015, 100, 37, 2012, 1, 138),
(2016, 150, 37, 2012, 1, 140),
(2017, 200, 37, 2012, 1, 142),
(2018, 100, 37, 2012, 1, 143),
(2019, 100, 37, 2012, 1, 144),
(2020, 150, 38, 2012, 1, 80),
(2021, 150, 38, 2012, 1, 81),
(2022, 200, 38, 2012, 1, 82),
(2023, 500, 38, 2012, 1, 83),
(2024, 200, 38, 2012, 1, 84),
(2025, 150, 38, 2012, 1, 85),
(2026, 500, 38, 2012, 1, 86),
(2027, 300, 38, 2012, 1, 87),
(2028, 125, 38, 2012, 1, 88),
(2029, 450, 38, 2012, 1, 89),
(2030, 150, 38, 2012, 1, 90),
(2031, 300, 38, 2012, 1, 91),
(2032, 150, 38, 2012, 1, 93),
(2033, 100, 38, 2012, 1, 94),
(2034, 150, 38, 2012, 1, 95),
(2035, 100, 38, 2012, 1, 96),
(2036, 150, 38, 2012, 1, 97),
(2037, 100, 38, 2012, 1, 98),
(2038, 200, 38, 2012, 1, 99),
(2039, 100, 38, 2012, 1, 100),
(2040, 100, 38, 2012, 1, 102),
(2041, 300, 38, 2012, 1, 103),
(2042, 300, 38, 2012, 1, 104),
(2043, 300, 38, 2012, 1, 105),
(2044, 100, 38, 2012, 1, 106),
(2045, 100, 38, 2012, 1, 107),
(2046, 200, 38, 2012, 1, 108),
(2047, 130, 38, 2012, 1, 109),
(2048, 250, 38, 2012, 1, 110),
(2049, 200, 38, 2012, 1, 111),
(2050, 100, 38, 2012, 1, 112),
(2051, 400, 38, 2012, 1, 114),
(2052, 250, 38, 2012, 1, 116),
(2053, 100, 38, 2012, 1, 117),
(2054, 250, 38, 2012, 1, 120),
(2055, 200, 38, 2012, 1, 121),
(2056, 200, 38, 2012, 1, 122),
(2057, 300, 38, 2012, 1, 124),
(2058, 200, 38, 2012, 1, 126),
(2059, 300, 38, 2012, 1, 127),
(2060, 200, 38, 2012, 1, 128),
(2061, 100, 38, 2012, 1, 129),
(2062, 450, 38, 2012, 1, 130),
(2063, 100, 38, 2012, 1, 131),
(2064, 350, 38, 2012, 1, 132),
(2065, 300, 38, 2012, 1, 134),
(2066, 300, 38, 2012, 1, 135),
(2067, 100, 38, 2012, 1, 138),
(2068, 150, 38, 2012, 1, 140),
(2069, 200, 38, 2012, 1, 142),
(2070, 100, 38, 2012, 1, 143),
(2071, 150, 39, 2012, 1, 80),
(2072, 150, 39, 2012, 1, 81),
(2073, 200, 39, 2012, 1, 82),
(2074, 500, 39, 2012, 1, 83),
(2075, 200, 39, 2012, 1, 84),
(2076, 150, 39, 2012, 1, 85),
(2077, 500, 39, 2012, 1, 86),
(2078, 300, 39, 2012, 1, 87),
(2079, 125, 39, 2012, 1, 88),
(2080, 450, 39, 2012, 1, 89),
(2081, 150, 39, 2012, 1, 90),
(2082, 300, 39, 2012, 1, 91),
(2083, 150, 39, 2012, 1, 93),
(2084, 100, 39, 2012, 1, 94),
(2085, 150, 39, 2012, 1, 95),
(2086, 100, 39, 2012, 1, 96),
(2087, 150, 39, 2012, 1, 97),
(2088, 100, 39, 2012, 1, 98),
(2089, 200, 39, 2012, 1, 99),
(2090, 100, 39, 2012, 1, 100),
(2091, 100, 39, 2012, 1, 102),
(2092, 300, 39, 2012, 1, 103),
(2093, 300, 39, 2012, 1, 104),
(2094, 300, 39, 2012, 1, 105),
(2095, 100, 39, 2012, 1, 106),
(2096, 100, 39, 2012, 1, 107),
(2097, 200, 39, 2012, 1, 108),
(2098, 130, 39, 2012, 1, 109),
(2099, 250, 39, 2012, 1, 110),
(2100, 200, 39, 2012, 1, 111),
(2101, 100, 39, 2012, 1, 112),
(2102, 400, 39, 2012, 1, 114),
(2103, 250, 39, 2012, 1, 116),
(2104, 100, 39, 2012, 1, 117),
(2105, 250, 39, 2012, 1, 120),
(2106, 200, 39, 2012, 1, 121),
(2107, 200, 39, 2012, 1, 122),
(2108, 300, 39, 2012, 1, 124),
(2109, 200, 39, 2012, 1, 126),
(2110, 300, 39, 2012, 1, 127),
(2111, 200, 39, 2012, 1, 128),
(2112, 100, 39, 2012, 1, 129),
(2113, 450, 39, 2012, 1, 130),
(2114, 100, 39, 2012, 1, 131),
(2115, 350, 39, 2012, 1, 132),
(2116, 300, 39, 2012, 1, 134),
(2117, 300, 39, 2012, 1, 135),
(2118, 100, 39, 2012, 1, 138),
(2119, 150, 39, 2012, 1, 140),
(2120, 200, 39, 2012, 1, 142),
(2121, 100, 39, 2012, 1, 143),
(2122, 100, 39, 2012, 1, 144),
(2123, 150, 40, 2012, 1, 80),
(2124, 150, 40, 2012, 1, 81),
(2125, 200, 40, 2012, 1, 82),
(2126, 500, 40, 2012, 1, 83),
(2127, 200, 40, 2012, 1, 84),
(2128, 150, 40, 2012, 1, 85),
(2129, 500, 40, 2012, 1, 86),
(2130, 300, 40, 2012, 1, 87),
(2131, 125, 40, 2012, 1, 88),
(2132, 450, 40, 2012, 1, 89),
(2133, 150, 40, 2012, 1, 90),
(2134, 150, 40, 2012, 1, 93),
(2135, 100, 40, 2012, 1, 94),
(2136, 150, 40, 2012, 1, 95),
(2137, 100, 40, 2012, 1, 96),
(2138, 150, 40, 2012, 1, 97),
(2139, 100, 40, 2012, 1, 98),
(2140, 200, 40, 2012, 1, 99),
(2141, 100, 40, 2012, 1, 100),
(2142, 100, 40, 2012, 1, 102),
(2143, 300, 40, 2012, 1, 103),
(2144, 300, 40, 2012, 1, 104),
(2145, 300, 40, 2012, 1, 105),
(2146, 100, 40, 2012, 1, 106),
(2147, 100, 40, 2012, 1, 107),
(2148, 200, 40, 2012, 1, 108),
(2149, 130, 40, 2012, 1, 109),
(2150, 250, 40, 2012, 1, 110),
(2151, 200, 40, 2012, 1, 111),
(2152, 100, 40, 2012, 1, 112),
(2153, 400, 40, 2012, 1, 114),
(2154, 250, 40, 2012, 1, 116),
(2155, 100, 40, 2012, 1, 117),
(2156, 250, 40, 2012, 1, 120),
(2157, 200, 40, 2012, 1, 121),
(2158, 200, 40, 2012, 1, 122),
(2159, 300, 40, 2012, 1, 124),
(2160, 200, 40, 2012, 1, 126),
(2161, 300, 40, 2012, 1, 127),
(2162, 200, 40, 2012, 1, 128),
(2163, 100, 40, 2012, 1, 129),
(2164, 450, 40, 2012, 1, 130),
(2165, 100, 40, 2012, 1, 131),
(2166, 350, 40, 2012, 1, 132),
(2167, 300, 40, 2012, 1, 134),
(2168, 300, 40, 2012, 1, 135),
(2169, 100, 40, 2012, 1, 138),
(2170, 150, 40, 2012, 1, 140),
(2171, 200, 40, 2012, 1, 142),
(2172, 100, 40, 2012, 1, 143),
(2173, 100, 40, 2012, 1, 144),
(2174, 150, 41, 2012, 1, 80),
(2175, 150, 41, 2012, 1, 81),
(2176, 200, 41, 2012, 1, 82),
(2177, 500, 41, 2012, 1, 83),
(2178, 200, 41, 2012, 1, 84),
(2179, 150, 41, 2012, 1, 85),
(2180, 500, 41, 2012, 1, 86),
(2181, 300, 41, 2012, 1, 87),
(2182, 125, 41, 2012, 1, 88),
(2183, 450, 41, 2012, 1, 89),
(2184, 150, 41, 2012, 1, 90),
(2185, 150, 41, 2012, 1, 93),
(2186, 100, 41, 2012, 1, 94),
(2187, 150, 41, 2012, 1, 95),
(2188, 100, 41, 2012, 1, 96),
(2189, 150, 41, 2012, 1, 97),
(2190, 100, 41, 2012, 1, 98),
(2191, 200, 41, 2012, 1, 99),
(2192, 100, 41, 2012, 1, 100),
(2193, 100, 41, 2012, 1, 102),
(2194, 300, 41, 2012, 1, 103),
(2195, 300, 41, 2012, 1, 104),
(2196, 300, 41, 2012, 1, 105),
(2197, 100, 41, 2012, 1, 106),
(2198, 100, 41, 2012, 1, 107),
(2199, 200, 41, 2012, 1, 108),
(2200, 250, 41, 2012, 1, 110),
(2201, 200, 41, 2012, 1, 111),
(2202, 100, 41, 2012, 1, 112),
(2203, 250, 41, 2012, 1, 116),
(2204, 100, 41, 2012, 1, 117),
(2205, 250, 41, 2012, 1, 120),
(2206, 200, 41, 2012, 1, 121),
(2207, 200, 41, 2012, 1, 122),
(2208, 300, 41, 2012, 1, 124),
(2209, 200, 41, 2012, 1, 126),
(2210, 300, 41, 2012, 1, 127),
(2211, 200, 41, 2012, 1, 128),
(2212, 100, 41, 2012, 1, 129),
(2213, 450, 41, 2012, 1, 130),
(2214, 100, 41, 2012, 1, 131),
(2215, 350, 41, 2012, 1, 132),
(2216, 300, 41, 2012, 1, 134),
(2217, 300, 41, 2012, 1, 135),
(2218, 100, 41, 2012, 1, 138),
(2219, 150, 41, 2012, 1, 140),
(2220, 200, 41, 2012, 1, 142),
(2221, 100, 41, 2012, 1, 143),
(2222, 100, 41, 2012, 1, 144),
(2223, 150, 42, 2012, 1, 80),
(2224, 150, 42, 2012, 1, 81),
(2225, 200, 42, 2012, 1, 82),
(2226, 500, 42, 2012, 1, 83),
(2227, 200, 42, 2012, 1, 84),
(2228, 150, 42, 2012, 1, 85),
(2229, 500, 42, 2012, 1, 86),
(2230, 300, 42, 2012, 1, 87),
(2231, 125, 42, 2012, 1, 88),
(2232, 450, 42, 2012, 1, 89),
(2233, 150, 42, 2012, 1, 90),
(2234, 300, 42, 2012, 1, 91),
(2235, 150, 42, 2012, 1, 93),
(2236, 100, 42, 2012, 1, 94),
(2237, 150, 42, 2012, 1, 95),
(2238, 100, 42, 2012, 1, 96),
(2239, 150, 42, 2012, 1, 97),
(2240, 100, 42, 2012, 1, 98),
(2241, 200, 42, 2012, 1, 99),
(2242, 100, 42, 2012, 1, 100),
(2243, 100, 42, 2012, 1, 102),
(2244, 300, 42, 2012, 1, 103),
(2245, 300, 42, 2012, 1, 104),
(2246, 300, 42, 2012, 1, 105),
(2247, 100, 42, 2012, 1, 106),
(2248, 100, 42, 2012, 1, 107),
(2249, 200, 42, 2012, 1, 108),
(2250, 250, 42, 2012, 1, 110),
(2251, 200, 42, 2012, 1, 111),
(2252, 100, 42, 2012, 1, 112),
(2253, 250, 42, 2012, 1, 116),
(2254, 100, 42, 2012, 1, 117),
(2255, 250, 42, 2012, 1, 120),
(2256, 200, 42, 2012, 1, 121),
(2257, 200, 42, 2012, 1, 122),
(2258, 300, 42, 2012, 1, 124),
(2259, 200, 42, 2012, 1, 126),
(2260, 300, 42, 2012, 1, 127),
(2261, 200, 42, 2012, 1, 128),
(2262, 100, 42, 2012, 1, 129),
(2263, 450, 42, 2012, 1, 130),
(2264, 100, 42, 2012, 1, 131),
(2265, 350, 42, 2012, 1, 132),
(2266, 300, 42, 2012, 1, 134),
(2267, 300, 42, 2012, 1, 135),
(2268, 100, 42, 2012, 1, 138),
(2269, 150, 42, 2012, 1, 140),
(2270, 200, 42, 2012, 1, 142),
(2271, 100, 42, 2012, 1, 143),
(2272, 100, 42, 2012, 1, 144),
(2273, 150, 43, 2012, 1, 80),
(2274, 150, 43, 2012, 1, 81),
(2275, 200, 43, 2012, 1, 82),
(2276, 500, 43, 2012, 1, 83),
(2277, 200, 43, 2012, 1, 84),
(2278, 150, 43, 2012, 1, 85),
(2279, 500, 43, 2012, 1, 86),
(2280, 300, 43, 2012, 1, 87),
(2281, 125, 43, 2012, 1, 88),
(2282, 450, 43, 2012, 1, 89),
(2283, 150, 43, 2012, 1, 90),
(2284, 300, 43, 2012, 1, 91),
(2285, 150, 43, 2012, 1, 93),
(2286, 100, 43, 2012, 1, 94),
(2287, 150, 43, 2012, 1, 95),
(2288, 100, 43, 2012, 1, 96),
(2289, 150, 43, 2012, 1, 97),
(2290, 100, 43, 2012, 1, 98),
(2291, 200, 43, 2012, 1, 99),
(2292, 100, 43, 2012, 1, 100),
(2293, 100, 43, 2012, 1, 102),
(2294, 300, 43, 2012, 1, 103),
(2295, 300, 43, 2012, 1, 104),
(2296, 300, 43, 2012, 1, 105),
(2297, 100, 43, 2012, 1, 106),
(2298, 100, 43, 2012, 1, 107),
(2299, 200, 43, 2012, 1, 108),
(2300, 250, 43, 2012, 1, 110),
(2301, 200, 43, 2012, 1, 111),
(2302, 100, 43, 2012, 1, 112),
(2303, 400, 43, 2012, 1, 114),
(2304, 250, 43, 2012, 1, 116),
(2305, 100, 43, 2012, 1, 117),
(2306, 250, 43, 2012, 1, 120),
(2307, 200, 43, 2012, 1, 121),
(2308, 200, 43, 2012, 1, 122),
(2309, 200, 43, 2012, 1, 126),
(2310, 300, 43, 2012, 1, 127),
(2311, 200, 43, 2012, 1, 128),
(2312, 100, 43, 2012, 1, 129),
(2313, 450, 43, 2012, 1, 130),
(2314, 100, 43, 2012, 1, 131),
(2315, 350, 43, 2012, 1, 132),
(2316, 300, 43, 2012, 1, 134),
(2317, 300, 43, 2012, 1, 135),
(2318, 100, 43, 2012, 1, 138),
(2319, 150, 43, 2012, 1, 140),
(2320, 200, 43, 2012, 1, 142),
(2321, 100, 43, 2012, 1, 143),
(2322, 100, 43, 2012, 1, 144),
(2323, 150, 44, 2012, 1, 80),
(2324, 150, 44, 2012, 1, 81),
(2325, 200, 44, 2012, 1, 82),
(2326, 500, 44, 2012, 1, 83),
(2327, 200, 44, 2012, 1, 84),
(2328, 150, 44, 2012, 1, 85),
(2329, 500, 44, 2012, 1, 86),
(2330, 300, 44, 2012, 1, 87),
(2331, 125, 44, 2012, 1, 88),
(2332, 450, 44, 2012, 1, 89),
(2333, 150, 44, 2012, 1, 90),
(2334, 300, 44, 2012, 1, 91),
(2335, 150, 44, 2012, 1, 93),
(2336, 100, 44, 2012, 1, 94),
(2337, 150, 44, 2012, 1, 95),
(2338, 100, 44, 2012, 1, 96),
(2339, 150, 44, 2012, 1, 97),
(2340, 100, 44, 2012, 1, 98),
(2341, 200, 44, 2012, 1, 99),
(2342, 100, 44, 2012, 1, 100),
(2343, 100, 44, 2012, 1, 102),
(2344, 300, 44, 2012, 1, 103),
(2345, 300, 44, 2012, 1, 104),
(2346, 300, 44, 2012, 1, 105),
(2347, 100, 44, 2012, 1, 106),
(2348, 100, 44, 2012, 1, 107),
(2349, 200, 44, 2012, 1, 108),
(2350, 250, 44, 2012, 1, 110),
(2351, 200, 44, 2012, 1, 111),
(2352, 100, 44, 2012, 1, 112),
(2353, 250, 44, 2012, 1, 116),
(2354, 100, 44, 2012, 1, 117),
(2355, 250, 44, 2012, 1, 120),
(2356, 200, 44, 2012, 1, 121),
(2357, 200, 44, 2012, 1, 122),
(2358, 200, 44, 2012, 1, 126),
(2359, 300, 44, 2012, 1, 127),
(2360, 100, 44, 2012, 1, 129),
(2361, 450, 44, 2012, 1, 130),
(2362, 100, 44, 2012, 1, 131),
(2363, 350, 44, 2012, 1, 132),
(2364, 300, 44, 2012, 1, 134),
(2365, 300, 44, 2012, 1, 135),
(2366, 100, 44, 2012, 1, 138),
(2367, 150, 44, 2012, 1, 140),
(2368, 200, 44, 2012, 1, 142),
(2369, 100, 44, 2012, 1, 143),
(2370, 100, 44, 2012, 1, 144),
(2371, 150, 45, 2012, 1, 80),
(2372, 150, 45, 2012, 1, 81),
(2373, 200, 45, 2012, 1, 82),
(2374, 500, 45, 2012, 1, 83),
(2375, 200, 45, 2012, 1, 84),
(2376, 150, 45, 2012, 1, 85),
(2377, 500, 45, 2012, 1, 86),
(2378, 300, 45, 2012, 1, 87),
(2379, 125, 45, 2012, 1, 88),
(2380, 450, 45, 2012, 1, 89),
(2381, 150, 45, 2012, 1, 90),
(2382, 300, 45, 2012, 1, 91),
(2383, 150, 45, 2012, 1, 93),
(2384, 100, 45, 2012, 1, 94),
(2385, 150, 45, 2012, 1, 95),
(2386, 100, 45, 2012, 1, 96),
(2387, 150, 45, 2012, 1, 97),
(2388, 100, 45, 2012, 1, 98),
(2389, 200, 45, 2012, 1, 99),
(2390, 100, 45, 2012, 1, 100),
(2391, 100, 45, 2012, 1, 102),
(2392, 300, 45, 2012, 1, 103),
(2393, 300, 45, 2012, 1, 104),
(2394, 300, 45, 2012, 1, 105),
(2395, 100, 45, 2012, 1, 106),
(2396, 100, 45, 2012, 1, 107),
(2397, 200, 45, 2012, 1, 108),
(2398, 250, 45, 2012, 1, 110),
(2399, 200, 45, 2012, 1, 111),
(2400, 100, 45, 2012, 1, 112),
(2401, 400, 45, 2012, 1, 114),
(2402, 100, 45, 2012, 1, 115),
(2403, 250, 45, 2012, 1, 116),
(2404, 100, 45, 2012, 1, 117),
(2405, 250, 45, 2012, 1, 120),
(2406, 200, 45, 2012, 1, 121),
(2407, 200, 45, 2012, 1, 122),
(2408, 300, 45, 2012, 1, 124),
(2409, 200, 45, 2012, 1, 126),
(2410, 300, 45, 2012, 1, 127),
(2411, 200, 45, 2012, 1, 128),
(2412, 100, 45, 2012, 1, 129),
(2413, 450, 45, 2012, 1, 130),
(2414, 100, 45, 2012, 1, 131),
(2415, 350, 45, 2012, 1, 132),
(2416, 300, 45, 2012, 1, 134),
(2417, 300, 45, 2012, 1, 135),
(2418, 100, 45, 2012, 1, 138),
(2419, 150, 45, 2012, 1, 140),
(2420, 200, 45, 2012, 1, 142),
(2421, 100, 45, 2012, 1, 143),
(2422, 100, 45, 2012, 1, 144),
(2423, 150, 46, 2012, 1, 80),
(2424, 150, 46, 2012, 1, 81),
(2425, 200, 46, 2012, 1, 82),
(2426, 500, 46, 2012, 1, 83),
(2427, 200, 46, 2012, 1, 84),
(2428, 150, 46, 2012, 1, 85),
(2429, 500, 46, 2012, 1, 86),
(2430, 300, 46, 2012, 1, 87),
(2431, 125, 46, 2012, 1, 88),
(2432, 450, 46, 2012, 1, 89),
(2433, 150, 46, 2012, 1, 90),
(2434, 300, 46, 2012, 1, 91),
(2435, 150, 46, 2012, 1, 93),
(2436, 100, 46, 2012, 1, 94),
(2437, 150, 46, 2012, 1, 95),
(2438, 100, 46, 2012, 1, 96),
(2439, 150, 46, 2012, 1, 97),
(2440, 100, 46, 2012, 1, 98),
(2441, 200, 46, 2012, 1, 99),
(2442, 100, 46, 2012, 1, 100),
(2443, 100, 46, 2012, 1, 102),
(2444, 300, 46, 2012, 1, 103),
(2445, 300, 46, 2012, 1, 104),
(2446, 300, 46, 2012, 1, 105),
(2447, 100, 46, 2012, 1, 106),
(2448, 100, 46, 2012, 1, 107),
(2449, 200, 46, 2012, 1, 108),
(2450, 250, 46, 2012, 1, 110),
(2451, 200, 46, 2012, 1, 111),
(2452, 100, 46, 2012, 1, 112),
(2453, 400, 46, 2012, 1, 114),
(2454, 100, 46, 2012, 1, 115),
(2455, 250, 46, 2012, 1, 116),
(2456, 100, 46, 2012, 1, 117),
(2457, 250, 46, 2012, 1, 120),
(2458, 200, 46, 2012, 1, 121),
(2459, 200, 46, 2012, 1, 122),
(2460, 300, 46, 2012, 1, 124),
(2461, 200, 46, 2012, 1, 126),
(2462, 300, 46, 2012, 1, 127),
(2463, 200, 46, 2012, 1, 128),
(2464, 100, 46, 2012, 1, 129),
(2465, 450, 46, 2012, 1, 130),
(2466, 100, 46, 2012, 1, 131),
(2467, 350, 46, 2012, 1, 132),
(2468, 300, 46, 2012, 1, 134),
(2469, 300, 46, 2012, 1, 135),
(2470, 100, 46, 2012, 1, 138),
(2471, 150, 46, 2012, 1, 140),
(2472, 200, 46, 2012, 1, 142),
(2473, 100, 46, 2012, 1, 143),
(2474, 100, 46, 2012, 1, 144),
(2475, 150, 47, 2012, 1, 80),
(2476, 150, 47, 2012, 1, 81),
(2477, 200, 47, 2012, 1, 82),
(2478, 500, 47, 2012, 1, 83),
(2479, 200, 47, 2012, 1, 84),
(2480, 150, 47, 2012, 1, 85),
(2481, 500, 47, 2012, 1, 86),
(2482, 300, 47, 2012, 1, 87),
(2483, 125, 47, 2012, 1, 88),
(2484, 450, 47, 2012, 1, 89),
(2485, 150, 47, 2012, 1, 90),
(2486, 300, 47, 2012, 1, 91),
(2487, 150, 47, 2012, 1, 93),
(2488, 100, 47, 2012, 1, 94),
(2489, 150, 47, 2012, 1, 95),
(2490, 100, 47, 2012, 1, 96),
(2491, 150, 47, 2012, 1, 97),
(2492, 100, 47, 2012, 1, 98),
(2493, 200, 47, 2012, 1, 99),
(2494, 100, 47, 2012, 1, 100),
(2495, 100, 47, 2012, 1, 102),
(2496, 300, 47, 2012, 1, 103),
(2497, 300, 47, 2012, 1, 104),
(2498, 300, 47, 2012, 1, 105),
(2499, 100, 47, 2012, 1, 106),
(2500, 100, 47, 2012, 1, 107),
(2501, 200, 47, 2012, 1, 108),
(2502, 250, 47, 2012, 1, 110),
(2503, 200, 47, 2012, 1, 111),
(2504, 100, 47, 2012, 1, 112),
(2505, 400, 47, 2012, 1, 114),
(2506, 100, 47, 2012, 1, 115),
(2507, 250, 47, 2012, 1, 116),
(2508, 100, 47, 2012, 1, 117),
(2509, 250, 47, 2012, 1, 120),
(2510, 200, 47, 2012, 1, 121),
(2511, 200, 47, 2012, 1, 122),
(2512, 300, 47, 2012, 1, 124),
(2513, 200, 47, 2012, 1, 126),
(2514, 300, 47, 2012, 1, 127),
(2515, 200, 47, 2012, 1, 128),
(2516, 100, 47, 2012, 1, 129),
(2517, 450, 47, 2012, 1, 130),
(2518, 100, 47, 2012, 1, 131),
(2519, 350, 47, 2012, 1, 132),
(2520, 300, 47, 2012, 1, 134),
(2521, 300, 47, 2012, 1, 135),
(2522, 100, 47, 2012, 1, 138),
(2523, 150, 47, 2012, 1, 140),
(2524, 200, 47, 2012, 1, 142),
(2525, 100, 47, 2012, 1, 143),
(2526, 100, 47, 2012, 1, 144),
(2552, 100, 1, 2013, 1, 154),
(2553, 200, 1, 2013, 1, 155),
(2554, 200, 1, 2013, 1, 156),
(2555, 100, 2, 2013, 1, 154),
(2556, 200, 2, 2013, 1, 155),
(2557, 200, 2, 2013, 1, 156),
(2558, 200, 2, 2013, 1, 157),
(2559, 100, 2, 2013, 1, 158),
(2560, 100, 3, 2013, 1, 154),
(2561, 200, 3, 2013, 1, 155),
(2562, 200, 3, 2013, 1, 156),
(2563, 200, 3, 2013, 1, 157),
(2564, 100, 3, 2013, 1, 158),
(2565, 100, 4, 2013, 1, 154),
(2566, 200, 4, 2013, 1, 155),
(2567, 200, 4, 2013, 1, 156),
(2568, 200, 4, 2013, 1, 157),
(2569, 100, 4, 2013, 1, 158),
(2570, 100, 5, 2013, 1, 154),
(2571, 200, 5, 2013, 1, 155),
(2572, 200, 5, 2013, 1, 156),
(2573, 200, 5, 2013, 1, 157),
(2574, 100, 5, 2013, 1, 158),
(2575, 100, 6, 2013, 1, 154),
(2576, 200, 6, 2013, 1, 155),
(2577, 200, 6, 2013, 1, 156),
(2578, 200, 6, 2013, 1, 157),
(2579, 100, 6, 2013, 1, 158),
(2580, 100, 7, 2013, 1, 154),
(2581, 200, 7, 2013, 1, 155),
(2582, 200, 7, 2013, 1, 156),
(2583, 200, 7, 2013, 1, 157),
(2584, 100, 7, 2013, 1, 158),
(2585, 100, 8, 2013, 1, 154),
(2586, 200, 8, 2013, 1, 155),
(2587, 200, 8, 2013, 1, 156),
(2588, 200, 8, 2013, 1, 157),
(2589, 100, 8, 2013, 1, 158),
(2590, 100, 9, 2013, 1, 154),
(2591, 200, 9, 2013, 1, 155),
(2592, 200, 9, 2013, 1, 156),
(2593, 200, 9, 2013, 1, 157),
(2594, 100, 9, 2013, 1, 158),
(2595, 100, 10, 2013, 1, 154),
(2596, 200, 10, 2013, 1, 155),
(2597, 200, 10, 2013, 1, 156),
(2598, 200, 10, 2013, 1, 157),
(2599, 100, 10, 2013, 1, 158),
(2600, 100, 11, 2013, 1, 154),
(2601, 200, 11, 2013, 1, 155),
(2602, 200, 11, 2013, 1, 156),
(2603, 200, 11, 2013, 1, 157),
(2604, 100, 11, 2013, 1, 158),
(2605, 100, 13, 2013, 1, 154),
(2606, 200, 13, 2013, 1, 155),
(2607, 200, 13, 2013, 1, 156),
(2608, 200, 13, 2013, 1, 157),
(2609, 100, 13, 2013, 1, 158),
(2610, 100, 14, 2013, 1, 154),
(2611, 200, 14, 2013, 1, 155),
(2612, 200, 14, 2013, 1, 156),
(2613, 200, 14, 2013, 1, 157),
(2614, 100, 14, 2013, 1, 158),
(2615, 100, 15, 2013, 1, 154),
(2616, 200, 15, 2013, 1, 155),
(2617, 200, 15, 2013, 1, 156),
(2618, 200, 15, 2013, 1, 157),
(2619, 100, 15, 2013, 1, 158),
(2620, 100, 16, 2013, 1, 154),
(2621, 200, 16, 2013, 1, 155),
(2622, 200, 16, 2013, 1, 156),
(2623, 200, 16, 2013, 1, 157),
(2624, 100, 16, 2013, 1, 158),
(2625, 100, 17, 2013, 1, 154),
(2626, 200, 17, 2013, 1, 155),
(2627, 200, 17, 2013, 1, 156),
(2628, 200, 17, 2013, 1, 157),
(2629, 100, 17, 2013, 1, 158),
(2630, 100, 18, 2013, 1, 154),
(2631, 200, 18, 2013, 1, 155),
(2632, 200, 18, 2013, 1, 156),
(2633, 200, 18, 2013, 1, 157),
(2634, 100, 18, 2013, 1, 158),
(2635, 100, 19, 2013, 1, 154),
(2636, 200, 19, 2013, 1, 155),
(2637, 200, 19, 2013, 1, 156),
(2638, 200, 19, 2013, 1, 157),
(2639, 100, 19, 2013, 1, 158),
(2640, 100, 20, 2013, 1, 154),
(2641, 200, 20, 2013, 1, 155),
(2642, 200, 20, 2013, 1, 156),
(2643, 200, 20, 2013, 1, 157),
(2644, 100, 20, 2013, 1, 158),
(2645, 100, 21, 2013, 1, 154),
(2646, 200, 21, 2013, 1, 155),
(2647, 200, 21, 2013, 1, 156),
(2648, 200, 21, 2013, 1, 157),
(2649, 100, 21, 2013, 1, 158),
(2650, 100, 22, 2013, 1, 154),
(2651, 200, 22, 2013, 1, 155),
(2652, 200, 22, 2013, 1, 156),
(2653, 200, 22, 2013, 1, 157),
(2654, 100, 22, 2013, 1, 158),
(2655, 100, 23, 2013, 1, 154),
(2656, 200, 23, 2013, 1, 155),
(2657, 200, 23, 2013, 1, 156),
(2658, 200, 23, 2013, 1, 157),
(2659, 100, 23, 2013, 1, 158),
(2660, 100, 24, 2013, 1, 154),
(2661, 200, 24, 2013, 1, 155),
(2662, 200, 24, 2013, 1, 156),
(2663, 200, 24, 2013, 1, 157),
(2664, 100, 24, 2013, 1, 158),
(2665, 100, 25, 2013, 1, 154),
(2666, 200, 25, 2013, 1, 155),
(2667, 200, 25, 2013, 1, 156),
(2668, 200, 25, 2013, 1, 157),
(2669, 100, 25, 2013, 1, 158),
(2670, 100, 26, 2013, 1, 154),
(2671, 200, 26, 2013, 1, 155),
(2672, 200, 26, 2013, 1, 156),
(2673, 200, 26, 2013, 1, 157),
(2674, 100, 26, 2013, 1, 158),
(2675, 100, 12, 2013, 1, 154),
(2676, 200, 12, 2013, 1, 155),
(2677, 200, 12, 2013, 1, 156),
(2678, 200, 12, 2013, 1, 157),
(2679, 100, 12, 2013, 1, 158),
(2680, 100, 27, 2013, 1, 154),
(2681, 200, 27, 2013, 1, 155),
(2682, 200, 27, 2013, 1, 156),
(2683, 200, 27, 2013, 1, 157),
(2684, 100, 27, 2013, 1, 158),
(2685, 100, 28, 2013, 1, 154),
(2686, 200, 28, 2013, 1, 155),
(2687, 200, 28, 2013, 1, 156),
(2688, 200, 28, 2013, 1, 157),
(2689, 100, 28, 2013, 1, 158),
(2690, 100, 29, 2013, 1, 154),
(2691, 200, 29, 2013, 1, 155),
(2692, 200, 29, 2013, 1, 156),
(2693, 200, 29, 2013, 1, 157),
(2694, 100, 29, 2013, 1, 158),
(2695, 100, 30, 2013, 1, 154),
(2696, 200, 30, 2013, 1, 155),
(2697, 200, 30, 2013, 1, 156),
(2698, 200, 30, 2013, 1, 157),
(2699, 100, 30, 2013, 1, 158),
(2700, 500, 1, 2013, 1, 159),
(2701, 100, 1, 2013, 1, 160),
(2702, 100, 1, 2013, 1, 161),
(2703, 500, 1, 2013, 1, 162),
(2704, 100, 1, 2013, 1, 163),
(2705, 200, 1, 2013, 1, 164),
(2706, 500, 2, 2013, 1, 159),
(2707, 100, 2, 2013, 1, 160),
(2708, 100, 2, 2013, 1, 161),
(2709, 500, 2, 2013, 1, 162),
(2710, 100, 2, 2013, 1, 163),
(2711, 200, 2, 2013, 1, 164),
(2712, 500, 3, 2013, 1, 159),
(2713, 100, 3, 2013, 1, 160),
(2714, 100, 3, 2013, 1, 161),
(2715, 500, 3, 2013, 1, 162),
(2716, 100, 3, 2013, 1, 163),
(2717, 200, 3, 2013, 1, 164),
(2718, 100, 4, 2013, 1, 160),
(2719, 100, 4, 2013, 1, 161),
(2720, 500, 4, 2013, 1, 162),
(2721, 100, 4, 2013, 1, 163),
(2722, 200, 4, 2013, 1, 164),
(2723, 500, 5, 2013, 1, 159),
(2724, 100, 5, 2013, 1, 160),
(2725, 100, 5, 2013, 1, 161),
(2726, 500, 5, 2013, 1, 162),
(2727, 100, 5, 2013, 1, 163),
(2728, 200, 5, 2013, 1, 164),
(2729, 500, 6, 2013, 1, 159),
(2730, 100, 6, 2013, 1, 160),
(2731, 100, 6, 2013, 1, 161),
(2732, 500, 6, 2013, 1, 162),
(2733, 100, 6, 2013, 1, 163),
(2734, 200, 6, 2013, 1, 164),
(2735, 500, 7, 2013, 1, 159),
(2736, 100, 7, 2013, 1, 160),
(2737, 100, 7, 2013, 1, 161),
(2738, 500, 7, 2013, 1, 162),
(2739, 100, 7, 2013, 1, 163),
(2740, 200, 7, 2013, 1, 164),
(2741, 500, 8, 2013, 1, 159),
(2742, 100, 8, 2013, 1, 160),
(2743, 100, 8, 2013, 1, 161),
(2744, 500, 8, 2013, 1, 162),
(2745, 100, 8, 2013, 1, 163),
(2746, 200, 8, 2013, 1, 164),
(2747, 100, 9, 2013, 1, 160),
(2748, 100, 9, 2013, 1, 161),
(2749, 500, 9, 2013, 1, 162),
(2750, 100, 9, 2013, 1, 163),
(2751, 200, 9, 2013, 1, 164),
(2752, 100, 10, 2013, 1, 160),
(2753, 100, 10, 2013, 1, 161),
(2754, 500, 10, 2013, 1, 162),
(2755, 100, 10, 2013, 1, 163),
(2756, 200, 10, 2013, 1, 164),
(2757, 100, 11, 2013, 1, 160),
(2758, 100, 11, 2013, 1, 161),
(2759, 500, 11, 2013, 1, 162),
(2760, 100, 11, 2013, 1, 163),
(2761, 200, 11, 2013, 1, 164),
(2762, 100, 12, 2013, 1, 160),
(2763, 100, 12, 2013, 1, 161),
(2764, 500, 12, 2013, 1, 162),
(2765, 100, 12, 2013, 1, 163),
(2766, 200, 12, 2013, 1, 164),
(2767, 100, 13, 2013, 1, 160),
(2768, 100, 13, 2013, 1, 161),
(2769, 500, 13, 2013, 1, 162),
(2770, 100, 13, 2013, 1, 163),
(2771, 200, 13, 2013, 1, 164),
(2772, 100, 14, 2013, 1, 160),
(2773, 100, 14, 2013, 1, 161),
(2774, 500, 14, 2013, 1, 162),
(2775, 100, 14, 2013, 1, 163),
(2776, 200, 14, 2013, 1, 164),
(2777, 100, 15, 2013, 1, 160),
(2778, 100, 15, 2013, 1, 161),
(2779, 500, 15, 2013, 1, 162),
(2780, 100, 15, 2013, 1, 163),
(2781, 200, 15, 2013, 1, 164),
(2782, 100, 16, 2013, 1, 160),
(2783, 100, 16, 2013, 1, 161),
(2784, 500, 16, 2013, 1, 162),
(2785, 100, 16, 2013, 1, 163),
(2786, 200, 16, 2013, 1, 164),
(2787, 100, 17, 2013, 1, 160),
(2788, 100, 17, 2013, 1, 161),
(2789, 500, 17, 2013, 1, 162),
(2790, 100, 17, 2013, 1, 163),
(2791, 200, 17, 2013, 1, 164),
(2792, 100, 18, 2013, 1, 160),
(2793, 100, 18, 2013, 1, 161),
(2794, 500, 18, 2013, 1, 162),
(2795, 100, 18, 2013, 1, 163),
(2796, 200, 18, 2013, 1, 164),
(2797, 100, 19, 2013, 1, 160),
(2798, 100, 19, 2013, 1, 161),
(2799, 500, 19, 2013, 1, 162),
(2800, 100, 19, 2013, 1, 163),
(2801, 200, 19, 2013, 1, 164),
(2802, 100, 20, 2013, 1, 160),
(2803, 100, 20, 2013, 1, 161),
(2804, 500, 20, 2013, 1, 162),
(2805, 100, 20, 2013, 1, 163),
(2806, 200, 20, 2013, 1, 164),
(2807, 100, 1, 2013, 1, 165),
(2808, 100, 1, 2013, 1, 166),
(2809, 100, 1, 2013, 1, 167),
(2810, 100, 1, 2013, 1, 168),
(2811, 100, 1, 2013, 1, 169),
(2812, 100, 2, 2013, 1, 165),
(2813, 100, 2, 2013, 1, 166),
(2814, 100, 2, 2013, 1, 167),
(2815, 100, 2, 2013, 1, 168),
(2816, 100, 2, 2013, 1, 169),
(2817, 100, 3, 2013, 1, 165),
(2818, 100, 3, 2013, 1, 166),
(2819, 100, 3, 2013, 1, 167),
(2820, 100, 3, 2013, 1, 168),
(2821, 100, 3, 2013, 1, 169),
(2822, 100, 4, 2013, 1, 165),
(2823, 100, 4, 2013, 1, 166),
(2824, 100, 4, 2013, 1, 167),
(2825, 100, 4, 2013, 1, 168),
(2826, 100, 4, 2013, 1, 169),
(2827, 100, 5, 2013, 1, 166),
(2828, 100, 5, 2013, 1, 167),
(2829, 100, 5, 2013, 1, 168),
(2830, 100, 5, 2013, 1, 169),
(2831, 100, 6, 2013, 1, 165),
(2832, 100, 6, 2013, 1, 166),
(2833, 100, 6, 2013, 1, 167),
(2834, 100, 6, 2013, 1, 168),
(2835, 100, 6, 2013, 1, 169),
(2836, 100, 7, 2013, 1, 165),
(2837, 100, 7, 2013, 1, 166),
(2838, 100, 7, 2013, 1, 167),
(2839, 100, 7, 2013, 1, 168),
(2840, 100, 7, 2013, 1, 169),
(2841, 100, 8, 2013, 1, 165),
(2842, 100, 8, 2013, 1, 167),
(2843, 100, 8, 2013, 1, 168),
(2844, 100, 8, 2013, 1, 169),
(2845, 100, 9, 2013, 1, 165),
(2846, 100, 9, 2013, 1, 167),
(2847, 100, 9, 2013, 1, 168),
(2848, 100, 9, 2013, 1, 169),
(2849, 100, 10, 2013, 1, 165),
(2850, 100, 10, 2013, 1, 167),
(2851, 100, 10, 2013, 1, 168),
(2852, 100, 10, 2013, 1, 169),
(2853, 100, 11, 2013, 1, 165),
(2854, 100, 11, 2013, 1, 167),
(2855, 100, 11, 2013, 1, 168),
(2856, 100, 11, 2013, 1, 169),
(2857, 100, 12, 2013, 1, 165),
(2858, 100, 12, 2013, 1, 167),
(2859, 100, 12, 2013, 1, 168),
(2860, 100, 12, 2013, 1, 169),
(2861, 100, 13, 2013, 1, 165),
(2862, 100, 13, 2013, 1, 167),
(2863, 100, 13, 2013, 1, 168),
(2864, 100, 13, 2013, 1, 169),
(2865, 100, 14, 2013, 1, 165),
(2866, 100, 14, 2013, 1, 167),
(2867, 100, 14, 2013, 1, 168),
(2868, 100, 14, 2013, 1, 169),
(2869, 100, 15, 2013, 1, 165),
(2870, 100, 15, 2013, 1, 167),
(2871, 100, 15, 2013, 1, 168),
(2872, 100, 15, 2013, 1, 169),
(2873, 100, 16, 2013, 1, 165),
(2874, 100, 16, 2013, 1, 167),
(2875, 100, 16, 2013, 1, 168),
(2876, 100, 16, 2013, 1, 169),
(2877, 100, 17, 2013, 1, 165),
(2878, 100, 17, 2013, 1, 167),
(2879, 100, 17, 2013, 1, 168),
(2880, 100, 17, 2013, 1, 169),
(2881, 100, 18, 2013, 1, 165),
(2882, 100, 18, 2013, 1, 167),
(2883, 100, 18, 2013, 1, 168),
(2884, 100, 18, 2013, 1, 169),
(2885, 100, 19, 2013, 1, 165),
(2886, 100, 19, 2013, 1, 167),
(2887, 100, 19, 2013, 1, 168),
(2888, 100, 19, 2013, 1, 169),
(2889, 100, 20, 2013, 1, 165),
(2890, 100, 20, 2013, 1, 167),
(2891, 100, 20, 2013, 1, 168),
(2892, 100, 20, 2013, 1, 169),
(2893, 0, 1, 2013, 1, 170),
(2894, 500, 1, 2013, 1, 171),
(2895, 200, 1, 2013, 1, 172),
(2896, 500, 1, 2013, 1, 173),
(2897, 500, 1, 2013, 1, 174),
(2898, 0, 2, 2013, 1, 170),
(2899, 500, 2, 2013, 1, 171),
(2900, 200, 2, 2013, 1, 172),
(2901, 500, 2, 2013, 1, 173),
(2902, 500, 2, 2013, 1, 174),
(2903, 0, 3, 2013, 1, 170),
(2904, 500, 3, 2013, 1, 171),
(2905, 200, 3, 2013, 1, 172),
(2906, 500, 3, 2013, 1, 174),
(2907, 0, 4, 2013, 1, 170),
(2908, 500, 4, 2013, 1, 171),
(2909, 200, 4, 2013, 1, 172),
(2910, 500, 4, 2013, 1, 173),
(2911, 500, 4, 2013, 1, 174),
(2912, 0, 5, 2013, 1, 170),
(2913, 500, 5, 2013, 1, 171),
(2914, 200, 5, 2013, 1, 172),
(2915, 500, 5, 2013, 1, 173),
(2916, 500, 5, 2013, 1, 174),
(2917, 150, 5, 2013, 1, 175),
(2918, 200, 5, 2013, 1, 176),
(2919, 600, 5, 2013, 1, 177),
(2920, 500, 5, 2013, 1, 178),
(2921, 200, 5, 2013, 1, 179),
(2922, 500, 1, 2013, 1, 180),
(2923, 200, 1, 2013, 1, 181),
(2924, 200, 1, 2013, 1, 182),
(2925, 200, 1, 2013, 1, 183),
(2926, 500, 1, 2013, 1, 184),
(2927, 200, 1, 2013, 1, 185),
(2928, 150, 1, 2013, 1, 186),
(2929, 400, 1, 2013, 1, 187),
(2930, 200, 1, 2013, 1, 188),
(2931, 500, 1, 2013, 1, 189),
(2932, 500, 1, 2013, 1, 190),
(2933, 100, 1, 2013, 1, 191),
(2934, 150, 1, 2013, 1, 192),
(2935, 400, 1, 2013, 1, 193),
(2936, 150, 1, 2013, 1, 194),
(2937, 100, 1, 2013, 1, 195),
(2938, 300, 1, 2013, 1, 196),
(2939, 300, 1, 2013, 1, 197),
(2940, 150, 1, 2013, 1, 198),
(2941, 250, 1, 2013, 1, 199),
(2942, 150, 1, 2013, 1, 200),
(2943, 150, 1, 2013, 1, 201),
(2944, 300, 1, 2013, 1, 202),
(2945, 200, 1, 2013, 1, 203),
(2946, 100, 1, 2013, 1, 204),
(2947, 200, 1, 2013, 1, 205),
(2948, 200, 1, 2013, 1, 206),
(2949, 200, 1, 2013, 1, 207),
(2950, 100, 1, 2013, 1, 208),
(2951, 200, 1, 2013, 1, 209),
(2952, 200, 1, 2013, 1, 210),
(2953, 300, 1, 2013, 1, 211),
(2954, 150, 1, 2013, 1, 212),
(2955, 150, 1, 2013, 1, 213),
(2956, 300, 1, 2013, 1, 214),
(2957, 100, 1, 2013, 1, 215),
(2958, 250, 1, 2013, 1, 216),
(2959, 500, 1, 2013, 1, 217),
(2960, 300, 1, 2013, 1, 218),
(2961, 150, 1, 2013, 1, 219),
(2962, 200, 1, 2013, 1, 220),
(2963, 200, 1, 2013, 1, 221),
(2964, 200, 1, 2013, 1, 222),
(2965, 200, 1, 2013, 1, 223),
(2966, 100, 1, 2013, 1, 224),
(2967, 100, 1, 2013, 1, 225),
(2968, 300, 1, 2013, 1, 226),
(2969, 350, 1, 2013, 1, 227),
(2970, 200, 1, 2013, 1, 228),
(2971, 400, 1, 2013, 1, 229),
(2972, 100, 1, 2013, 1, 230),
(2973, 200, 1, 2013, 1, 231),
(2974, 300, 1, 2013, 1, 232),
(2975, 300, 1, 2013, 1, 233),
(2976, 100, 1, 2013, 1, 234),
(2977, 200, 1, 2013, 1, 235),
(2978, 250, 1, 2013, 1, 236),
(2979, 200, 1, 2013, 1, 237),
(2980, 200, 1, 2013, 1, 238),
(2981, 150, 1, 2013, 1, 239),
(2982, 100, 1, 2013, 1, 240),
(2983, 250, 1, 2013, 1, 241),
(2984, 100, 1, 2013, 1, 242),
(2985, 200, 1, 2013, 1, 243),
(2986, 300, 1, 2013, 1, 244),
(2987, 200, 1, 2013, 1, 245),
(2988, 200, 1, 2013, 1, 246),
(2989, 150, 1, 2013, 1, 247),
(2990, 150, 1, 2013, 1, 248),
(2991, 100, 1, 2013, 1, 249),
(2992, 150, 1, 2013, 1, 250),
(2993, 150, 1, 2013, 1, 251),
(2994, 200, 1, 2013, 1, 252),
(2995, 150, 1, 2013, 1, 253),
(2996, 300, 1, 2013, 1, 254),
(2997, 200, 1, 2013, 1, 255),
(2998, 150, 1, 2013, 1, 256),
(2999, 100, 1, 2013, 1, 257),
(3000, 300, 1, 2013, 1, 258),
(3001, 250, 1, 2013, 1, 259),
(3002, 250, 1, 2013, 1, 260),
(3003, 100, 1, 2013, 1, 261),
(3004, 250, 1, 2013, 1, 262),
(3005, 300, 1, 2013, 1, 263),
(3006, 300, 1, 2013, 1, 264),
(3007, 100, 1, 2013, 1, 265),
(3008, 150, 1, 2013, 1, 266),
(3009, 200, 1, 2013, 1, 267),
(3010, 100, 1, 2013, 1, 268),
(3011, 100, 1, 2013, 1, 269),
(3012, 200, 1, 2013, 1, 270),
(3013, 100, 1, 2013, 1, 271),
(3014, 200, 1, 2013, 1, 272),
(3015, 200, 1, 2013, 1, 273),
(3016, 200, 1, 2013, 1, 274),
(3017, 100, 1, 2013, 1, 275),
(3018, 200, 1, 2013, 1, 276),
(3019, 100, 1, 2013, 1, 277),
(3020, 150, 1, 2013, 1, 278),
(3021, 100, 1, 2013, 1, 279),
(3022, 100, 1, 2013, 1, 280),
(3023, 100, 1, 2013, 1, 281),
(3024, 100, 1, 2013, 1, 282),
(3025, 100, 1, 2013, 1, 283),
(3026, 150, 1, 2013, 1, 284),
(3027, 500, 2, 2013, 1, 180),
(3028, 200, 2, 2013, 1, 181),
(3029, 200, 2, 2013, 1, 182),
(3030, 200, 2, 2013, 1, 183),
(3031, 500, 2, 2013, 1, 184),
(3032, 200, 2, 2013, 1, 185),
(3033, 150, 2, 2013, 1, 186),
(3034, 400, 2, 2013, 1, 187),
(3035, 200, 2, 2013, 1, 188),
(3036, 500, 2, 2013, 1, 189),
(3037, 500, 2, 2013, 1, 190),
(3038, 100, 2, 2013, 1, 191),
(3039, 150, 2, 2013, 1, 192),
(3040, 400, 2, 2013, 1, 193),
(3041, 150, 2, 2013, 1, 194),
(3042, 100, 2, 2013, 1, 195),
(3043, 300, 2, 2013, 1, 196),
(3044, 300, 2, 2013, 1, 197),
(3045, 150, 2, 2013, 1, 198),
(3046, 250, 2, 2013, 1, 199),
(3047, 150, 2, 2013, 1, 200),
(3048, 150, 2, 2013, 1, 201),
(3049, 400, 2, 2013, 1, 202),
(3050, 200, 2, 2013, 1, 203),
(3051, 100, 2, 2013, 1, 204),
(3052, 200, 2, 2013, 1, 205),
(3053, 200, 2, 2013, 1, 206),
(3054, 200, 2, 2013, 1, 207),
(3055, 100, 2, 2013, 1, 208),
(3056, 200, 2, 2013, 1, 209),
(3057, 200, 2, 2013, 1, 210),
(3058, 300, 2, 2013, 1, 211),
(3059, 150, 2, 2013, 1, 212),
(3060, 150, 2, 2013, 1, 213),
(3061, 300, 2, 2013, 1, 214),
(3062, 100, 2, 2013, 1, 215),
(3063, 250, 2, 2013, 1, 216),
(3064, 500, 2, 2013, 1, 217),
(3065, 300, 2, 2013, 1, 218),
(3066, 150, 2, 2013, 1, 219),
(3067, 200, 2, 2013, 1, 220),
(3068, 200, 2, 2013, 1, 221),
(3069, 200, 2, 2013, 1, 222),
(3070, 200, 2, 2013, 1, 223),
(3071, 100, 2, 2013, 1, 224),
(3072, 100, 2, 2013, 1, 225),
(3073, 300, 2, 2013, 1, 226),
(3074, 350, 2, 2013, 1, 227),
(3075, 200, 2, 2013, 1, 228),
(3076, 400, 2, 2013, 1, 229),
(3077, 100, 2, 2013, 1, 230),
(3078, 200, 2, 2013, 1, 231),
(3079, 300, 2, 2013, 1, 232),
(3080, 300, 2, 2013, 1, 233),
(3081, 100, 2, 2013, 1, 234),
(3082, 200, 2, 2013, 1, 235),
(3083, 250, 2, 2013, 1, 236),
(3084, 200, 2, 2013, 1, 237),
(3085, 150, 2, 2013, 1, 239),
(3086, 100, 2, 2013, 1, 240),
(3087, 250, 2, 2013, 1, 241),
(3088, 100, 2, 2013, 1, 242),
(3089, 200, 2, 2013, 1, 243),
(3090, 300, 2, 2013, 1, 244),
(3091, 200, 2, 2013, 1, 245),
(3092, 200, 2, 2013, 1, 246),
(3093, 150, 2, 2013, 1, 247),
(3094, 150, 2, 2013, 1, 248),
(3095, 100, 2, 2013, 1, 249),
(3096, 150, 2, 2013, 1, 250),
(3097, 150, 2, 2013, 1, 251),
(3098, 200, 2, 2013, 1, 252),
(3099, 150, 2, 2013, 1, 253),
(3100, 500, 2, 2013, 1, 254),
(3101, 200, 2, 2013, 1, 255),
(3102, 150, 2, 2013, 1, 256),
(3103, 100, 2, 2013, 1, 257),
(3104, 300, 2, 2013, 1, 258),
(3105, 250, 2, 2013, 1, 259),
(3106, 250, 2, 2013, 1, 260),
(3107, 100, 2, 2013, 1, 261),
(3108, 250, 2, 2013, 1, 262),
(3109, 300, 2, 2013, 1, 263),
(3110, 300, 2, 2013, 1, 264),
(3111, 100, 2, 2013, 1, 265),
(3112, 150, 2, 2013, 1, 266),
(3113, 200, 2, 2013, 1, 267),
(3114, 100, 2, 2013, 1, 268),
(3115, 100, 2, 2013, 1, 269),
(3116, 200, 2, 2013, 1, 270),
(3117, 100, 2, 2013, 1, 271),
(3118, 200, 2, 2013, 1, 272),
(3119, 200, 2, 2013, 1, 273),
(3120, 200, 2, 2013, 1, 274),
(3121, 100, 2, 2013, 1, 275),
(3122, 200, 2, 2013, 1, 276),
(3123, 100, 2, 2013, 1, 277),
(3124, 150, 2, 2013, 1, 278),
(3125, 100, 2, 2013, 1, 279),
(3126, 100, 2, 2013, 1, 280),
(3127, 200, 2, 2013, 1, 281),
(3128, 100, 2, 2013, 1, 282),
(3129, 100, 2, 2013, 1, 283),
(3130, 150, 2, 2013, 1, 284),
(3131, 500, 2, 2013, 1, 285),
(3132, 100, 2, 2013, 1, 286),
(3133, 200, 2, 2013, 1, 287),
(3134, 150, 2, 2013, 1, 288),
(3135, 200, 2, 2013, 1, 289),
(3136, 100, 2, 2013, 1, 290),
(3137, 150, 2, 2013, 1, 291),
(3138, 150, 2, 2013, 1, 292),
(3139, 500, 2, 2013, 1, 293),
(3140, 150, 2, 2013, 1, 294),
(3141, 200, 2, 2013, 1, 295),
(3142, 200, 2, 2013, 1, 296),
(3143, 300, 2, 2013, 1, 297),
(3144, 300, 2, 2013, 1, 298),
(3145, 200, 2, 2013, 1, 299),
(3146, 300, 2, 2013, 1, 300),
(3147, 100, 2, 2013, 1, 301),
(3148, 200, 2, 2013, 1, 302),
(3149, 500, 3, 2013, 1, 180),
(3150, 200, 3, 2013, 1, 181),
(3151, 200, 3, 2013, 1, 182),
(3152, 200, 3, 2013, 1, 183),
(3153, 500, 3, 2013, 1, 184),
(3154, 200, 3, 2013, 1, 185),
(3155, 150, 3, 2013, 1, 186),
(3156, 400, 3, 2013, 1, 187),
(3157, 200, 3, 2013, 1, 188),
(3158, 500, 3, 2013, 1, 189),
(3159, 500, 3, 2013, 1, 190),
(3160, 100, 3, 2013, 1, 191),
(3161, 150, 3, 2013, 1, 192),
(3162, 400, 3, 2013, 1, 193),
(3163, 150, 3, 2013, 1, 194),
(3164, 100, 3, 2013, 1, 195),
(3165, 300, 3, 2013, 1, 196),
(3166, 300, 3, 2013, 1, 197),
(3167, 150, 3, 2013, 1, 198),
(3168, 150, 3, 2013, 1, 200),
(3169, 200, 3, 2013, 1, 201),
(3170, 400, 3, 2013, 1, 202),
(3171, 200, 3, 2013, 1, 203),
(3172, 100, 3, 2013, 1, 204),
(3173, 200, 3, 2013, 1, 205),
(3174, 200, 3, 2013, 1, 206),
(3175, 200, 3, 2013, 1, 207),
(3176, 100, 3, 2013, 1, 208),
(3177, 200, 3, 2013, 1, 209),
(3178, 200, 3, 2013, 1, 210),
(3179, 300, 3, 2013, 1, 211),
(3180, 150, 3, 2013, 1, 212),
(3181, 150, 3, 2013, 1, 213),
(3182, 300, 3, 2013, 1, 214),
(3183, 100, 3, 2013, 1, 215),
(3184, 100, 3, 2013, 1, 216),
(3185, 500, 3, 2013, 1, 217),
(3186, 300, 3, 2013, 1, 218),
(3187, 150, 3, 2013, 1, 219),
(3188, 200, 3, 2013, 1, 220),
(3189, 200, 3, 2013, 1, 221),
(3190, 200, 3, 2013, 1, 222),
(3191, 200, 3, 2013, 1, 223),
(3192, 100, 3, 2013, 1, 224),
(3193, 100, 3, 2013, 1, 225),
(3194, 300, 3, 2013, 1, 226),
(3195, 350, 3, 2013, 1, 227),
(3196, 200, 3, 2013, 1, 228),
(3197, 400, 3, 2013, 1, 229),
(3198, 100, 3, 2013, 1, 230),
(3199, 300, 3, 2013, 1, 232),
(3200, 300, 3, 2013, 1, 233),
(3201, 100, 3, 2013, 1, 234),
(3202, 200, 3, 2013, 1, 235),
(3203, 250, 3, 2013, 1, 236),
(3204, 200, 3, 2013, 1, 237),
(3205, 150, 3, 2013, 1, 239),
(3206, 100, 3, 2013, 1, 240),
(3207, 250, 3, 2013, 1, 241),
(3208, 100, 3, 2013, 1, 242),
(3209, 200, 3, 2013, 1, 243),
(3210, 300, 3, 2013, 1, 244),
(3211, 200, 3, 2013, 1, 245),
(3212, 200, 3, 2013, 1, 246),
(3213, 150, 3, 2013, 1, 247),
(3214, 150, 3, 2013, 1, 248),
(3215, 100, 3, 2013, 1, 249),
(3216, 150, 3, 2013, 1, 250),
(3217, 150, 3, 2013, 1, 251),
(3218, 200, 3, 2013, 1, 252),
(3219, 150, 3, 2013, 1, 253),
(3220, 500, 3, 2013, 1, 254),
(3221, 200, 3, 2013, 1, 255),
(3222, 150, 3, 2013, 1, 256),
(3223, 150, 3, 2013, 1, 257),
(3224, 300, 3, 2013, 1, 258),
(3225, 250, 3, 2013, 1, 259),
(3226, 250, 3, 2013, 1, 260),
(3227, 100, 3, 2013, 1, 261),
(3228, 250, 3, 2013, 1, 262),
(3229, 300, 3, 2013, 1, 263),
(3230, 300, 3, 2013, 1, 264),
(3231, 100, 3, 2013, 1, 265),
(3232, 150, 3, 2013, 1, 266),
(3233, 200, 3, 2013, 1, 267),
(3234, 100, 3, 2013, 1, 268),
(3235, 100, 3, 2013, 1, 269),
(3236, 200, 3, 2013, 1, 270),
(3237, 100, 3, 2013, 1, 271),
(3238, 200, 3, 2013, 1, 272),
(3239, 200, 3, 2013, 1, 273),
(3240, 100, 3, 2013, 1, 275),
(3241, 200, 3, 2013, 1, 276),
(3242, 100, 3, 2013, 1, 277),
(3243, 150, 3, 2013, 1, 278),
(3244, 100, 3, 2013, 1, 279),
(3245, 100, 3, 2013, 1, 280),
(3246, 300, 3, 2013, 1, 281),
(3247, 100, 3, 2013, 1, 282),
(3248, 100, 3, 2013, 1, 283),
(3249, 150, 3, 2013, 1, 284),
(3250, 500, 3, 2013, 1, 285),
(3251, 200, 3, 2013, 1, 287),
(3252, 150, 3, 2013, 1, 288),
(3253, 200, 3, 2013, 1, 289),
(3254, 100, 3, 2013, 1, 290),
(3255, 150, 3, 2013, 1, 291),
(3256, 150, 3, 2013, 1, 292),
(3257, 500, 3, 2013, 1, 293),
(3258, 150, 3, 2013, 1, 294),
(3259, 200, 3, 2013, 1, 295),
(3260, 200, 3, 2013, 1, 296),
(3261, 500, 3, 2013, 1, 297),
(3262, 300, 3, 2013, 1, 298),
(3263, 200, 3, 2013, 1, 299),
(3264, 300, 3, 2013, 1, 300),
(3265, 100, 3, 2013, 1, 301),
(3266, 200, 3, 2013, 1, 302),
(3267, 150, 3, 2013, 1, 303),
(3268, 500, 3, 2013, 1, 304),
(3269, 300, 3, 2013, 1, 305),
(3270, 200, 3, 2013, 1, 306),
(3271, 500, 4, 2013, 1, 180),
(3272, 200, 4, 2013, 1, 181),
(3273, 200, 4, 2013, 1, 182),
(3274, 200, 4, 2013, 1, 183),
(3275, 500, 4, 2013, 1, 184),
(3276, 200, 4, 2013, 1, 185),
(3277, 150, 4, 2013, 1, 186),
(3278, 400, 4, 2013, 1, 187),
(3279, 200, 4, 2013, 1, 188),
(3280, 500, 4, 2013, 1, 189),
(3281, 500, 4, 2013, 1, 190),
(3282, 100, 4, 2013, 1, 191),
(3283, 150, 4, 2013, 1, 192),
(3284, 400, 4, 2013, 1, 193),
(3285, 150, 4, 2013, 1, 194),
(3286, 100, 4, 2013, 1, 195),
(3287, 300, 4, 2013, 1, 196),
(3288, 300, 4, 2013, 1, 197),
(3289, 150, 4, 2013, 1, 198),
(3290, 150, 4, 2013, 1, 200),
(3291, 200, 4, 2013, 1, 201),
(3292, 400, 4, 2013, 1, 202),
(3293, 200, 4, 2013, 1, 203),
(3294, 100, 4, 2013, 1, 204),
(3295, 200, 4, 2013, 1, 205),
(3296, 200, 4, 2013, 1, 206),
(3297, 200, 4, 2013, 1, 207),
(3298, 100, 4, 2013, 1, 208),
(3299, 200, 4, 2013, 1, 209),
(3300, 200, 4, 2013, 1, 210),
(3301, 300, 4, 2013, 1, 211),
(3302, 150, 4, 2013, 1, 212),
(3303, 150, 4, 2013, 1, 213),
(3304, 300, 4, 2013, 1, 214),
(3305, 100, 4, 2013, 1, 215),
(3306, 500, 4, 2013, 1, 217),
(3307, 300, 4, 2013, 1, 218),
(3308, 150, 4, 2013, 1, 219),
(3309, 200, 4, 2013, 1, 220),
(3310, 200, 4, 2013, 1, 221),
(3311, 200, 4, 2013, 1, 222),
(3312, 200, 4, 2013, 1, 223),
(3313, 100, 4, 2013, 1, 224),
(3314, 100, 4, 2013, 1, 225),
(3315, 300, 4, 2013, 1, 226),
(3316, 350, 4, 2013, 1, 227),
(3317, 200, 4, 2013, 1, 228),
(3318, 400, 4, 2013, 1, 229),
(3319, 100, 4, 2013, 1, 230),
(3320, 300, 4, 2013, 1, 232),
(3321, 300, 4, 2013, 1, 233),
(3322, 200, 4, 2013, 1, 234),
(3323, 200, 4, 2013, 1, 235),
(3324, 250, 4, 2013, 1, 236),
(3325, 200, 4, 2013, 1, 237),
(3326, 150, 4, 2013, 1, 239),
(3327, 100, 4, 2013, 1, 240),
(3328, 250, 4, 2013, 1, 241),
(3329, 100, 4, 2013, 1, 242),
(3330, 200, 4, 2013, 1, 243),
(3331, 300, 4, 2013, 1, 244),
(3332, 200, 4, 2013, 1, 245),
(3333, 200, 4, 2013, 1, 246),
(3334, 150, 4, 2013, 1, 247),
(3335, 150, 4, 2013, 1, 248),
(3336, 100, 4, 2013, 1, 249),
(3337, 150, 4, 2013, 1, 250),
(3338, 150, 4, 2013, 1, 251),
(3339, 200, 4, 2013, 1, 252),
(3340, 150, 4, 2013, 1, 253),
(3341, 500, 4, 2013, 1, 254),
(3342, 200, 4, 2013, 1, 255),
(3343, 150, 4, 2013, 1, 256),
(3344, 150, 4, 2013, 1, 257),
(3345, 300, 4, 2013, 1, 258),
(3346, 250, 4, 2013, 1, 259),
(3347, 250, 4, 2013, 1, 260),
(3348, 100, 4, 2013, 1, 261),
(3349, 250, 4, 2013, 1, 262),
(3350, 300, 4, 2013, 1, 263),
(3351, 300, 4, 2013, 1, 264),
(3352, 100, 4, 2013, 1, 265),
(3353, 150, 4, 2013, 1, 266),
(3354, 200, 4, 2013, 1, 267),
(3355, 100, 4, 2013, 1, 268),
(3356, 100, 4, 2013, 1, 269),
(3357, 200, 4, 2013, 1, 270),
(3358, 100, 4, 2013, 1, 271),
(3359, 200, 4, 2013, 1, 272),
(3360, 200, 4, 2013, 1, 273),
(3361, 200, 4, 2013, 1, 274),
(3362, 100, 4, 2013, 1, 275),
(3363, 200, 4, 2013, 1, 276),
(3364, 100, 4, 2013, 1, 277),
(3365, 150, 4, 2013, 1, 278),
(3366, 100, 4, 2013, 1, 279),
(3367, 100, 4, 2013, 1, 280),
(3368, 300, 4, 2013, 1, 281),
(3369, 100, 4, 2013, 1, 282),
(3370, 150, 4, 2013, 1, 283),
(3371, 150, 4, 2013, 1, 284),
(3372, 500, 4, 2013, 1, 285),
(3373, 200, 4, 2013, 1, 287),
(3374, 150, 4, 2013, 1, 288),
(3375, 200, 4, 2013, 1, 289),
(3376, 100, 4, 2013, 1, 290),
(3377, 150, 4, 2013, 1, 291),
(3378, 150, 4, 2013, 1, 292),
(3379, 500, 4, 2013, 1, 293),
(3380, 150, 4, 2013, 1, 294),
(3381, 200, 4, 2013, 1, 295),
(3382, 200, 4, 2013, 1, 296),
(3383, 500, 4, 2013, 1, 297),
(3384, 300, 4, 2013, 1, 298),
(3385, 200, 4, 2013, 1, 299),
(3386, 300, 4, 2013, 1, 300),
(3387, 100, 4, 2013, 1, 301),
(3388, 200, 4, 2013, 1, 302),
(3389, 150, 4, 2013, 1, 303),
(3390, 500, 4, 2013, 1, 304),
(3391, 300, 4, 2013, 1, 305),
(3392, 200, 4, 2013, 1, 306),
(3393, 400, 4, 2013, 1, 307),
(3394, 500, 5, 2013, 1, 180),
(3395, 200, 5, 2013, 1, 181),
(3396, 200, 5, 2013, 1, 182),
(3397, 200, 5, 2013, 1, 183),
(3398, 500, 5, 2013, 1, 184),
(3399, 200, 5, 2013, 1, 185),
(3400, 150, 5, 2013, 1, 186),
(3401, 400, 5, 2013, 1, 187),
(3402, 200, 5, 2013, 1, 188),
(3403, 500, 5, 2013, 1, 189),
(3404, 500, 5, 2013, 1, 190),
(3405, 100, 5, 2013, 1, 191),
(3406, 150, 5, 2013, 1, 192),
(3407, 400, 5, 2013, 1, 193),
(3408, 150, 5, 2013, 1, 194),
(3409, 100, 5, 2013, 1, 195),
(3410, 300, 5, 2013, 1, 196),
(3411, 300, 5, 2013, 1, 197),
(3412, 150, 5, 2013, 1, 198),
(3413, 100, 5, 2013, 1, 200),
(3414, 200, 5, 2013, 1, 201),
(3415, 400, 5, 2013, 1, 202),
(3416, 200, 5, 2013, 1, 203),
(3417, 100, 5, 2013, 1, 204),
(3418, 200, 5, 2013, 1, 205),
(3419, 200, 5, 2013, 1, 206),
(3420, 200, 5, 2013, 1, 207),
(3421, 100, 5, 2013, 1, 208),
(3422, 200, 5, 2013, 1, 209),
(3423, 200, 5, 2013, 1, 210),
(3424, 300, 5, 2013, 1, 211),
(3425, 150, 5, 2013, 1, 212),
(3426, 150, 5, 2013, 0, 213),
(3427, 300, 5, 2013, 1, 214),
(3428, 100, 5, 2013, 1, 215),
(3429, 100, 5, 2013, 0, 216),
(3430, 500, 5, 2013, 1, 217),
(3431, 300, 5, 2013, 1, 218),
(3432, 150, 5, 2013, 1, 219),
(3433, 200, 5, 2013, 0, 220),
(3434, 200, 5, 2013, 1, 221),
(3435, 200, 5, 2013, 1, 222),
(3436, 200, 5, 2013, 1, 223),
(3437, 100, 5, 2013, 1, 224),
(3438, 100, 5, 2013, 1, 225),
(3439, 300, 5, 2013, 1, 226),
(3440, 350, 5, 2013, 1, 227),
(3441, 200, 5, 2013, 1, 228),
(3442, 400, 5, 2013, 1, 229),
(3443, 100, 5, 2013, 1, 230),
(3444, 300, 5, 2013, 1, 232),
(3445, 300, 5, 2013, 1, 233),
(3446, 200, 5, 2013, 1, 234),
(3447, 200, 5, 2013, 1, 235),
(3448, 250, 5, 2013, 1, 236),
(3449, 200, 5, 2013, 1, 237),
(3450, 150, 5, 2013, 1, 239),
(3451, 100, 5, 2013, 1, 240),
(3452, 250, 5, 2013, 1, 241),
(3453, 100, 5, 2013, 1, 242),
(3454, 200, 5, 2013, 1, 243),
(3455, 300, 5, 2013, 1, 244),
(3456, 200, 5, 2013, 1, 245),
(3457, 200, 5, 2013, 1, 246),
(3458, 150, 5, 2013, 1, 247),
(3459, 150, 5, 2013, 1, 248),
(3460, 100, 5, 2013, 1, 249),
(3461, 150, 5, 2013, 1, 250),
(3462, 150, 5, 2013, 1, 251),
(3463, 200, 5, 2013, 1, 252),
(3464, 150, 5, 2013, 1, 253),
(3465, 500, 5, 2013, 1, 254),
(3466, 200, 5, 2013, 1, 255),
(3467, 150, 5, 2013, 1, 256),
(3468, 150, 5, 2013, 1, 257),
(3469, 300, 5, 2013, 1, 258),
(3470, 250, 5, 2013, 1, 259),
(3471, 250, 5, 2013, 1, 260),
(3472, 100, 5, 2013, 1, 261),
(3473, 250, 5, 2013, 1, 262),
(3474, 300, 5, 2013, 1, 263),
(3475, 300, 5, 2013, 1, 264),
(3476, 100, 5, 2013, 1, 265),
(3477, 150, 5, 2013, 1, 266),
(3478, 200, 5, 2013, 1, 267),
(3479, 100, 5, 2013, 1, 268),
(3480, 100, 5, 2013, 1, 269),
(3481, 200, 5, 2013, 1, 270),
(3482, 100, 5, 2013, 1, 271),
(3483, 200, 5, 2013, 1, 272),
(3484, 200, 5, 2013, 1, 273),
(3485, 200, 5, 2013, 1, 274),
(3486, 100, 5, 2013, 1, 275),
(3487, 200, 5, 2013, 1, 276),
(3488, 100, 5, 2013, 1, 277),
(3489, 150, 5, 2013, 1, 278),
(3490, 100, 5, 2013, 1, 279),
(3491, 100, 5, 2013, 1, 280),
(3492, 300, 5, 2013, 1, 281),
(3493, 100, 5, 2013, 1, 282),
(3494, 150, 5, 2013, 1, 283),
(3495, 150, 5, 2013, 1, 284),
(3496, 500, 5, 2013, 1, 285),
(3497, 200, 5, 2013, 1, 287),
(3498, 150, 5, 2013, 1, 288),
(3499, 200, 5, 2013, 1, 289),
(3500, 100, 5, 2013, 1, 290),
(3501, 150, 5, 2013, 1, 291),
(3502, 150, 5, 2013, 1, 292),
(3503, 500, 5, 2013, 1, 293),
(3504, 150, 5, 2013, 1, 294),
(3505, 200, 5, 2013, 1, 295),
(3506, 200, 5, 2013, 1, 296),
(3507, 500, 5, 2013, 1, 297),
(3508, 300, 5, 2013, 1, 298),
(3509, 200, 5, 2013, 1, 299),
(3510, 300, 5, 2013, 1, 300),
(3511, 100, 5, 2013, 1, 301),
(3512, 200, 5, 2013, 0, 302),
(3513, 150, 5, 2013, 1, 303),
(3514, 500, 5, 2013, 1, 304),
(3515, 300, 5, 2013, 1, 305),
(3516, 200, 5, 2013, 1, 306),
(3517, 200, 5, 2013, 1, 307),
(3518, 250, 5, 2013, 1, 308),
(3519, 500, 5, 2013, 0, 309),
(3520, 300, 5, 2013, 1, 310),
(3761, 500, 6, 2013, 1, 180),
(3762, 200, 6, 2013, 1, 181),
(3763, 200, 6, 2013, 1, 182),
(3764, 200, 6, 2013, 1, 183),
(3765, 500, 6, 2013, 1, 184),
(3766, 200, 6, 2013, 1, 185),
(3767, 150, 6, 2013, 1, 186),
(3768, 400, 6, 2013, 1, 187),
(3769, 200, 6, 2013, 1, 188),
(3770, 500, 6, 2013, 1, 189),
(3771, 500, 6, 2013, 1, 190),
(3772, 100, 6, 2013, 1, 191),
(3773, 150, 6, 2013, 1, 192),
(3774, 400, 6, 2013, 1, 193),
(3775, 150, 6, 2013, 1, 194),
(3776, 100, 6, 2013, 1, 195),
(3777, 300, 6, 2013, 1, 196),
(3778, 300, 6, 2013, 1, 197),
(3779, 150, 6, 2013, 1, 198),
(3780, 100, 6, 2013, 1, 200),
(3781, 200, 6, 2013, 1, 201),
(3782, 400, 6, 2013, 1, 202),
(3783, 200, 6, 2013, 1, 203),
(3784, 100, 6, 2013, 1, 204),
(3785, 200, 6, 2013, 1, 205),
(3786, 200, 6, 2013, 1, 206),
(3787, 300, 6, 2013, 1, 207),
(3788, 100, 6, 2013, 1, 208),
(3789, 200, 6, 2013, 1, 209),
(3790, 200, 6, 2013, 1, 210),
(3791, 300, 6, 2013, 1, 211),
(3792, 150, 6, 2013, 1, 212),
(3793, 300, 6, 2013, 1, 214),
(3794, 100, 6, 2013, 1, 215),
(3795, 500, 6, 2013, 1, 217),
(3796, 300, 6, 2013, 1, 218),
(3797, 200, 6, 2013, 1, 222),
(3798, 200, 6, 2013, 1, 223),
(3799, 100, 6, 2013, 1, 224),
(3800, 100, 6, 2013, 1, 225),
(3801, 300, 6, 2013, 1, 226),
(3802, 350, 6, 2013, 1, 227),
(3803, 200, 6, 2013, 1, 228),
(3804, 400, 6, 2013, 1, 229),
(3805, 100, 6, 2013, 1, 230),
(3806, 300, 6, 2013, 1, 232),
(3807, 300, 6, 2013, 1, 233),
(3808, 200, 6, 2013, 1, 234),
(3809, 200, 6, 2013, 1, 235),
(3810, 250, 6, 2013, 1, 236),
(3811, 200, 6, 2013, 1, 237),
(3812, 200, 6, 2013, 1, 238),
(3813, 150, 6, 2013, 1, 239),
(3814, 100, 6, 2013, 1, 240),
(3815, 250, 6, 2013, 1, 241),
(3816, 200, 6, 2013, 1, 243),
(3817, 300, 6, 2013, 1, 244);
INSERT INTO `ahorro_registro` (`id`, `monto`, `week`, `year`, `status`, `ahorro_id`) VALUES
(3818, 200, 6, 2013, 1, 245),
(3819, 200, 6, 2013, 1, 246),
(3820, 150, 6, 2013, 1, 247),
(3821, 150, 6, 2013, 1, 248),
(3822, 100, 6, 2013, 1, 249),
(3823, 150, 6, 2013, 1, 250),
(3824, 200, 6, 2013, 1, 251),
(3825, 200, 6, 2013, 1, 252),
(3826, 150, 6, 2013, 1, 253),
(3827, 500, 6, 2013, 1, 254),
(3828, 200, 6, 2013, 1, 255),
(3829, 150, 6, 2013, 1, 256),
(3830, 150, 6, 2013, 1, 257),
(3831, 300, 6, 2013, 1, 258),
(3832, 250, 6, 2013, 1, 260),
(3833, 100, 6, 2013, 1, 261),
(3834, 300, 6, 2013, 1, 262),
(3835, 300, 6, 2013, 1, 263),
(3836, 400, 6, 2013, 1, 264),
(3837, 100, 6, 2013, 1, 265),
(3838, 150, 6, 2013, 1, 266),
(3839, 200, 6, 2013, 1, 267),
(3840, 100, 6, 2013, 1, 268),
(3841, 100, 6, 2013, 1, 269),
(3842, 200, 6, 2013, 1, 270),
(3843, 100, 6, 2013, 1, 271),
(3844, 200, 6, 2013, 1, 272),
(3845, 200, 6, 2013, 1, 273),
(3846, 200, 6, 2013, 1, 274),
(3847, 100, 6, 2013, 1, 275),
(3848, 200, 6, 2013, 1, 276),
(3849, 100, 6, 2013, 1, 277),
(3850, 500, 6, 2013, 1, 278),
(3851, 100, 6, 2013, 1, 279),
(3852, 100, 6, 2013, 1, 280),
(3853, 300, 6, 2013, 1, 281),
(3854, 100, 6, 2013, 1, 282),
(3855, 150, 6, 2013, 1, 283),
(3856, 150, 6, 2013, 1, 284),
(3857, 500, 6, 2013, 1, 285),
(3858, 200, 6, 2013, 1, 287),
(3859, 150, 6, 2013, 1, 288),
(3860, 200, 6, 2013, 1, 289),
(3861, 100, 6, 2013, 1, 290),
(3862, 150, 6, 2013, 1, 291),
(3863, 150, 6, 2013, 1, 292),
(3864, 500, 6, 2013, 1, 293),
(3865, 150, 6, 2013, 1, 294),
(3866, 200, 6, 2013, 1, 295),
(3867, 200, 6, 2013, 1, 296),
(3868, 500, 6, 2013, 1, 297),
(3869, 300, 6, 2013, 1, 298),
(3870, 200, 6, 2013, 1, 299),
(3871, 300, 6, 2013, 1, 300),
(3872, 100, 6, 2013, 1, 301),
(3873, 200, 6, 2013, 1, 302),
(3874, 150, 6, 2013, 1, 303),
(3875, 500, 6, 2013, 1, 304),
(3876, 300, 6, 2013, 1, 305),
(3877, 200, 6, 2013, 1, 306),
(3878, 200, 6, 2013, 1, 307),
(3879, 250, 6, 2013, 1, 308),
(3880, 300, 6, 2013, 1, 310),
(3881, 500, 7, 2013, 1, 180),
(3882, 200, 7, 2013, 1, 181),
(3883, 200, 7, 2013, 1, 182),
(3884, 200, 7, 2013, 1, 183),
(3885, 500, 7, 2013, 1, 184),
(3886, 200, 7, 2013, 1, 185),
(3887, 150, 7, 2013, 1, 186),
(3888, 400, 7, 2013, 1, 187),
(3889, 200, 7, 2013, 1, 188),
(3890, 500, 7, 2013, 1, 189),
(3891, 500, 7, 2013, 1, 190),
(3892, 100, 7, 2013, 1, 191),
(3893, 150, 7, 2013, 1, 192),
(3894, 400, 7, 2013, 1, 193),
(3895, 150, 7, 2013, 1, 194),
(3896, 100, 7, 2013, 1, 195),
(3897, 300, 7, 2013, 1, 196),
(3898, 300, 7, 2013, 1, 197),
(3899, 150, 7, 2013, 1, 198),
(3900, 250, 7, 2013, 1, 199),
(3901, 100, 7, 2013, 1, 200),
(3902, 200, 7, 2013, 1, 201),
(3903, 400, 7, 2013, 1, 202),
(3904, 200, 7, 2013, 1, 203),
(3905, 100, 7, 2013, 1, 204),
(3906, 200, 7, 2013, 1, 205),
(3907, 200, 7, 2013, 1, 206),
(3908, 300, 7, 2013, 1, 207),
(3909, 100, 7, 2013, 1, 208),
(3910, 200, 7, 2013, 1, 209),
(3911, 200, 7, 2013, 1, 210),
(3912, 300, 7, 2013, 1, 211),
(3913, 150, 7, 2013, 1, 212),
(3914, 150, 7, 2013, 1, 213),
(3915, 300, 7, 2013, 1, 214),
(3916, 100, 7, 2013, 1, 215),
(3917, 100, 7, 2013, 1, 216),
(3918, 500, 7, 2013, 1, 217),
(3919, 300, 7, 2013, 1, 218),
(3920, 150, 7, 2013, 1, 219),
(3921, 200, 7, 2013, 1, 222),
(3922, 200, 7, 2013, 1, 223),
(3923, 100, 7, 2013, 1, 224),
(3924, 100, 7, 2013, 1, 225),
(3925, 300, 7, 2013, 1, 226),
(3926, 350, 7, 2013, 1, 227),
(3927, 200, 7, 2013, 1, 228),
(3928, 400, 7, 2013, 1, 229),
(3929, 100, 7, 2013, 1, 230),
(3930, 300, 7, 2013, 1, 232),
(3931, 300, 7, 2013, 1, 233),
(3932, 200, 7, 2013, 1, 234),
(3933, 200, 7, 2013, 1, 235),
(3934, 250, 7, 2013, 1, 236),
(3935, 200, 7, 2013, 1, 237),
(3936, 200, 7, 2013, 1, 238),
(3937, 150, 7, 2013, 1, 239),
(3938, 250, 7, 2013, 1, 241),
(3939, 200, 7, 2013, 1, 243),
(3940, 300, 7, 2013, 1, 244),
(3941, 200, 7, 2013, 1, 245),
(3942, 200, 7, 2013, 1, 246),
(3943, 150, 7, 2013, 1, 247),
(3944, 150, 7, 2013, 1, 248),
(3945, 100, 7, 2013, 1, 249),
(3946, 150, 7, 2013, 1, 250),
(3947, 200, 7, 2013, 1, 251),
(3948, 200, 7, 2013, 1, 252),
(3949, 150, 7, 2013, 1, 253),
(3950, 500, 7, 2013, 1, 254),
(3951, 200, 7, 2013, 1, 255),
(3952, 150, 7, 2013, 1, 256),
(3953, 150, 7, 2013, 1, 257),
(3954, 300, 7, 2013, 1, 258),
(3955, 250, 7, 2013, 1, 260),
(3956, 100, 7, 2013, 1, 261),
(3957, 300, 7, 2013, 1, 262),
(3958, 300, 7, 2013, 1, 263),
(3959, 400, 7, 2013, 1, 264),
(3960, 100, 7, 2013, 1, 265),
(3961, 150, 7, 2013, 1, 266),
(3962, 200, 7, 2013, 1, 267),
(3963, 100, 7, 2013, 1, 268),
(3964, 100, 7, 2013, 1, 269),
(3965, 200, 7, 2013, 1, 270),
(3966, 100, 7, 2013, 1, 271),
(3967, 200, 7, 2013, 1, 272),
(3968, 200, 7, 2013, 1, 273),
(3969, 200, 7, 2013, 1, 274),
(3970, 100, 7, 2013, 1, 275),
(3971, 200, 7, 2013, 1, 276),
(3972, 100, 7, 2013, 1, 277),
(3973, 500, 7, 2013, 1, 278),
(3974, 100, 7, 2013, 1, 279),
(3975, 100, 7, 2013, 1, 280),
(3976, 300, 7, 2013, 1, 281),
(3977, 100, 7, 2013, 1, 282),
(3978, 150, 7, 2013, 1, 283),
(3979, 150, 7, 2013, 1, 284),
(3980, 500, 7, 2013, 1, 285),
(3981, 200, 7, 2013, 1, 287),
(3982, 150, 7, 2013, 1, 288),
(3983, 200, 7, 2013, 1, 289),
(3984, 100, 7, 2013, 1, 290),
(3985, 150, 7, 2013, 1, 291),
(3986, 150, 7, 2013, 1, 292),
(3987, 500, 7, 2013, 1, 293),
(3988, 150, 7, 2013, 1, 294),
(3989, 200, 7, 2013, 1, 295),
(3990, 200, 7, 2013, 1, 296),
(3991, 500, 7, 2013, 1, 297),
(3992, 300, 7, 2013, 1, 298),
(3993, 200, 7, 2013, 1, 299),
(3994, 300, 7, 2013, 1, 300),
(3995, 100, 7, 2013, 1, 301),
(3996, 200, 7, 2013, 1, 302),
(3997, 150, 7, 2013, 1, 303),
(3998, 500, 7, 2013, 1, 304),
(3999, 300, 7, 2013, 1, 305),
(4000, 200, 7, 2013, 1, 306),
(4001, 200, 7, 2013, 1, 307),
(4002, 250, 7, 2013, 1, 308),
(4003, 300, 7, 2013, 1, 310),
(4004, 500, 7, 2013, 1, 311),
(4005, 500, 8, 2013, 1, 180),
(4006, 200, 8, 2013, 1, 181),
(4007, 200, 8, 2013, 1, 182),
(4008, 200, 8, 2013, 1, 183),
(4009, 500, 8, 2013, 1, 184),
(4010, 200, 8, 2013, 1, 185),
(4011, 150, 8, 2013, 1, 186),
(4012, 400, 8, 2013, 1, 187),
(4013, 200, 8, 2013, 1, 188),
(4014, 500, 8, 2013, 1, 189),
(4015, 500, 8, 2013, 1, 190),
(4016, 100, 8, 2013, 1, 191),
(4017, 150, 8, 2013, 1, 192),
(4018, 400, 8, 2013, 1, 193),
(4019, 150, 8, 2013, 1, 194),
(4020, 100, 8, 2013, 1, 195),
(4021, 300, 8, 2013, 1, 196),
(4022, 300, 8, 2013, 1, 197),
(4023, 150, 8, 2013, 1, 198),
(4024, 250, 8, 2013, 1, 199),
(4025, 100, 8, 2013, 1, 200),
(4026, 200, 8, 2013, 1, 201),
(4027, 400, 8, 2013, 1, 202),
(4028, 200, 8, 2013, 1, 203),
(4029, 100, 8, 2013, 1, 204),
(4030, 200, 8, 2013, 1, 205),
(4031, 200, 8, 2013, 1, 206),
(4032, 300, 8, 2013, 1, 207),
(4033, 100, 8, 2013, 1, 208),
(4034, 200, 8, 2013, 1, 209),
(4035, 200, 8, 2013, 1, 210),
(4036, 300, 8, 2013, 1, 211),
(4037, 150, 8, 2013, 1, 212),
(4038, 150, 8, 2013, 1, 213),
(4039, 300, 8, 2013, 1, 214),
(4040, 100, 8, 2013, 1, 215),
(4041, 100, 8, 2013, 1, 216),
(4042, 500, 8, 2013, 1, 217),
(4043, 300, 8, 2013, 1, 218),
(4044, 150, 8, 2013, 1, 219),
(4045, 200, 8, 2013, 1, 220),
(4046, 200, 8, 2013, 1, 221),
(4047, 200, 8, 2013, 1, 222),
(4048, 200, 8, 2013, 1, 223),
(4049, 100, 8, 2013, 1, 224),
(4050, 100, 8, 2013, 1, 225),
(4051, 300, 8, 2013, 1, 226),
(4052, 350, 8, 2013, 1, 227),
(4053, 200, 8, 2013, 1, 228),
(4054, 400, 8, 2013, 1, 229),
(4055, 100, 8, 2013, 1, 230),
(4056, 300, 8, 2013, 1, 232),
(4057, 300, 8, 2013, 1, 233),
(4058, 200, 8, 2013, 1, 234),
(4059, 200, 8, 2013, 1, 235),
(4060, 250, 8, 2013, 1, 236),
(4061, 200, 8, 2013, 1, 237),
(4062, 200, 8, 2013, 1, 238),
(4063, 150, 8, 2013, 1, 239),
(4064, 100, 8, 2013, 1, 240),
(4065, 250, 8, 2013, 1, 241),
(4066, 100, 8, 2013, 1, 242),
(4067, 200, 8, 2013, 1, 243),
(4068, 300, 8, 2013, 1, 244),
(4069, 200, 8, 2013, 1, 245),
(4070, 200, 8, 2013, 1, 246),
(4071, 150, 8, 2013, 1, 247),
(4072, 150, 8, 2013, 1, 248),
(4073, 100, 8, 2013, 1, 249),
(4074, 150, 8, 2013, 1, 250),
(4075, 200, 8, 2013, 1, 251),
(4076, 200, 8, 2013, 1, 252),
(4077, 150, 8, 2013, 1, 253),
(4078, 500, 8, 2013, 1, 254),
(4079, 200, 8, 2013, 1, 255),
(4080, 150, 8, 2013, 1, 256),
(4081, 150, 8, 2013, 1, 257),
(4082, 300, 8, 2013, 1, 258),
(4083, 250, 8, 2013, 1, 260),
(4084, 100, 8, 2013, 1, 261),
(4085, 300, 8, 2013, 1, 262),
(4086, 300, 8, 2013, 1, 263),
(4087, 400, 8, 2013, 1, 264),
(4088, 100, 8, 2013, 1, 265),
(4089, 150, 8, 2013, 1, 266),
(4090, 200, 8, 2013, 1, 267),
(4091, 100, 8, 2013, 1, 268),
(4092, 100, 8, 2013, 1, 269),
(4093, 200, 8, 2013, 1, 270),
(4094, 100, 8, 2013, 1, 271),
(4095, 200, 8, 2013, 1, 272),
(4096, 200, 8, 2013, 1, 273),
(4097, 200, 8, 2013, 1, 274),
(4098, 100, 8, 2013, 1, 275),
(4099, 200, 8, 2013, 1, 276),
(4100, 100, 8, 2013, 1, 277),
(4101, 500, 8, 2013, 1, 278),
(4102, 100, 8, 2013, 1, 279),
(4103, 100, 8, 2013, 1, 280),
(4104, 300, 8, 2013, 1, 281),
(4105, 100, 8, 2013, 1, 282),
(4106, 150, 8, 2013, 1, 283),
(4107, 150, 8, 2013, 1, 284),
(4108, 500, 8, 2013, 1, 285),
(4109, 200, 8, 2013, 1, 287),
(4110, 150, 8, 2013, 1, 288),
(4111, 200, 8, 2013, 1, 289),
(4112, 100, 8, 2013, 1, 290),
(4113, 150, 8, 2013, 1, 292),
(4114, 500, 8, 2013, 1, 293),
(4115, 150, 8, 2013, 1, 294),
(4116, 200, 8, 2013, 1, 295),
(4117, 200, 8, 2013, 1, 296),
(4118, 500, 8, 2013, 1, 297),
(4119, 200, 8, 2013, 1, 299),
(4120, 300, 8, 2013, 1, 300),
(4121, 100, 8, 2013, 1, 301),
(4122, 200, 8, 2013, 1, 302),
(4123, 150, 8, 2013, 1, 303),
(4124, 500, 8, 2013, 1, 304),
(4125, 300, 8, 2013, 1, 305),
(4126, 200, 8, 2013, 1, 306),
(4127, 250, 8, 2013, 1, 308),
(4128, 300, 8, 2013, 1, 310),
(4129, 500, 8, 2013, 1, 311),
(4130, 250, 8, 2013, 1, 312),
(4131, 500, 9, 2013, 1, 180),
(4132, 200, 9, 2013, 1, 181),
(4133, 200, 9, 2013, 1, 182),
(4134, 200, 9, 2013, 1, 183),
(4135, 500, 9, 2013, 1, 184),
(4136, 200, 9, 2013, 1, 185),
(4137, 150, 9, 2013, 1, 186),
(4138, 400, 9, 2013, 1, 187),
(4139, 200, 9, 2013, 1, 188),
(4140, 500, 9, 2013, 1, 189),
(4141, 500, 9, 2013, 1, 190),
(4142, 100, 9, 2013, 1, 191),
(4143, 150, 9, 2013, 1, 192),
(4144, 400, 9, 2013, 1, 193),
(4145, 150, 9, 2013, 1, 194),
(4146, 100, 9, 2013, 1, 195),
(4147, 300, 9, 2013, 1, 196),
(4148, 300, 9, 2013, 1, 197),
(4149, 150, 9, 2013, 1, 198),
(4150, 250, 9, 2013, 1, 199),
(4151, 100, 9, 2013, 1, 200),
(4152, 300, 9, 2013, 1, 201),
(4153, 400, 9, 2013, 1, 202),
(4154, 200, 9, 2013, 1, 203),
(4155, 100, 9, 2013, 1, 204),
(4156, 200, 9, 2013, 1, 205),
(4157, 200, 9, 2013, 1, 206),
(4158, 300, 9, 2013, 1, 207),
(4159, 100, 9, 2013, 1, 208),
(4160, 200, 9, 2013, 1, 209),
(4161, 200, 9, 2013, 1, 210),
(4162, 300, 9, 2013, 1, 211),
(4163, 150, 9, 2013, 1, 212),
(4164, 150, 9, 2013, 1, 213),
(4165, 300, 9, 2013, 1, 214),
(4166, 100, 9, 2013, 1, 215),
(4167, 100, 9, 2013, 1, 216),
(4168, 500, 9, 2013, 1, 217),
(4169, 300, 9, 2013, 1, 218),
(4170, 150, 9, 2013, 1, 219),
(4171, 200, 9, 2013, 1, 220),
(4172, 200, 9, 2013, 1, 221),
(4173, 200, 9, 2013, 1, 222),
(4174, 200, 9, 2013, 1, 223),
(4175, 100, 9, 2013, 1, 224),
(4176, 100, 9, 2013, 1, 225),
(4177, 300, 9, 2013, 1, 226),
(4178, 350, 9, 2013, 1, 227),
(4179, 200, 9, 2013, 1, 228),
(4180, 400, 9, 2013, 1, 229),
(4181, 100, 9, 2013, 1, 230),
(4182, 300, 9, 2013, 1, 232),
(4183, 300, 9, 2013, 1, 233),
(4184, 200, 9, 2013, 1, 234),
(4185, 200, 9, 2013, 1, 235),
(4186, 250, 9, 2013, 1, 236),
(4187, 200, 9, 2013, 1, 237),
(4188, 200, 9, 2013, 1, 238),
(4189, 150, 9, 2013, 1, 239),
(4190, 100, 9, 2013, 1, 240),
(4191, 250, 9, 2013, 1, 241),
(4192, 100, 9, 2013, 1, 242),
(4193, 200, 9, 2013, 1, 243),
(4194, 300, 9, 2013, 1, 244),
(4195, 300, 9, 2013, 1, 245),
(4196, 200, 9, 2013, 1, 246),
(4197, 150, 9, 2013, 1, 247),
(4198, 150, 9, 2013, 1, 248),
(4199, 100, 9, 2013, 1, 249),
(4200, 150, 9, 2013, 1, 250),
(4201, 200, 9, 2013, 1, 251),
(4202, 200, 9, 2013, 1, 252),
(4203, 150, 9, 2013, 1, 253),
(4204, 500, 9, 2013, 1, 254),
(4205, 200, 9, 2013, 1, 255),
(4206, 150, 9, 2013, 1, 256),
(4207, 150, 9, 2013, 1, 257),
(4208, 300, 9, 2013, 1, 258),
(4209, 250, 9, 2013, 1, 260),
(4210, 100, 9, 2013, 1, 261),
(4211, 300, 9, 2013, 1, 262),
(4212, 300, 9, 2013, 1, 263),
(4213, 400, 9, 2013, 1, 264),
(4214, 150, 9, 2013, 1, 265),
(4215, 150, 9, 2013, 1, 266),
(4216, 200, 9, 2013, 1, 267),
(4217, 100, 9, 2013, 1, 268),
(4218, 100, 9, 2013, 1, 269),
(4219, 250, 9, 2013, 1, 270),
(4220, 100, 9, 2013, 1, 271),
(4221, 200, 9, 2013, 1, 272),
(4222, 200, 9, 2013, 1, 273),
(4223, 200, 9, 2013, 1, 274),
(4224, 100, 9, 2013, 1, 275),
(4225, 200, 9, 2013, 1, 276),
(4226, 100, 9, 2013, 1, 277),
(4227, 500, 9, 2013, 1, 278),
(4228, 100, 9, 2013, 1, 279),
(4229, 100, 9, 2013, 1, 280),
(4230, 300, 9, 2013, 1, 281),
(4231, 100, 9, 2013, 1, 282),
(4232, 150, 9, 2013, 1, 283),
(4233, 150, 9, 2013, 1, 284),
(4234, 500, 9, 2013, 1, 285),
(4235, 200, 9, 2013, 1, 287),
(4236, 150, 9, 2013, 1, 288),
(4237, 200, 9, 2013, 1, 289),
(4238, 100, 9, 2013, 1, 290),
(4239, 150, 9, 2013, 1, 291),
(4240, 150, 9, 2013, 1, 292),
(4241, 500, 9, 2013, 1, 293),
(4242, 150, 9, 2013, 1, 294),
(4243, 200, 9, 2013, 1, 295),
(4244, 200, 9, 2013, 1, 296),
(4245, 500, 9, 2013, 1, 297),
(4246, 300, 9, 2013, 1, 298),
(4247, 200, 9, 2013, 1, 299),
(4248, 300, 9, 2013, 1, 300),
(4249, 100, 9, 2013, 1, 301),
(4250, 200, 9, 2013, 1, 302),
(4251, 200, 9, 2013, 1, 303),
(4252, 500, 9, 2013, 1, 304),
(4253, 300, 9, 2013, 1, 305),
(4254, 200, 9, 2013, 1, 306),
(4255, 200, 9, 2013, 1, 307),
(4256, 250, 9, 2013, 1, 308),
(4257, 300, 9, 2013, 1, 310),
(4258, 500, 9, 2013, 1, 311),
(4259, 250, 9, 2013, 1, 312),
(4260, 100, 9, 2013, 1, 313),
(4261, 200, 9, 2013, 1, 314),
(4262, 300, 9, 2013, 1, 315),
(4263, 200, 9, 2013, 1, 316),
(4264, 100, 9, 2013, 1, 317),
(4265, 200, 9, 2013, 1, 318);

-- --------------------------------------------------------

--
-- Table structure for table `excento`
--

CREATE TABLE IF NOT EXISTS `excento` (
  `id` int(11) NOT NULL AUTO_INCREMENT,
  `val` int(11) DEFAULT NULL COMMENT '0: Ind, 1: 1 week...',
  `tipo` tinyint(1) DEFAULT NULL COMMENT '0: ahorro\n1: prestamo',
  `status` tinyint(1) DEFAULT '1' COMMENT '0: inactivo\n1: activo\n',
  `ahorro_id` int(11) NOT NULL,
  `prestamo_id` int(11) NOT NULL,
  PRIMARY KEY (`id`),
  KEY `fk_excento_ahorro1` (`ahorro_id`),
  KEY `fk_excento_prestamo1` (`prestamo_id`)
) ENGINE=InnoDB  DEFAULT CHARSET=latin1 AUTO_INCREMENT=29 ;

--
-- Dumping data for table `excento`
--

INSERT INTO `excento` (`id`, `val`, `tipo`, `status`, `ahorro_id`, `prestamo_id`) VALUES
(1, 1, 0, 1, 144, 0),
(2, 10, 0, 1, 115, 0),
(3, 1, 0, 1, 91, 0),
(4, 1, 0, 1, 114, 0),
(5, 1, 0, 1, 124, 0),
(6, 1, 0, 1, 128, 0),
(7, 1, 0, 1, 159, 0),
(8, 1, 1, 1, 0, 1054),
(9, 1, 0, 1, 165, 0),
(10, 1, 1, 1, 0, 1058),
(11, 1, 0, 1, 173, 0),
(12, 1, 1, 1, 0, 1063),
(13, 1, 0, 1, 238, 0),
(14, 3, 0, 1, 199, 0),
(15, 1, 0, 1, 274, 0),
(16, 1, 0, 1, 216, 0),
(17, 1, 0, 1, 213, 0),
(18, 2, 0, 1, 221, 0),
(19, 1, 0, 1, 242, 0),
(20, 1, 0, 1, 219, 0),
(21, 1, 0, 1, 240, 0),
(22, 1, 0, 1, 298, 0),
(23, 1, 0, 1, 222, 0),
(24, 1, 0, 1, 291, 0),
(25, 1, 1, 1, 0, 1069),
(26, 1, 0, 1, 307, 0),
(27, 1, 1, 1, 0, 1107),
(28, 1, 0, 1, 302, 0);

-- --------------------------------------------------------

--
-- Table structure for table `nomina`
--

CREATE TABLE IF NOT EXISTS `nomina` (
  `id` int(11) NOT NULL AUTO_INCREMENT,
  `week` int(11) DEFAULT NULL,
  `status` tinyint(1) DEFAULT '1' COMMENT '0: Inactive\n1: Tomada en cuenta',
  `periodo_id` int(11) NOT NULL,
  PRIMARY KEY (`id`,`periodo_id`),
  KEY `fk_nomina_periodo1` (`periodo_id`)
) ENGINE=InnoDB  DEFAULT CHARSET=latin1 AUTO_INCREMENT=142 ;

--
-- Dumping data for table `nomina`
--

INSERT INTO `nomina` (`id`, `week`, `status`, `periodo_id`) VALUES
(1, 2, 1, 1),
(2, 3, 1, 1),
(3, 4, 1, 1),
(4, 5, 1, 1),
(5, 6, 1, 1),
(6, 7, 1, 1),
(7, 8, 1, 1),
(8, 9, 1, 1),
(9, 10, 1, 1),
(10, 11, 1, 1),
(11, 12, 1, 1),
(12, 13, 1, 1),
(13, 14, 1, 1),
(14, 15, 1, 1),
(15, 16, 1, 1),
(16, 17, 1, 1),
(17, 18, 1, 1),
(18, 19, 1, 1),
(19, 20, 1, 1),
(20, 21, 1, 1),
(21, 22, 1, 1),
(22, 23, 1, 1),
(23, 24, 1, 1),
(24, 25, 1, 1),
(25, 26, 1, 1),
(26, 27, 1, 1),
(27, 28, 1, 1),
(28, 29, 1, 1),
(29, 30, 1, 1),
(30, 31, 1, 1),
(31, 32, 1, 1),
(32, 33, 1, 1),
(33, 34, 1, 1),
(34, 35, 1, 1),
(35, 36, 1, 1),
(36, 37, 1, 1),
(37, 38, 1, 1),
(38, 39, 1, 1),
(39, 40, 1, 1),
(40, 41, 1, 1),
(41, 42, 1, 1),
(42, 43, 1, 1),
(43, 44, 1, 1),
(44, 45, 1, 1),
(45, 46, 1, 1),
(46, 47, 1, 1),
(55, 1, 1, 3),
(56, 2, 1, 3),
(57, 3, 1, 3),
(58, 4, 1, 3),
(59, 5, 1, 3),
(60, 6, 1, 3),
(61, 7, 1, 3),
(62, 8, 1, 3),
(63, 9, 1, 3),
(64, 10, 1, 3),
(65, 11, 1, 3),
(66, 13, 1, 3),
(67, 14, 1, 3),
(68, 15, 1, 3),
(69, 16, 1, 3),
(70, 17, 1, 3),
(71, 18, 1, 3),
(72, 19, 1, 3),
(73, 20, 1, 3),
(74, 21, 1, 3),
(75, 22, 1, 3),
(76, 23, 1, 3),
(77, 24, 1, 3),
(78, 25, 1, 3),
(79, 26, 1, 3),
(80, 12, 1, 3),
(81, 27, 1, 3),
(82, 28, 1, 3),
(83, 29, 1, 3),
(84, 30, 1, 3),
(85, 1, 1, 4),
(86, 2, 1, 4),
(87, 3, 1, 4),
(88, 4, 1, 4),
(89, 5, 1, 4),
(90, 6, 1, 4),
(91, 7, 1, 4),
(92, 8, 1, 4),
(93, 9, 1, 4),
(94, 10, 1, 4),
(95, 11, 1, 4),
(96, 12, 1, 4),
(97, 13, 1, 4),
(98, 14, 1, 4),
(99, 15, 1, 4),
(100, 16, 1, 4),
(101, 17, 1, 4),
(102, 18, 1, 4),
(103, 19, 1, 4),
(104, 20, 1, 4),
(105, 1, 1, 5),
(106, 2, 1, 5),
(107, 3, 1, 5),
(108, 4, 1, 5),
(109, 5, 1, 5),
(110, 6, 1, 5),
(111, 7, 1, 5),
(112, 8, 1, 5),
(113, 9, 1, 5),
(114, 10, 1, 5),
(115, 11, 1, 5),
(116, 12, 1, 5),
(117, 13, 1, 5),
(118, 14, 1, 5),
(119, 15, 1, 5),
(120, 16, 1, 5),
(121, 17, 1, 5),
(122, 18, 1, 5),
(123, 19, 1, 5),
(124, 20, 1, 5),
(125, 1, 1, 6),
(126, 2, 1, 6),
(127, 3, 1, 6),
(128, 4, 1, 6),
(129, 5, 1, 6),
(130, 5, 1, 7),
(131, 1, 1, 8),
(132, 2, 1, 8),
(133, 3, 1, 8),
(134, 4, 1, 8),
(135, 5, 1, 8),
(138, 6, 1, 8),
(139, 7, 1, 8),
(140, 8, 1, 8),
(141, 9, 1, 8);

-- --------------------------------------------------------

--
-- Table structure for table `periodo`
--

CREATE TABLE IF NOT EXISTS `periodo` (
  `id` int(11) NOT NULL AUTO_INCREMENT,
  `start_week` int(11) DEFAULT NULL,
  `end_week` int(11) DEFAULT NULL,
  `year` int(11) DEFAULT NULL,
  `bank_amount` float DEFAULT '0',
  `status` tinyint(1) DEFAULT '1' COMMENT '0 : active\n1 : inactive',
  PRIMARY KEY (`id`)
) ENGINE=InnoDB  DEFAULT CHARSET=latin1 AUTO_INCREMENT=9 ;

--
-- Dumping data for table `periodo`
--

INSERT INTO `periodo` (`id`, `start_week`, `end_week`, `year`, `bank_amount`, `status`) VALUES
(1, 1, 51, 2012, 554.7, 3),
(3, 3, 12, 2013, 1000, 3),
(4, 1, 20, 2013, 2000, 3),
(5, 1, 20, 2013, 5000, 3),
(6, 1, 5, 2013, 1500, 3),
(7, 5, 10, 2013, 100, 3),
(8, 1, 47, 2013, 0, 1);

-- --------------------------------------------------------

--
-- Table structure for table `prestamo`
--

CREATE TABLE IF NOT EXISTS `prestamo` (
  `id` int(11) NOT NULL AUTO_INCREMENT,
  `monto_prestado` float DEFAULT NULL COMMENT 'tener el monto que se presto',
  `monto_total` varchar(45) DEFAULT NULL COMMENT '= monto prestado + interes ',
  `monto_pago` varchar(45) DEFAULT NULL COMMENT 'el monto que pagara semanalmente el empleado',
  `monto_abonado` float DEFAULT NULL COMMENT 'el monto que lleva abonado',
  `plazo` int(11) DEFAULT NULL,
  `interes` float DEFAULT NULL COMMENT 'el porcentaje de interes',
  `week` int(11) DEFAULT NULL,
  `year` int(11) DEFAULT NULL,
  `status` int(11) DEFAULT '1' COMMENT '0 : inactive\n1 : active\n2 : standby\n3 : close',
  `notes` text,
  `user_id` int(11) NOT NULL,
  `periodo_id` int(11) NOT NULL,
  PRIMARY KEY (`id`,`user_id`,`periodo_id`),
  KEY `fk_prestamo_user1` (`user_id`),
  KEY `fk_prestamo_periodo1` (`periodo_id`)
) ENGINE=InnoDB  DEFAULT CHARSET=latin1 AUTO_INCREMENT=1169 ;

--
-- Dumping data for table `prestamo`
--

INSERT INTO `prestamo` (`id`, `monto_prestado`, `monto_total`, `monto_pago`, `monto_abonado`, `plazo`, `interes`, `week`, `year`, `status`, `notes`, `user_id`, `periodo_id`) VALUES
(582, 2000, '2200', '220', 2200, 10, 200, 4, 2012, 3, NULL, 197, 1),
(583, 3000, '3300', '330', 3300, 10, 300, 13, 2012, 3, NULL, 197, 1),
(584, 2500, '2750', '275', 2750, 10, 250, 20, 2012, 3, NULL, 197, 1),
(585, 3000, '3300', '330', 3300, 10, 300, 28, 2012, 3, NULL, 197, 1),
(586, 3000, '3300', '330', 3300, 10, 300, 35, 2012, 3, NULL, 197, 1),
(587, 1200, '1320', '132', 1320, 10, 120, 4, 2012, 3, NULL, 198, 1),
(588, 1500, '1650', '165', 1650, 10, 150, 10, 2012, 3, NULL, 198, 1),
(589, 1000, '1150.00', '575.00', 990, 2, 150, 38, 2012, 3, NULL, 296, 1),
(590, 1000, '1100', '110', 1100, 10, 100, 31, 2012, 3, NULL, 198, 1),
(592, 1500, '1725', '172.5', 1725, 10, 225, 8, 2012, 3, NULL, 199, 1),
(593, 1500, '1650', '165', 1650, 10, 150, 12, 2012, 3, NULL, 199, 1),
(594, 3500, '3850', '385', 3850, 10, 350, 19, 2012, 3, NULL, 199, 1),
(595, 3000, '3300', '330', 3300, 10, 300, 25, 2012, 3, NULL, 199, 1),
(596, 5000, '5500', '550', 5500, 10, 500, 31, 2012, 3, NULL, 199, 1),
(597, 3000, '3300', '330', 3300, 10, 300, 34, 2012, 3, NULL, 199, 1),
(599, 1000, '1100', '110', 1100, 10, 100, 9, 2012, 3, NULL, 201, 1),
(600, 1720, '1892', '189.2', 1892, 10, 172, 20, 2012, 3, NULL, 201, 1),
(601, 2500, '2750.00', '275', 2750, 10, 250, 29, 2012, 3, NULL, 201, 1),
(602, 1000, '1100', '110', 1100, 10, 100, 34, 2012, 3, NULL, 201, 1),
(603, 800, '880', '110', 880, 8, 80, 3, 2012, 3, NULL, 202, 1),
(604, 3000, '3300', '330', 3300, 10, 300, 20, 2012, 3, NULL, 202, 1),
(605, 2000, '2200', '220', 2200, 10, 200, 31, 2012, 3, NULL, 202, 1),
(607, 1000, '1150', '115', 1150, 10, 150, 3, 2012, 3, NULL, 204, 1),
(608, 2000, '2200', '220', 2223.32, 10, 200, 26, 2012, 3, NULL, 204, 1),
(609, 1500, '1650', '165', 1650, 10, 150, 33, 2012, 3, NULL, 204, 1),
(610, 1000, '1150', '115', 1150, 10, 150, 12, 2012, 3, NULL, 205, 1),
(611, 1000, '1150', '115', 1150, 10, 150, 24, 2012, 3, NULL, 205, 1),
(613, 1000, '1100', '110', 1100, 10, 100, 10, 2012, 3, NULL, 206, 1),
(614, 500, '550', '55', 550, 10, 50, 17, 2012, 3, NULL, 206, 1),
(615, 1500, '1650', '165', 1650, 10, 150, 21, 2012, 3, NULL, 206, 1),
(616, 2000, '2200', '220', 2200, 10, 200, 31, 2012, 3, NULL, 206, 1),
(617, 1500, '1650', '165', 1650, 10, 150, 9, 2012, 3, NULL, 207, 1),
(618, 700, '770', '256.666666666667', 770, 3, 70, 14, 2012, 3, NULL, 207, 1),
(619, 5000, '5500', '785.714285714286', 5500, 7, 500, 20, 2012, 3, NULL, 207, 1),
(620, 3000, '3300', '825', 3300, 4, 300, 27, 2012, 3, NULL, 207, 1),
(621, 1000, '1100', '220', 1100, 5, 100, 29, 2012, 3, NULL, 207, 1),
(622, 1800, '2070.00', '1035.00', 1650, 2, 270, 38, 2012, 3, NULL, 299, 1),
(623, 2600, '2860', '286', 2860, 10, 260, 32, 2012, 3, NULL, 207, 1),
(624, 1200, '1320', '220', 1320, 6, 120, 34, 2012, 3, NULL, 207, 1),
(626, 500, '550', '110', 550, 5, 50, 3, 2012, 3, NULL, 208, 1),
(627, 1000, '1100', '110', 1100, 10, 100, 12, 2012, 3, NULL, 208, 1),
(628, 500, '550', '55', 550, 10, 50, 23, 2012, 3, NULL, 208, 1),
(629, 5000, '5500', '550', 5500, 10, 500, 25, 2012, 3, NULL, 209, 1),
(630, 4000, '4400.00', '440.00', 4400, 10, 400, 35, 2012, 3, NULL, 209, 1),
(631, 1000, '1150', '115', 1150, 10, 150, 4, 2012, 3, NULL, 210, 1),
(632, 1500, '1725', '172.5', 1725, 10, 225, 13, 2012, 3, NULL, 210, 1),
(633, 1000, '1150', '115', 1150, 10, 150, 20, 2012, 3, NULL, 210, 1),
(634, 2500, '2875', '287.5', 2875, 10, 375, 31, 2012, 3, NULL, 210, 1),
(635, 4000, '4400', '440', 4400, 10, 400, 8, 2012, 3, NULL, 211, 1),
(636, 1000, '1100', '220', 1100, 5, 100, 26, 2012, 3, NULL, 211, 1),
(637, 1000, '1100', '110', 1100, 10, 100, 32, 2012, 3, NULL, 211, 1),
(638, 3000, '3300', '330', 3300, 10, 300, 35, 2012, 3, NULL, 211, 1),
(639, 500, '550', '55', 550, 10, 50, 21, 2012, 3, NULL, 212, 1),
(640, 1000, '1100', '110', 1100, 10, 100, 4, 2012, 3, NULL, 213, 1),
(641, 1000, '1100', '110', 1100, 10, 100, 13, 2012, 3, NULL, 213, 1),
(642, 1000, '1100', '110', 1100, 10, 100, 24, 2012, 3, NULL, 213, 1),
(643, 1000, '1100', '110', 1100, 10, 100, 34, 2012, 3, NULL, 213, 1),
(644, 1000, '1100', '110', 1100, 10, 100, 35, 2012, 3, NULL, 213, 1),
(645, 800, '920', '92', 920, 10, 120, 3, 2012, 3, NULL, 214, 1),
(646, 1500, '1725', '172.5', 1725, 10, 225, 7, 2012, 3, NULL, 214, 1),
(647, 500, '550', '55', 550, 10, 50, 12, 2012, 3, NULL, 214, 1),
(648, 2000, '2200', '220', 2200, 10, 200, 23, 2012, 3, NULL, 214, 1),
(649, 1000, '1150.00', '575.00', 990, 2, 150, 38, 2012, 3, NULL, 300, 1),
(650, 2000, '2200', '220', 2200, 10, 200, 32, 2012, 3, NULL, 214, 1),
(651, 500, '550', '110', 550, 5, 50, 6, 2012, 3, NULL, 215, 1),
(652, 500, '550.00', '275.00', 550, 2, 50, 40, 2012, 3, NULL, 330, 1),
(653, 500, '550', '55', 550, 10, 50, 3, 2012, 3, NULL, 216, 1),
(654, 700, '770', '77', 770, 10, 70, 5, 2012, 3, NULL, 216, 1),
(655, 1500, '1650', '165', 1650, 10, 150, 16, 2012, 3, NULL, 216, 1),
(656, 1500, '1650', '165', 1650, 10, 150, 19, 2012, 3, NULL, 216, 1),
(657, 2500, '2750', '275', 2750, 10, 250, 26, 2012, 3, NULL, 216, 1),
(658, 600, '660', '110', 660, 6, 60, 30, 2012, 3, NULL, 216, 1),
(659, 500, '575.00', '287.50', 550, 2, 75, 37, 2012, 3, NULL, 295, 1),
(660, 3200, '3520', '352', 3520, 10, 320, 35, 2012, 3, NULL, 216, 1),
(661, 800, '880', '88', 880, 10, 80, 3, 2012, 3, NULL, 217, 1),
(662, 1800, '1980', '198', 1980, 10, 180, 8, 2012, 3, NULL, 217, 1),
(663, 700, '770', '77', 770, 10, 70, 17, 2012, 3, NULL, 217, 1),
(664, 2162, '2378.2', '237.82', 2378.2, 10, 216.2, 21, 2012, 3, NULL, 217, 1),
(665, 2000, '2300.00', '230.00', 2300, 10, 300, 30, 2012, 3, NULL, 337, 1),
(666, 600, '690.00', '345.00', 690, 2, 90, 39, 2012, 3, NULL, 321, 1),
(667, 1000, '1150', '115', 1150, 10, 150, 5, 2012, 3, NULL, 218, 1),
(668, 500, '550', '55', 550, 10, 50, 9, 2012, 3, NULL, 218, 1),
(669, 1000, '1100', '110', 1100, 10, 100, 18, 2012, 3, NULL, 218, 1),
(670, 1000, '1150.00', '575.00', 1150, 2, 150, 39, 2012, 3, NULL, 322, 1),
(671, 3500, '3850', '385', 3850, 10, 350, 32, 2012, 3, NULL, 218, 1),
(673, 1500, '1650', '165', 1650, 10, 150, 26, 2012, 3, NULL, 220, 1),
(674, 5000, '5500.00', '550.00', 5500, 10, 500, 32, 2012, 3, NULL, 220, 1),
(675, 2000, '2200.00', '220.00', 2200, 10, 200, 35, 2012, 3, NULL, 220, 1),
(676, 1500, '1650', '165', 1650, 10, 150, 3, 2012, 3, NULL, 221, 1),
(677, 1000, '1100', '110', 1100, 10, 100, 13, 2012, 3, NULL, 221, 1),
(678, 3500, '3850', '385', 3850, 10, 350, 16, 2012, 3, NULL, 221, 1),
(679, 1000, '1100', '220', 1100, 5, 100, 24, 2012, 3, NULL, 221, 1),
(680, 3000, '3450.00', '1725.00', 3450, 2, 450, 39, 2012, 3, NULL, 323, 1),
(681, 1500, '1650', '165', 1650, 10, 150, 31, 2012, 3, NULL, 221, 1),
(682, 1000, '1100', '110', 1100, 10, 100, 4, 2012, 3, NULL, 222, 1),
(683, 1000, '1100', '110', 1100, 10, 100, 13, 2012, 3, NULL, 222, 1),
(684, 2500, '2875.00', '1437.50', 2875, 2, 375, 39, 2012, 3, NULL, 320, 1),
(685, 1000, '1100', '110', 1100, 10, 100, 6, 2012, 3, NULL, 223, 1),
(686, 700, '770', '77', 770, 10, 70, 9, 2012, 3, NULL, 223, 1),
(687, 1000, '1100', '110', 1100, 10, 100, 16, 2012, 3, NULL, 223, 1),
(688, 700, '770', '77', 770, 10, 70, 21, 2012, 3, NULL, 223, 1),
(689, 1500, '1650', '165', 1650, 10, 150, 25, 2012, 3, NULL, 223, 1),
(690, 700, '770', '77', 770, 10, 70, 31, 2012, 3, NULL, 223, 1),
(691, 1500, '1650', '165', 1650, 10, 150, 35, 2012, 3, NULL, 223, 1),
(692, 2000, '2300', '230', 2300, 10, 300, 4, 2012, 3, NULL, 224, 1),
(693, 1000, '1150', '115', 1150, 10, 150, 12, 2012, 3, NULL, 224, 1),
(694, 2000, '2300', '230', 2300, 10, 300, 22, 2012, 3, NULL, 224, 1),
(695, 1600, '1840.00', '184.00', 1584, 10, 240, 36, 2012, 3, NULL, 309, 1),
(696, 10000, '11000', '1100', 11000, 10, 1000, 33, 2012, 3, NULL, 225, 1),
(697, 500, '575', '57.5', 575, 10, 75, 3, 2012, 3, NULL, 226, 1),
(698, 800, '920', '92', 920, 10, 120, 4, 2012, 3, NULL, 226, 1),
(699, 1500, '1725', '172.5', 1725, 10, 225, 10, 2012, 3, NULL, 226, 1),
(700, 1600, '1840', '184', 1840, 10, 240, 15, 2012, 3, NULL, 226, 1),
(701, 1600, '1840', '184', 1840, 10, 240, 19, 2012, 3, NULL, 226, 1),
(702, 1600, '1840', '184', 1840, 10, 240, 22, 2012, 3, NULL, 226, 1),
(703, 1600, '1840', '184', 1840, 10, 240, 27, 2012, 3, NULL, 226, 1),
(704, 500, '575', '57.5', 575, 10, 75, 31, 2012, 3, NULL, 226, 1),
(705, 660, '759', '75.9', 759, 10, 99, 33, 2012, 3, NULL, 226, 1),
(706, 1368, '1573.2', '157.32', 1573.2, 10, 205.2, 35, 2012, 3, NULL, 226, 1),
(707, 1500, '1725', '172.5', 1725, 10, 225, 7, 2012, 3, NULL, 227, 1),
(708, 2500, '2750', '275', 2750, 10, 250, 19, 2012, 3, NULL, 228, 1),
(709, 2500, '2750', '275', 2750, 10, 250, 26, 2012, 3, NULL, 229, 1),
(710, 4000, '4400', '440', 4400, 10, 400, 32, 2012, 3, NULL, 229, 1),
(711, 800, '920', '92', 920, 10, 120, 6, 2012, 3, NULL, 230, 1),
(712, 800, '920', '92', 920, 10, 120, 17, 2012, 3, NULL, 230, 1),
(713, 1300, '1495.00', '747.50', 1345.5, 2, 195, 38, 2012, 3, NULL, 302, 1),
(714, 500, '550', '110', 550, 5, 50, 10, 2012, 3, NULL, 231, 1),
(715, 1200, '1320', '132', 1320, 10, 120, 29, 2012, 3, NULL, 231, 1),
(716, 3000, '3300', '330', 3300, 10, 300, 5, 2012, 3, NULL, 232, 1),
(717, 1000, '1100', '110', 1100, 10, 100, 22, 2012, 3, NULL, 232, 1),
(718, 1000, '1100', '110', 1100, 10, 100, 24, 2012, 3, NULL, 232, 1),
(719, 800, '880', '110', 880, 8, 80, 33, 2012, 3, NULL, 232, 1),
(720, 1700, '1870', '187', 1870, 10, 170, 7, 2012, 3, NULL, 233, 1),
(721, 1500, '1650', '165', 1650, 10, 150, 20, 2012, 3, NULL, 233, 1),
(722, 2000, '2200', '550', 2200, 4, 200, 31, 2012, 3, NULL, 233, 1),
(723, 6000, '6600', '660', 6600, 10, 600, 35, 2012, 3, NULL, 233, 1),
(724, 1000, '1100', '110', 1100, 10, 100, 3, 2012, 3, NULL, 234, 1),
(725, 1000, '1100', '110', 1100, 10, 100, 13, 2012, 3, NULL, 234, 1),
(726, 2000, '2200', '220', 2200, 10, 200, 21, 2012, 3, NULL, 234, 1),
(727, 1000, '1100', '110', 1100, 10, 100, 25, 2012, 3, NULL, 234, 1),
(729, 2000, '2200', '220', 2200, 10, 200, 32, 2012, 3, NULL, 235, 1),
(730, 2200, '2420', '242', 2420, 10, 220, 3, 2012, 3, NULL, 236, 1),
(731, 500, '550', '110', 550, 5, 50, 7, 2012, 3, NULL, 236, 1),
(732, 500, '550', '55', 550, 10, 50, 9, 2012, 3, NULL, 236, 1),
(733, 1000, '1150', '115', 1150, 10, 150, 14, 2012, 3, NULL, 236, 1),
(734, 1500, '1725', '172.5', 1725, 10, 225, 22, 2012, 3, NULL, 236, 1),
(735, 1000, '1150', '115', 1150, 10, 150, 25, 2012, 3, NULL, 236, 1),
(736, 500, '575', '115', 575, 5, 75, 31, 2012, 3, NULL, 236, 1),
(737, 2000, '2300', '230', 2300, 10, 300, 34, 2012, 3, NULL, 236, 1),
(738, 1000, '1100', '110', 1100, 10, 100, 3, 2012, 3, NULL, 237, 1),
(739, 1200, '1320', '132', 1320, 10, 120, 12, 2012, 3, NULL, 237, 1),
(740, 1300, '1430', '143', 1430, 10, 130, 18, 2012, 3, NULL, 237, 1),
(741, 1300, '1430', '143', 1430, 10, 130, 22, 2012, 3, NULL, 237, 1),
(742, 1500, '1650', '165', 1650, 10, 150, 27, 2012, 3, NULL, 237, 1),
(743, 1500, '1725.00', '862.50', 1725, 2, 225, 39, 2012, 3, NULL, 312, 1),
(744, 1500, '1650.00', '165.00', 1650, 10, 150, 35, 2012, 3, NULL, 237, 1),
(745, 1000, '1100', '110', 1100, 10, 100, 7, 2012, 3, NULL, 239, 1),
(746, 1000, '1100', '110', 1100, 10, 100, 18, 2012, 3, NULL, 239, 1),
(747, 1000, '1100', '110', 1100, 10, 100, 27, 2012, 3, NULL, 239, 1),
(748, 2000, '2200', '220', 2200, 10, 200, 34, 2012, 3, NULL, 239, 1),
(749, 1500, '1650', '165', 1650, 10, 150, 4, 2012, 3, NULL, 240, 1),
(750, 1000, '1100', '110', 1100, 10, 100, 11, 2012, 3, NULL, 240, 1),
(751, 1500, '1650', '165', 1650, 10, 150, 19, 2012, 3, NULL, 240, 1),
(752, 1500, '1725.00', '862.50', 1725, 2, 225, 39, 2012, 3, NULL, 317, 1),
(753, 1000, '1150', '115', 1150, 10, 150, 23, 2012, 3, NULL, 241, 1),
(754, 1000, '1150', '287.5', 1150, 4, 150, 6, 2012, 3, NULL, 242, 1),
(755, 2000, '2300', '230', 2300, 10, 300, 13, 2012, 3, NULL, 242, 1),
(756, 1000, '1150', '115', 1150, 10, 150, 35, 2012, 3, NULL, 242, 1),
(757, 1000, '1100', '110', 1100, 10, 100, 5, 2012, 3, NULL, 243, 1),
(758, 1300, '1430', '143', 1430, 10, 130, 14, 2012, 3, NULL, 243, 1),
(759, 3000, '3300', '330', 3300, 10, 300, 9, 2012, 3, NULL, 244, 1),
(760, 2000, '2200', '220', 2200, 10, 200, 14, 2012, 3, NULL, 244, 1),
(761, 3000, '3300', '330', 3300, 10, 300, 14, 2012, 3, NULL, 245, 1),
(762, 5000, '5500', '550', 5500, 10, 500, 21, 2012, 3, NULL, 245, 1),
(763, 700, '805.00', '402.50', 805, 2, 105, 39, 2012, 3, NULL, 324, 1),
(764, 6000, '6600', '660', 6600, 10, 600, 33, 2012, 3, NULL, 245, 1),
(766, 6000, '6600', '660', 6600, 10, 600, 10, 2012, 3, NULL, 247, 1),
(767, 7000, '7700', '770', 7700, 10, 700, 23, 2012, 3, NULL, 247, 1),
(768, 1000, '1100', '110', 1100, 10, 100, 26, 2012, 3, NULL, 247, 1),
(769, 2000, '2200', '220', 2200, 10, 200, 31, 2012, 3, NULL, 247, 1),
(770, 1000, '1100', '110', 1100, 10, 100, 7, 2012, 3, NULL, 248, 1),
(771, 2000, '2200', '220', 2200, 10, 200, 18, 2012, 3, NULL, 248, 1),
(772, 1000, '1100', '110', 1100, 10, 100, 20, 2012, 3, NULL, 248, 1),
(773, 1500, '1650', '165', 1650, 10, 150, 26, 2012, 3, NULL, 248, 1),
(774, 2000, '2200', '220', 2200, 10, 200, 30, 2012, 3, NULL, 248, 1),
(775, 2000, '2200', '220', 2200, 10, 200, 5, 2012, 3, NULL, 249, 1),
(776, 3500, '3850', '385', 3850, 10, 350, 13, 2012, 3, NULL, 249, 1),
(777, 4000, '4400', '440', 4400, 10, 400, 23, 2012, 3, NULL, 249, 1),
(778, 4000, '4400', '440', 4400, 10, 400, 31, 2012, 3, NULL, 249, 1),
(779, 800, '920', '92', 920, 10, 120, 27, 2012, 3, NULL, 250, 1),
(780, 1500, '1725', '172.5', 1725, 10, 225, 6, 2012, 3, NULL, 251, 1),
(781, 1800, '2070', '207', 2070, 10, 270, 19, 2012, 3, NULL, 251, 1),
(782, 2000, '2300', '230', 2300, 10, 300, 31, 2012, 3, NULL, 251, 1),
(783, 1000, '1100', '110', 1100, 10, 100, 3, 2012, 3, NULL, 252, 1),
(784, 500, '550', '55', 550, 10, 50, 10, 2012, 3, NULL, 252, 1),
(785, 2000, '2300', '230', 2300, 10, 300, 16, 2012, 3, NULL, 252, 1),
(786, 1000, '1150', '115', 1150, 10, 150, 23, 2012, 3, NULL, 252, 1),
(787, 1500, '1725.00', '862.50', 1725, 2, 225, 39, 2012, 3, NULL, 315, 1),
(788, 1500, '1725', '172.5', 1725, 10, 225, 33, 2012, 3, NULL, 252, 1),
(789, 2000, '2200', '220', 2200, 10, 200, 26, 2012, 3, NULL, 253, 1),
(790, 500, '575', '287.5', 575, 2, 75, 6, 2012, 3, NULL, 254, 1),
(791, 500, '575', '115', 575, 5, 75, 17, 2012, 3, NULL, 254, 1),
(792, 2000, '2300', '230', 2300, 10, 300, 22, 2012, 3, NULL, 254, 1),
(793, 3000, '3450', '345', 3450, 10, 450, 26, 2012, 3, NULL, 254, 1),
(794, 1500, '1650', '165', 1650, 10, 150, 5, 2012, 3, NULL, 255, 1),
(795, 1800, '1980', '330', 1980, 6, 180, 17, 2012, 3, NULL, 255, 1),
(796, 1200, '1320', '132', 1320, 10, 120, 23, 2012, 3, NULL, 255, 1),
(797, 2500, '2750', '275', 2750, 10, 250, 29, 2012, 3, NULL, 255, 1),
(799, 1000, '1100', '110', 1100, 10, 100, 8, 2012, 3, NULL, 257, 1),
(800, 600, '660', '66', 660, 10, 60, 12, 2012, 3, NULL, 257, 1),
(801, 1500, '1650', '165', 1650, 10, 150, 19, 2012, 3, NULL, 257, 1),
(802, 1000, '1100', '110', 1100, 10, 100, 23, 2012, 3, NULL, 257, 1),
(803, 1000, '1100', '220', 1100, 5, 100, 25, 2012, 3, NULL, 257, 1),
(804, 2000, '2200', '220', 2200, 10, 200, 30, 2012, 3, NULL, 257, 1),
(805, 1500, '1650', '165', 1650, 10, 150, 31, 2012, 3, NULL, 257, 1),
(807, 4000, '4400', '440', 4400, 10, 400, 7, 2012, 3, NULL, 259, 1),
(808, 6000, '6600', '660', 6600, 10, 600, 17, 2012, 3, NULL, 259, 1),
(809, 2000, '2200', '550', 2200, 4, 200, 23, 2012, 3, NULL, 259, 1),
(810, 7000, '8050.00', '4025.00', 6930, 2, 1050, 38, 2012, 3, NULL, 303, 1),
(811, 3000, '3300', '330', 3300, 10, 300, 29, 2012, 3, NULL, 259, 1),
(812, 1600, '1760', '176', 1760, 10, 160, 8, 2012, 3, NULL, 260, 1),
(813, 500, '550', '110', 550, 5, 50, 13, 2012, 3, NULL, 260, 1),
(814, 1500, '1650', '165', 1650, 10, 150, 18, 2012, 3, NULL, 260, 1),
(815, 500, '550', '55', 550, 10, 50, 23, 2012, 3, NULL, 260, 1),
(816, 500, '575.00', '287.50', 575, 2, 75, 39, 2012, 3, NULL, 325, 1),
(817, 1500, '1650', '165', 1650, 10, 150, 34, 2012, 3, NULL, 260, 1),
(818, 1000, '1150', '115', 1150, 10, 150, 5, 2012, 3, NULL, 261, 1),
(819, 1000, '1150', '115', 1150, 10, 150, 17, 2012, 3, NULL, 261, 1),
(820, 1500, '1725', '172.5', 1725, 10, 225, 24, 2012, 3, NULL, 261, 1),
(821, 1000, '1150.00', '575.00', 1150, 2, 150, 39, 2012, 3, NULL, 316, 1),
(822, 1500, '1725', '172.5', 1725, 10, 225, 35, 2012, 3, NULL, 261, 1),
(823, 2500, '2750', '275', 2750, 10, 250, 5, 2012, 3, NULL, 262, 1),
(824, 1500, '1650', '165', 1650, 10, 150, 10, 2012, 3, NULL, 262, 1),
(825, 5000, '5500', '550', 5500, 10, 500, 15, 2012, 3, NULL, 262, 1),
(826, 2500, '2750', '275', 2750, 10, 250, 22, 2012, 3, NULL, 262, 1),
(827, 5000, '5500', '550', 5500, 10, 500, 30, 2012, 3, NULL, 262, 1),
(828, 3000, '3300', '330', 3300, 10, 300, 33, 2012, 3, NULL, 262, 1),
(829, 5000, '5500', '550', 5500, 10, 500, 6, 2012, 3, NULL, 263, 1),
(830, 1000, '1100', '110', 1100, 10, 100, 4, 2012, 3, NULL, 264, 1),
(831, 5000, '5500', '550', 5500, 10, 500, 11, 2012, 3, NULL, 264, 1),
(832, 1000, '1100', '110', 1100, 10, 100, 33, 2012, 3, NULL, 264, 1),
(834, 5000, '5500', '550', 5500, 10, 500, 14, 2012, 3, NULL, 265, 1),
(835, 10000, '11000', '1100', 11000, 10, 1000, 32, 2012, 3, NULL, 265, 1),
(836, 1000, '1100', '110', 1100, 10, 100, 3, 2012, 3, NULL, 266, 1),
(837, 500, '575', '57.5', 575, 10, 75, 9, 2012, 3, NULL, 266, 1),
(838, 1000, '1150', '115', 1150, 10, 150, 27, 2012, 3, NULL, 266, 1),
(839, 1000, '1100', '110', 1100, 10, 100, 7, 2012, 3, NULL, 267, 1),
(840, 1000, '1100', '110', 1100, 10, 100, 18, 2012, 3, NULL, 267, 1),
(841, 1500, '1650', '165', 1650, 10, 150, 22, 2012, 3, NULL, 267, 1),
(842, 700, '770', '110', 770, 7, 70, 28, 2012, 3, NULL, 267, 1),
(843, 400, '440', '220', 440, 2, 40, 31, 2012, 3, NULL, 267, 1),
(844, 1100, '1210', '121', 1210, 10, 110, 7, 2012, 3, NULL, 268, 1),
(845, 2000, '2200', '220', 2200, 10, 200, 13, 2012, 3, NULL, 268, 1),
(846, 1200, '1320', '132', 1320, 10, 120, 18, 2012, 3, NULL, 268, 1),
(847, 2000, '2200', '220', 2200, 10, 200, 22, 2012, 3, NULL, 268, 1),
(848, 1500, '1725.00', '862.50', 1485, 2, 225, 38, 2012, 3, NULL, 304, 1),
(849, 2000, '2200', '220', 2200, 10, 200, 32, 2012, 3, NULL, 268, 1),
(850, 500, '550', '55', 550, 10, 50, 4, 2012, 3, NULL, 269, 1),
(851, 500, '575', '115', 575, 5, 75, 8, 2012, 3, NULL, 269, 1),
(853, 3000, '3300', '330', 3300, 10, 300, 5, 2012, 3, NULL, 271, 1),
(854, 2000, '2300', '230', 2300, 10, 300, 17, 2012, 3, NULL, 271, 1),
(855, 3000, '3450', '345', 3300, 10, 450, 30, 2012, 3, NULL, 271, 1),
(857, 1000, '1100', '220', 1100, 5, 100, 10, 2012, 3, NULL, 273, 1),
(858, 1500, '1650', '165', 1650, 10, 150, 26, 2012, 3, NULL, 273, 1),
(859, 500, '550', '110', 550, 5, 50, 28, 2012, 3, NULL, 273, 1),
(860, 1000, '1100', '110', 1100, 10, 100, 31, 2012, 3, NULL, 273, 1),
(861, 2000, '2200', '220', 2200, 10, 200, 35, 2012, 3, NULL, 273, 1),
(862, 1800, '1980', '198', 1980, 10, 180, 13, 2012, 3, NULL, 274, 1),
(863, 1000, '1150.00', '575.00', 1150, 2, 150, 39, 2012, 3, NULL, 319, 1),
(864, 1000, '1150', '115', 1150, 10, 150, 3, 2012, 3, NULL, 275, 1),
(865, 2000, '2300', '230', 2300, 10, 300, 34, 2012, 3, NULL, 275, 1),
(866, 500, '575', '57.5', 575, 10, 75, 8, 2012, 3, NULL, 276, 1),
(867, 800, '920', '92', 920, 10, 120, 17, 2012, 3, NULL, 276, 1),
(868, 700, '805', '80.5', 805, 10, 105, 24, 2012, 3, NULL, 276, 1),
(869, 700, '805.00', '402.50', 805, 2, 105, 39, 2012, 3, NULL, 326, 1),
(870, 600, '690', '69', 690, 10, 90, 35, 2012, 3, NULL, 276, 1),
(871, 500, '575', '115', 575, 5, 75, 20, 2012, 3, NULL, 277, 1),
(873, 2000, '2200', '220', 2200, 10, 200, 7, 2012, 3, NULL, 278, 1),
(874, 2000, '2300.00', '1150.00', 2070, 2, 300, 38, 2012, 3, NULL, 305, 1),
(875, 1000, '1150', '115', 1150, 10, 150, 31, 2012, 3, NULL, 278, 1),
(876, 3000, '3450', '1150', 3450, 3, 450, 22, 2012, 3, NULL, 279, 1),
(878, 2000, '2200', '220', 2200, 10, 200, 17, 2012, 3, NULL, 280, 1),
(879, 700, '805', '402.5', 805, 2, 105, 22, 2012, 3, NULL, 281, 1),
(880, 800, '920', '184', 920, 5, 120, 27, 2012, 3, NULL, 281, 1),
(881, 1200, '1380.00', '345.00', 1380, 4, 180, 35, 2012, 3, NULL, 334, 1),
(882, 1000, '1150', '115', 1150, 10, 150, 34, 2012, 3, NULL, 282, 1),
(883, 600, '690', '69', 690, 10, 90, 34, 2012, 3, NULL, 283, 1),
(884, 600, '690', '230', 690, 3, 90, 31, 2012, 3, NULL, 284, 1),
(885, 1000, '1150.00', '287.50', 1150, 4, 150, 35, 2012, 3, NULL, 335, 1),
(886, 800, '920', '92', 920, 10, 120, 27, 2012, 3, NULL, 285, 1),
(887, 500, '575', '287.5', 575, 2, 75, 34, 2012, 3, NULL, 286, 1),
(888, 500, '575', '287.5', 575, 2, 75, 24, 2012, 3, NULL, 287, 1),
(889, 500, '575', '287.5', 575, 2, 75, 26, 2012, 3, NULL, 287, 1),
(890, 500, '575', '287.5', 575, 2, 75, 28, 2012, 3, NULL, 287, 1),
(891, 600, '690', '345', 690, 2, 90, 31, 2012, 3, NULL, 287, 1),
(893, 500, '575', '57.5', 575, 10, 75, 23, 2012, 3, NULL, 288, 1),
(894, 500, '575.00', '95.83', 575, 6, 75, 33, 2012, 3, NULL, 288, 1),
(896, 500, '575', '57.5', 575, 10, 75, 35, 2012, 3, NULL, 289, 1),
(897, 500, '575', '115', 575, 5, 75, 31, 2012, 3, NULL, 290, 1),
(899, 500, '575.00', '143.75', 575, 4, 75, 33, 2012, 3, NULL, 331, 1),
(900, 500, '575', '57.5', 575, 10, 75, 35, 2012, 3, NULL, 292, 1),
(901, 500, '575.00', '57.50', 575, 10, 75, 36, 2012, 3, NULL, 288, 1),
(902, 700, '805.00', '80.50', 805, 10, 105, 36, 2012, 3, NULL, 290, 1),
(903, 1000, '1100.00', '110.00', 1100, 10, 100, 36, 2012, 3, NULL, 198, 1),
(904, 600, '690.00', '69.00', 690, 10, 90, 36, 2012, 3, NULL, 256, 1),
(905, 10000, '11000.00', '1100.00', 11000, 10, 1000, 36, 2012, 3, NULL, 270, 1),
(906, 900, '990.00', '330.00', 990, 3, 90, 36, 2012, 3, NULL, 207, 1),
(907, 1000, '1100.00', '110.00', 1100, 10, 100, 36, 2012, 3, NULL, 234, 1),
(908, 800, '920.00', '230.00', 920, 4, 120, 36, 2012, 3, NULL, 287, 1),
(909, 1000, '1150.00', '115.00', 1150, 10, 150, 36, 2012, 3, NULL, 277, 1),
(910, 1000, '1150.00', '115.00', 1150, 10, 150, 36, 2012, 3, NULL, 205, 1),
(911, 3000, '3300.00', '660.00', 3300, 5, 300, 36, 2012, 3, NULL, 264, 1),
(912, 500, '575.00', '115.00', 575, 5, 75, 36, 2012, 3, NULL, 293, 1),
(913, 2000, '2300.00', '575.00', 2300, 4, 300, 36, 2012, 3, NULL, 279, 1),
(914, 3000, '3300.00', '330.00', 3300, 10, 300, 37, 2012, 3, NULL, 221, 1),
(915, 600, '660.00', '82.50', 660, 8, 60, 37, 2012, 3, NULL, 216, 1),
(916, 3300, '3795.00', '1897.50', NULL, 2, 495, 38, 2012, 3, NULL, 298, 1),
(917, 3000, '3300.00', '330.00', 3300, 10, 300, 37, 2012, 3, NULL, 199, 1),
(918, 1200, '1320.00', '132.00', 1320, 10, 120, 37, 2012, 3, NULL, 260, 1),
(919, 500, '575.00', '57.50', 575, 10, 75, 37, 2012, 3, NULL, 252, 1),
(920, 7000, '7700.00', '770.00', 7700, 10, 700, 37, 2012, 3, NULL, 247, 1),
(921, 500, '550.00', '110.00', 550, 5, 50, 37, 2012, 3, NULL, 274, 1),
(922, 1000, '1100.00', '110.00', 1100, 10, 100, 37, 2012, 3, NULL, 201, 1),
(923, 1000, '1100.00', '110.00', 1100, 10, 100, 37, 2012, 3, NULL, 218, 1),
(924, 5000, '5750.00', '575.00', 5750, 10, 750, 37, 2012, 3, NULL, 278, 1),
(925, 400, '440.00', '110.00', 440, 4, 40, 37, 2012, 3, NULL, 232, 1),
(926, 500, '575.00', '115.00', 575, 5, 75, 37, 2012, 3, NULL, 261, 1),
(927, 500, '575.00', '57.50', 575, 10, 75, 37, 2012, 3, NULL, 236, 1),
(928, 500, '575.00', '191.67', 575, 3, 75, 37, 2012, 3, NULL, 230, 1),
(929, 1000, '1150.00', '230.00', 1150, 10, 150, 37, 2012, 3, NULL, 210, 1),
(930, 3000, '3300.00', '330.00', 3300, 10, 300, 37, 2012, 3, NULL, 257, 1),
(931, 8000, '8800.00', '880.00', 8800, 10, 800, 37, 2012, 3, NULL, 259, 1),
(932, 3300, '3630.00', '363.00', 3630, 10, 330, 37, 2012, 3, NULL, 207, 1),
(933, 1000, '1150.00', '115.00', 1150, 10, 150, 37, 2012, 3, NULL, 308, 1),
(955, 5000, '5750.00', '638.89', 5750.01, 9, 750, 38, 2012, 3, NULL, 311, 1),
(956, 800, '920.00', '102.22', 919.98, 9, 120, 38, 2012, 3, NULL, 310, 1),
(957, 1000, '1150.00', '127.78', 1150.02, 9, 150, 38, 2012, 3, NULL, 250, 1),
(958, 1500, '1650.00', '183.33', 1649.97, 9, 150, 38, 2012, 3, NULL, 240, 1),
(959, 900, '990.00', '110.00', 990, 9, 90, 38, 2012, 3, NULL, 209, 1),
(960, 1800, '1980.00', '220.00', 1980, 9, 180, 38, 2012, 3, NULL, 217, 1),
(961, 1500, '1650.00', '183.33', 1649.97, 9, 150, 38, 2012, 3, NULL, 237, 1),
(962, 1000, '1100.00', '122.22', 1099.98, 9, 100, 38, 2012, 3, NULL, 206, 1),
(963, 1800, '1980.00', '220.00', 1980, 9, 180, 38, 2012, 3, NULL, 214, 1),
(964, 2000, '2200.00', '244.44', 2199.96, 9, 200, 38, 2012, 3, NULL, 222, 1),
(965, 500, '550.00', '110.00', 550, 5, 50, 39, 2012, 3, NULL, 215, 1),
(966, 800, '920.00', '230.00', 920, 4, 120, 39, 2012, 3, NULL, 287, 1),
(967, 1200, '1320.00', '165.00', 1320, 8, 120, 39, 2012, 3, NULL, 197, 1),
(968, 1500, '1650.00', '206.25', 1650, 8, 150, 39, 2012, 3, NULL, 198, 1),
(969, 600, '690.00', '86.25', 690, 8, 90, 39, 2012, 3, NULL, 276, 1),
(970, 1000, '1100.00', '137.50', 1100, 8, 100, 39, 2012, 3, NULL, 223, 1),
(971, 500, '575.00', '71.88', 575.04, 8, 75, 39, 2012, 3, NULL, 327, 1),
(972, 2500, '2750.00', '343.75', 2750, 8, 250, 39, 2012, 3, NULL, 268, 1),
(973, 2500, '2750.00', '343.75', 2750, 8, 250, 39, 2012, 3, NULL, 225, 1),
(974, 1000, '1150.00', '143.75', 1150, 8, 150, 39, 2012, 3, NULL, 284, 1),
(975, 900, '1035.00', '129.38', 1035.04, 8, 135, 39, 2012, 3, NULL, 286, 1),
(976, 1300, '1430.00', '204.29', 1430.03, 7, 130, 40, 2012, 3, NULL, 216, 1),
(977, 2400, '2640.00', '377.14', 2639.98, 7, 240, 40, 2012, 3, NULL, 207, 1),
(978, 1000, '1100.00', '157.14', 1099.98, 7, 100, 40, 2012, 3, NULL, 257, 1),
(979, 1500, '1725.00', '246.43', 1725.01, 7, 225, 40, 2012, 3, NULL, 220, 1),
(980, 3000, '3300.00', '471.43', 3300.01, 7, 300, 40, 2012, 3, NULL, 262, 1),
(981, 600, '660.00', '165.00', 660, 4, 60, 40, 2012, 3, NULL, 199, 1),
(982, 600, '660.00', '110.00', 660, 6, 60, 41, 2012, 3, NULL, 231, 1),
(983, 1400, '1540.00', '256.67', 1540.02, 6, 140, 41, 2012, 3, NULL, 207, 1),
(984, 1000, '1100.00', '183.33', 1099.98, 6, 100, 41, 2012, 3, NULL, 214, 1),
(985, 1000, '1100.00', '183.33', 1099.98, 6, 100, 41, 2012, 3, NULL, 217, 1),
(986, 600, '690.00', '115.00', 690, 6, 90, 41, 2012, 3, NULL, 230, 1),
(987, 1000, '1100.00', '183.33', 1099.98, 6, 100, 41, 2012, 3, NULL, 199, 1),
(988, 1000, '1150.00', '191.67', 1150, 6, 150, 41, 2012, 3, NULL, 252, 1),
(989, 600, '660.00', '110.00', 660, 6, 60, 41, 2012, 3, NULL, 246, 1),
(990, 1000, '1100.00', '183.33', 1099.98, 6, 100, 41, 2012, 3, NULL, 206, 1),
(991, 9000, '9900.00', '1650.00', 9900, 6, 900, 41, 2012, 3, NULL, 247, 1),
(992, 700, '770.00', '154.00', 770, 5, 70, 41, 2012, 3, NULL, 245, 1),
(993, 5000, '5750.00', '1150.00', 5750, 5, 750, 41, 2012, 3, NULL, 278, 1),
(994, 500, '550.00', '110.00', 550, 5, 50, 41, 2012, 3, NULL, 208, 1),
(995, 2500, '2750.00', '916.67', 2750.01, 3, 250, 41, 2012, 3, NULL, 259, 1),
(996, 600, '690.00', '172.50', 690, 4, 90, 42, 2012, 3, NULL, 287, 1),
(997, 1000, '1100.00', '220.00', 1100, 5, 100, 42, 2012, 3, NULL, 257, 1),
(998, 500, '575.00', '115.00', 575, 5, 75, 42, 2012, 3, NULL, 290, 1),
(999, 500, '550.00', '110.00', 550, 5, 50, 42, 2012, 3, NULL, 218, 1),
(1000, 1000, '1100.00', '220.00', 1100, 5, 100, 42, 2012, 3, NULL, 221, 1),
(1001, 1000, '1100.00', '220.00', 1100, 5, 100, 42, 2012, 3, NULL, 223, 1),
(1002, 500, '550.00', '110.00', 550, 5, 50, 42, 2012, 3, NULL, 234, 1),
(1003, 500, '575.00', '115.00', 575, 5, 75, 42, 2012, 3, NULL, 293, 1),
(1004, 500, '550.00', '110.00', 550, 5, 50, 42, 2012, 3, NULL, 212, 1),
(1005, 700, '805.00', '161.00', 805, 5, 105, 42, 2012, 3, NULL, 338, 1),
(1006, 1000, '1150.00', '230.00', 1150, 5, 150, 42, 2012, 3, NULL, 220, 1),
(1007, 300, '345.00', '172.50', 345, 2, 45, 43, 2012, 3, NULL, 288, 1),
(1008, 1100, '1210.00', '302.50', 1210, 4, 110, 43, 2012, 3, NULL, 199, 1),
(1009, 700, '770.00', '192.50', 770, 4, 70, 43, 2012, 3, NULL, 218, 1),
(1010, 800, '880.00', '220.00', 880, 4, 80, 43, 2012, 3, NULL, 207, 1),
(1011, 1000, '1100.00', '275.00', 1100, 4, 100, 43, 2012, 3, NULL, 197, 1),
(1012, 500, '575.00', '191.67', 575.01, 3, 75, 44, 2012, 3, NULL, 236, 1),
(1013, 500, '550.00', '183.33', 549.99, 3, 50, 44, 2012, 3, NULL, 199, 1),
(1014, 800, '880.00', '293.33', 879.99, 3, 80, 44, 2012, 3, NULL, 233, 1),
(1015, 500, '550.00', '183.33', 549.99, 3, 50, 44, 2012, 3, NULL, 197, 1),
(1016, 500, '575.00', '287.50', 575, 2, 75, 45, 2012, 3, NULL, 288, 1),
(1017, 350, '385.00', '192.50', 385, 2, 35, 45, 2012, 3, NULL, 217, 1),
(1018, 300, '330.00', '330.00', 330, 1, 30, 46, 2012, 3, NULL, 199, 1),
(1019, 400, '460.00', '460.00', 460, 1, 60, 46, 2012, 3, NULL, 290, 1),
(1020, 300, '330.00', '330.00', 330, 1, 30, 46, 2012, 3, NULL, 216, 1),
(1021, 400, '440.00', '440.00', 440, 1, 40, 46, 2012, 3, NULL, 233, 1),
(1022, 300, '330.00', '330.00', 330, 1, 30, 46, 2012, 3, NULL, 198, 1),
(1023, 1000, '1100.00', '366.67', 1100.01, 3, 100, 3, 2013, 3, NULL, 220, 1),
(1031, 2000, '2200.00', '550.00', 2200, 4, 200, 4, 2013, 3, NULL, 220, 3),
(1032, 1000, '1150.00', '287.50', 1150, 4, 150, 4, 2013, 3, NULL, 201, 3),
(1033, 1000, '1150.00', '287.50', 1150, 4, 150, 4, 2013, 3, NULL, 206, 3),
(1034, 1000, '1100.00', '550.00', 1100, 2, 100, 8, 2013, 3, NULL, 220, 3),
(1035, 1000, '1100.00', '550.00', 1100, 2, 100, 8, 2013, 3, NULL, 197, 3),
(1036, 1000, '1100.00', '550.00', 1100, 2, 100, 9, 2013, 3, NULL, 220, 3),
(1037, 1000, '1100.00', '550.00', 1100, 2, 100, 9, 2013, 3, NULL, 197, 3),
(1038, 2000, '2200.00', '1100.00', 2200, 2, 200, 10, 2013, 3, NULL, 220, 3),
(1039, 3000, '3300.00', '1650.00', 3300, 2, 300, 10, 2013, 3, NULL, 197, 3),
(1040, 500, '550.00', '550.00', 550, 1, 50, 11, 2013, 3, NULL, 220, 3),
(1041, 1500, '1650.00', '1650.00', 1650, 1, 150, 4, 2013, 3, NULL, 197, 3),
(1042, 1000, '1100.00', '220.00', 1100, 5, 100, 13, 2013, 3, NULL, 209, 3),
(1043, 3000, '3300.00', '660.00', 3300, 5, 300, 13, 2013, 3, NULL, 231, 3),
(1044, 5000, '5500.00', '1100.00', 5500, 5, 500, 14, 2013, 3, NULL, 231, 3),
(1045, 5000, '5500.00', '1100.00', 5500, 5, 500, 14, 2013, 3, NULL, 209, 3),
(1046, 3500, '3850.00', '770.00', 3850, 5, 350, 15, 2013, 3, NULL, 209, 3),
(1047, 1000, '1100.00', '275.00', 1100, 4, 100, 16, 2013, 3, NULL, 220, 3),
(1048, 5000, '5500.00', '1100.00', 5500, 5, 500, 16, 2013, 3, NULL, 209, 3),
(1049, 5000, '5500.00', '1100.00', 5500, 5, 500, 17, 2013, 3, NULL, 209, 3),
(1050, 3000, '3450.00', '1150.00', 3450, 3, 450, 23, 2013, 3, NULL, 201, 3),
(1051, 5000, '5500.00', '550.00', 5500, 10, 500, 2, 2013, 3, NULL, 220, 4),
(1052, 1000, '1100.00', '220.00', 1100, 5, 100, 2, 2013, 3, NULL, 231, 4),
(1053, 1000, '1150.00', '230.00', 1150, 5, 150, 2, 2013, 3, NULL, 203, 4),
(1054, 5000, '5750.00', '575.00', 5750, 10, 750, 2, 2013, 3, NULL, 206, 4),
(1055, 2000, '2200.00', '220.00', 2200, 10, 200, 11, 2013, 3, NULL, 217, 4),
(1056, 2000, '2200.00', '220.00', 2200, 10, 200, 2, 2013, 3, NULL, 220, 5),
(1057, 3000, '3300.00', '550.00', 3300, 6, 300, 2, 2013, 3, NULL, 231, 5),
(1058, 5000, '5750.00', '575.00', 5750, 10, 750, 2, 2013, 3, NULL, 202, 5),
(1059, 1000, '1150.00', '230.00', 1150, 5, 150, 2, 2013, 3, NULL, 198, 5),
(1060, 500, '575.00', '191.67', 575.01, 3, 75, 2, 2013, 3, NULL, 200, 5),
(1061, 1000, '1150.00', '383.33', 1149.99, 3, 150, 2, 2013, 3, NULL, 238, 6),
(1062, 5000, '5750.00', '1150.00', 5750, 5, 750, 2, 2013, 3, NULL, 339, 6),
(1063, 1000, '1100.00', '275.00', 1100, 4, 100, 1, 2013, 3, NULL, 209, 6),
(1064, 1000, '1100.00', '220.00', 1100, 5, 100, 4, 2013, 3, NULL, 235, 8),
(1065, 6000, '6600.00', '660.00', 3960, 10, 600, 4, 2013, 1, NULL, 311, 8),
(1066, 6000, '6600.00', '660.00', 3960, 10, 600, 4, 2013, 1, NULL, 247, 8),
(1067, 500, '550.00', '55.00', 330, 10, 50, 4, 2013, 1, NULL, 394, 8),
(1068, 2500, '2750.00', '275.00', 1650, 10, 250, 4, 2013, 1, NULL, 262, 8),
(1069, 1000, '1100.00', '110.00', 550, 10, 100, 4, 2013, 1, NULL, 232, 8),
(1070, 500, '550.00', '110.00', 550, 5, 50, 4, 2013, 3, NULL, 198, 8),
(1071, 500, '550.00', '110.00', 550, 5, 50, 5, 2013, 3, NULL, 386, 8),
(1072, 1000, '1150.00', '115.00', 575, 10, 150, 5, 2013, 1, NULL, 261, 8),
(1073, 1500, '1650.00', '165.00', 825, 10, 150, 5, 2013, 1, NULL, 217, 8),
(1074, 2000, '2200.00', '220.00', 1100, 10, 200, 5, 2013, 1, NULL, 216, 8),
(1075, 1000, '1100.00', '275.00', 1100, 4, 100, 5, 2013, 3, NULL, 341, 8),
(1076, 3000, '3300.00', '330.00', 1650, 10, 300, 5, 2013, 1, NULL, 199, 8),
(1077, 1000, '1100.00', '110.00', 550, 10, 100, 5, 2013, 1, NULL, 340, 8),
(1078, 2000, '2200.00', '220.00', 1100, 10, 200, 5, 2013, 1, NULL, 201, 8),
(1079, 2000, '2200.00', '220.00', 1100, 10, 200, 5, 2013, 1, NULL, 210, 8),
(1080, 3000, '3300.00', '330.00', 1650, 10, 300, 5, 2013, 1, NULL, 221, 8),
(1081, 3000, '3300.00', '330.00', 1650, 10, 300, 5, 2013, 1, NULL, 223, 8),
(1082, 3000, '3300.00', '330.00', 1650, 10, 300, 5, 2013, 1, NULL, 229, 8),
(1083, 2500, '2750.00', '275.00', 1375, 10, 250, 5, 2013, 1, NULL, 236, 8),
(1084, 1500, '1650.00', '165.00', 825, 10, 150, 5, 2013, 1, NULL, 239, 8),
(1085, 1000, '1100.00', '110.00', 550, 10, 100, 5, 2013, 1, NULL, 250, 8),
(1086, 1000, '1100.00', '110.00', 550, 10, 100, 5, 2013, 1, NULL, 254, 8),
(1087, 2000, '2200.00', '220.00', 1100, 10, 200, 5, 2013, 1, NULL, 257, 8),
(1088, 2000, '2200.00', '220.00', 1100, 10, 200, 5, 2013, 1, NULL, 259, 8),
(1089, 1000, '1100.00', '110.00', 550, 10, 100, 5, 2013, 1, NULL, 273, 8),
(1090, 1000, '1100.00', '110.00', 550, 10, 100, 5, 2013, 1, NULL, 281, 8),
(1091, 500, '550.00', '55.00', 275, 10, 50, 5, 2013, 1, NULL, 282, 8),
(1092, 1000, '1100.00', '550.00', 1100, 2, 100, 5, 2013, 3, NULL, 284, 8),
(1093, 1000, '1100.00', '110.00', 550, 10, 100, 5, 2013, 1, NULL, 283, 8),
(1094, 1000, '1100.00', '275.00', 1100, 4, 100, 5, 2013, 3, NULL, 286, 8),
(1095, 1000, '1100.00', '110.00', 550, 10, 100, 5, 2013, 1, NULL, 293, 8),
(1096, 500, '575.00', '287.50', 287.5, 1, 75, 5, 2013, 1, NULL, 384, 8),
(1097, 1000, '1100.00', '110.00', 550, 10, 100, 5, 2013, 1, NULL, 385, 8),
(1098, 800, '880.00', '110.00', 550, 8, 80, 5, 2013, 1, NULL, 390, 8),
(1099, 1200, '1320.00', '132.00', 1320, 10, 120, 6, 2013, 3, NULL, 345, 8),
(1100, 2000, '2200.00', '220.00', 880, 10, 200, 6, 2013, 1, NULL, 268, 8),
(1101, 1000, '1100.00', '110.00', 440, 10, 100, 6, 2013, 1, NULL, 234, 8),
(1102, 1000, '1100.00', '275.00', 1100, 4, 100, 6, 2013, 3, NULL, 287, 8),
(1103, 0, '0.00', '0.00', 0, 1, 0, 8, 2013, 3, NULL, 197, 8),
(1104, 3000, '3300.00', '330.00', 990, 10, 300, 7, 2013, 1, NULL, 197, 8),
(1105, 1800, '1980.00', '495.00', 1485, 4, 180, 7, 2013, 1, NULL, 207, 8),
(1106, 2600, '2860.00', '286.00', 858, 10, 260, 7, 2013, 1, NULL, 214, 8),
(1107, 1500, '1650.00', '330.00', 660, 5, 150, 7, 2013, 1, NULL, 233, 8),
(1108, 850, '935.00', '93.50', 280.5, 10, 85, 7, 2013, 1, NULL, 237, 8),
(1109, 3000, '3300.00', '330.00', 990, 10, 300, 7, 2013, 1, NULL, 255, 8),
(1110, 700, '770.00', '77.00', 231, 10, 70, 7, 2013, 1, NULL, 256, 8),
(1111, 3000, '3300.00', '330.00', 990, 10, 300, 7, 2013, 1, NULL, 278, 8),
(1112, 2500, '2750.00', '275.00', 825, 10, 250, 7, 2013, 1, NULL, 359, 8),
(1113, 1000, '1100.00', '220.00', 660, 5, 100, 7, 2013, 1, NULL, 290, 8),
(1114, 1500, '1650.00', '165.00', 495, 10, 150, 7, 2013, 1, NULL, 382, 8),
(1115, 1000, '1100.00', '110.00', 330, 10, 100, 7, 2013, 1, NULL, 401, 8),
(1116, 1000, '1150.00', '115.00', 345, 10, 150, 7, 2013, 1, NULL, 402, 8),
(1117, 1000, '1100.00', '157.14', 471.42, 7, 100, 7, 2013, 1, NULL, 245, 8),
(1118, 1500, '1650.00', '165.00', 495, 10, 150, 7, 2013, 1, NULL, 257, 8),
(1119, 1800, '1980.00', '198.00', 594, 10, 180, 7, 2013, 1, NULL, 262, 8),
(1120, 1000, '1100.00', '110.00', 330, 10, 100, 7, 2013, 1, NULL, 220, 8),
(1121, 1200, '1320.00', '132.00', 264, 10, 120, 8, 2013, 1, NULL, 199, 8),
(1122, 500, '550.00', '55.00', 110, 10, 50, 8, 2013, 1, NULL, 216, 8),
(1123, 2000, '2200.00', '220.00', 440, 10, 200, 8, 2013, 1, NULL, 388, 8),
(1124, 2000, '2200.00', '220.00', 440, 10, 200, 8, 2013, 1, NULL, 339, 8),
(1125, 800, '880.00', '88.00', 176, 10, 80, 8, 2013, 1, NULL, 394, 8),
(1126, 1000, '1100.00', '220.00', 440, 5, 100, 8, 2013, 1, NULL, 198, 8),
(1127, 2000, '2200.00', '220.00', 440, 10, 200, 8, 2013, 1, NULL, 264, 8),
(1128, 800, '880.00', '88.00', 176, 10, 80, 8, 2013, 1, NULL, 236, 8),
(1129, 3000, '3300.00', '330.00', 660, 10, 300, 8, 2013, 1, NULL, 270, 8),
(1130, 600, '660.00', '66.00', 132, 10, 60, 8, 2013, 1, NULL, 276, 8),
(1131, 1500, '1650.00', '165.00', 330, 10, 150, 8, 2013, 1, NULL, 271, 8),
(1132, 2000, '2200.00', '220.00', 440, 10, 200, 8, 2013, 1, NULL, 218, 8),
(1133, 1200, '1320.00', '440.00', 880, 3, 120, 8, 2013, 1, NULL, 385, 8),
(1134, 1000, '1100.00', '110.00', 220, 10, 100, 8, 2013, 1, NULL, 240, 8),
(1135, 1000, '1100.00', '110.00', 220, 10, 100, 8, 2013, 1, NULL, 221, 8),
(1136, 500, '550.00', '55.00', 110, 10, 50, 8, 2013, 1, NULL, 206, 8),
(1137, 3000, '3300.00', '330.00', 330, 10, 300, 9, 2013, 1, NULL, 375, 8),
(1138, 1500, '1650.00', '206.25', 206.25, 8, 150, 9, 2013, 1, NULL, 380, 8),
(1139, 1000, '1100.00', '110.00', 110, 10, 100, 9, 2013, 1, NULL, 233, 8),
(1140, 700, '770.00', '110.00', 110, 7, 70, 9, 2013, 1, NULL, 292, 8),
(1141, 1500, '1650.00', '165.00', 165, 10, 150, 9, 2013, 1, NULL, 207, 8),
(1142, 1500, '1650.00', '165.00', 165, 10, 150, 9, 2013, 1, NULL, 232, 8),
(1143, 500, '550.00', '110.00', 110, 5, 50, 9, 2013, 1, NULL, 273, 8),
(1144, 1000, '1100.00', '110.00', 110, 10, 100, 9, 2013, 1, NULL, 281, 8),
(1145, 500, '550.00', '55.00', 55, 10, 50, 9, 2013, 1, NULL, 248, 8),
(1146, 1000, '1100.00', '110.00', 110, 10, 100, 9, 2013, 1, NULL, 310, 8),
(1147, 500, '550.00', '55.00', 55, 10, 50, 9, 2013, 1, NULL, 250, 8),
(1148, 1000, '1100.00', '110.00', 110, 10, 100, 9, 2013, 1, NULL, 274, 8),
(1149, 1500, '1650.00', '165.00', NULL, 10, 150, 10, 2013, 1, NULL, 341, 8),
(1150, 1000, '1100.00', '110.00', NULL, 10, 100, 10, 2013, 1, NULL, 208, 8),
(1151, 1500, '1650.00', '165.00', NULL, 10, 150, 10, 2013, 1, NULL, 210, 8),
(1152, 900, '990.00', '99.00', NULL, 10, 90, 10, 2013, 1, NULL, 230, 8),
(1153, 500, '550.00', '110.00', NULL, 5, 50, 10, 2013, 1, NULL, 231, 8),
(1154, 1000, '1100.00', '110.00', NULL, 10, 100, 10, 2013, 1, NULL, 237, 8),
(1155, 2000, '2200.00', '220.00', NULL, 10, 200, 10, 2013, 1, NULL, 346, 8),
(1156, 800, '880.00', '440.00', NULL, 2, 80, 10, 2013, 1, NULL, 256, 8),
(1157, 1000, '1100.00', '110.00', NULL, 10, 100, 10, 2013, 1, NULL, 360, 8),
(1158, 500, '550.00', '275.00', NULL, 2, 50, 10, 2013, 1, NULL, 373, 8),
(1159, 2000, '2200.00', '220.00', NULL, 10, 200, 10, 2013, 1, NULL, 381, 8),
(1160, 1000, '1100.00', '110.00', NULL, 10, 100, 10, 2013, 1, NULL, 393, 8),
(1161, 2500, '2750.00', '275.00', NULL, 10, 250, 10, 2013, 1, NULL, 259, 8),
(1162, 1500, '1650.00', '165.00', NULL, 10, 150, 10, 2013, 1, NULL, 284, 8),
(1163, 500, '550.00', '91.67', NULL, 6, 50, 10, 2013, 1, NULL, 216, 8),
(1164, 4500, '4950.00', '495.00', NULL, 10, 450, 10, 2013, 1, NULL, 229, 8),
(1165, 1800, '1980.00', '198.00', NULL, 10, 180, 10, 2013, 1, NULL, 287, 8),
(1166, 1000, '1100.00', '110.00', NULL, 10, 100, 10, 2013, 1, NULL, 201, 8),
(1167, 1200, '1320.00', '165.00', NULL, 8, 120, 10, 2013, 1, NULL, 340, 8),
(1168, 1000, '1100.00', '110.00', NULL, 10, 100, 10, 2013, 1, NULL, 214, 8);

-- --------------------------------------------------------

--
-- Table structure for table `prestamo_registro`
--

CREATE TABLE IF NOT EXISTS `prestamo_registro` (
  `id` int(11) NOT NULL AUTO_INCREMENT,
  `monto` float DEFAULT NULL,
  `week` int(11) DEFAULT NULL,
  `year` int(11) DEFAULT NULL,
  `status` int(11) DEFAULT NULL COMMENT '0 : inactive\n1 : active\n2 : standby\n3 : close',
  `prestamo_id` int(11) NOT NULL,
  PRIMARY KEY (`id`,`prestamo_id`),
  KEY `fk_prestamo_registro_prestamo1` (`prestamo_id`)
) ENGINE=InnoDB  DEFAULT CHARSET=latin1 AUTO_INCREMENT=3912 ;

--
-- Dumping data for table `prestamo_registro`
--

INSERT INTO `prestamo_registro` (`id`, `monto`, `week`, `year`, `status`, `prestamo_id`) VALUES
(1, 220, 4, 2012, 3, 582),
(2, 220, 5, 2012, 3, 582),
(3, 220, 6, 2012, 3, 582),
(4, 220, 7, 2012, 3, 582),
(5, 220, 8, 2012, 3, 582),
(6, 220, 9, 2012, 3, 582),
(7, 220, 10, 2012, 3, 582),
(8, 220, 11, 2012, 3, 582),
(9, 220, 12, 2012, 3, 582),
(10, 220, 13, 2012, 3, 582),
(11, 330, 13, 2012, 3, 583),
(12, 330, 14, 2012, 3, 583),
(13, 330, 15, 2012, 3, 583),
(14, 330, 16, 2012, 3, 583),
(15, 330, 17, 2012, 3, 583),
(16, 330, 18, 2012, 3, 583),
(17, 330, 19, 2012, 3, 583),
(18, 990, 20, 2012, 3, 583),
(19, 343.75, 20, 2012, 3, 584),
(20, 343.75, 21, 2012, 3, 584),
(21, 343.75, 22, 2012, 3, 584),
(22, 343.75, 23, 2012, 3, 584),
(23, 343.75, 24, 2012, 3, 584),
(24, 343.75, 25, 2012, 3, 584),
(25, 343.75, 26, 2012, 3, 584),
(26, 343.75, 27, 2012, 3, 584),
(27, 330, 28, 2012, 3, 585),
(28, 330, 29, 2012, 3, 585),
(29, 330, 30, 2012, 3, 585),
(30, 330, 31, 2012, 3, 585),
(31, 330, 32, 2012, 3, 585),
(32, 330, 33, 2012, 3, 585),
(33, 1320, 34, 2012, 3, 585),
(34, 330, 35, 2012, 1, 586),
(35, 132, 4, 2012, 3, 587),
(36, 132, 5, 2012, 3, 587),
(37, 132, 6, 2012, 3, 587),
(38, 132, 7, 2012, 3, 587),
(39, 132, 8, 2012, 3, 587),
(40, 132, 9, 2012, 3, 587),
(41, 132, 10, 2012, 3, 587),
(42, 132, 11, 2012, 3, 587),
(43, 132, 12, 2012, 3, 587),
(44, 132, 13, 2012, 3, 587),
(45, 165, 10, 2012, 3, 588),
(46, 165, 11, 2012, 3, 588),
(47, 165, 12, 2012, 3, 588),
(48, 165, 13, 2012, 3, 588),
(49, 165, 14, 2012, 3, 588),
(50, 165, 16, 2012, 3, 588),
(51, 165, 17, 2012, 3, 588),
(52, 165, 18, 2012, 3, 588),
(53, 165, 19, 2012, 3, 588),
(54, 165, 20, 2012, 3, 588),
(55, 110, 27, 2012, 1, 589),
(56, 110, 28, 2012, 1, 589),
(57, 110, 29, 2012, 1, 589),
(58, 110, 30, 2012, 1, 589),
(59, 110, 31, 2012, 1, 589),
(60, 110, 32, 2012, 1, 589),
(61, 110, 33, 2012, 1, 589),
(62, 110, 34, 2012, 1, 589),
(63, 110, 35, 2012, 1, 589),
(64, 110, 31, 2012, 1, 590),
(65, 110, 32, 2012, 1, 590),
(66, 110, 33, 2012, 1, 590),
(67, 110, 34, 2012, 1, 590),
(68, 110, 35, 2012, 1, 590),
(69, 172.5, 8, 2012, 3, 592),
(70, 172.5, 9, 2012, 3, 592),
(71, 172.5, 10, 2012, 3, 592),
(72, 172.5, 11, 2012, 3, 592),
(73, 172.5, 12, 2012, 3, 592),
(74, 172.5, 13, 2012, 3, 592),
(75, 172.5, 14, 2012, 3, 592),
(76, 172.5, 15, 2012, 3, 592),
(77, 172.5, 16, 2012, 3, 592),
(78, 172.5, 17, 2012, 3, 592),
(79, 165, 12, 2012, 3, 593),
(80, 165, 13, 2012, 3, 593),
(81, 165, 14, 2012, 3, 593),
(82, 165, 15, 2012, 3, 593),
(83, 165, 16, 2012, 3, 593),
(84, 165, 17, 2012, 3, 593),
(85, 165, 18, 2012, 3, 593),
(86, 165, 19, 2012, 3, 593),
(87, 165, 20, 2012, 3, 593),
(88, 165, 21, 2012, 3, 593),
(89, 385, 19, 2012, 3, 594),
(90, 385, 20, 2012, 3, 594),
(91, 385, 21, 2012, 3, 594),
(92, 385, 22, 2012, 3, 594),
(93, 385, 23, 2012, 3, 594),
(94, 385, 24, 2012, 3, 594),
(95, 385, 25, 2012, 3, 594),
(96, 385, 26, 2012, 3, 594),
(97, 385, 27, 2012, 3, 594),
(98, 385, 28, 2012, 3, 594),
(99, 330, 25, 2012, 3, 595),
(100, 330, 26, 2012, 3, 595),
(101, 330, 27, 2012, 3, 595),
(102, 330, 28, 2012, 3, 595),
(103, 330, 29, 2012, 3, 595),
(104, 330, 30, 2012, 3, 595),
(105, 330, 31, 2012, 3, 595),
(106, 330, 32, 2012, 3, 595),
(107, 330, 33, 2012, 3, 595),
(108, 330, 34, 2012, 3, 595),
(109, 550, 31, 2012, 1, 596),
(110, 550, 32, 2012, 1, 596),
(111, 550, 33, 2012, 1, 596),
(112, 550, 34, 2012, 1, 596),
(113, 550, 35, 2012, 1, 596),
(114, 330, 34, 2012, 1, 597),
(115, 330, 35, 2012, 1, 597),
(116, 110, 9, 2012, 3, 599),
(117, 110, 13, 2012, 3, 599),
(118, 110, 14, 2012, 3, 599),
(119, 110, 15, 2012, 3, 599),
(120, 110, 16, 2012, 3, 599),
(121, 110, 17, 2012, 3, 599),
(122, 110, 18, 2012, 3, 599),
(123, 110, 19, 2012, 3, 599),
(124, 220, 20, 2012, 3, 599),
(125, 189.2, 20, 2012, 3, 600),
(126, 189.2, 21, 2012, 3, 600),
(127, 189.2, 22, 2012, 3, 600),
(128, 189.2, 23, 2012, 3, 600),
(129, 189.2, 24, 2012, 3, 600),
(130, 189.2, 25, 2012, 3, 600),
(131, 189.2, 26, 2012, 3, 600),
(132, 189.2, 27, 2012, 3, 600),
(133, 189.2, 28, 2012, 3, 600),
(134, 189.2, 29, 2012, 3, 600),
(135, 275, 29, 2012, 1, 601),
(136, 275, 30, 2012, 1, 601),
(137, 275, 31, 2012, 1, 601),
(138, 275, 32, 2012, 1, 601),
(139, 275, 33, 2012, 1, 601),
(140, 275, 34, 2012, 1, 601),
(141, 275, 35, 2012, 1, 601),
(142, 110, 34, 2012, 1, 602),
(143, 110, 35, 2012, 1, 602),
(144, 110, 3, 2012, 3, 603),
(145, 110, 4, 2012, 3, 603),
(146, 110, 5, 2012, 3, 603),
(147, 110, 6, 2012, 3, 603),
(148, 110, 7, 2012, 3, 603),
(149, 110, 8, 2012, 3, 603),
(150, 110, 9, 2012, 3, 603),
(151, 110, 10, 2012, 3, 603),
(152, 330, 20, 2012, 3, 604),
(153, 330, 21, 2012, 3, 604),
(154, 330, 22, 2012, 3, 604),
(155, 330, 23, 2012, 3, 604),
(156, 330, 24, 2012, 3, 604),
(157, 330, 25, 2012, 3, 604),
(158, 330, 26, 2012, 3, 604),
(159, 330, 27, 2012, 3, 604),
(160, 330, 28, 2012, 3, 604),
(161, 330, 29, 2012, 3, 604),
(162, 220, 31, 2012, 1, 605),
(163, 220, 32, 2012, 1, 605),
(164, 220, 33, 2012, 1, 605),
(165, 220, 34, 2012, 1, 605),
(166, 220, 35, 2012, 1, 605),
(167, 115, 3, 2012, 3, 607),
(168, 115, 4, 2012, 3, 607),
(169, 115, 5, 2012, 3, 607),
(170, 115, 6, 2012, 3, 607),
(171, 115, 7, 2012, 3, 607),
(172, 115, 8, 2012, 3, 607),
(173, 115, 9, 2012, 3, 607),
(174, 115, 10, 2012, 3, 607),
(175, 115, 11, 2012, 3, 607),
(176, 115, 12, 2012, 3, 607),
(177, 196.66, 33, 2012, 3, 608),
(178, 196.66, 34, 2012, 3, 608),
(179, 220, 35, 2012, 3, 608),
(180, 230, 26, 2012, 3, 608),
(181, 230, 27, 2012, 3, 608),
(182, 230, 28, 2012, 3, 608),
(183, 230, 29, 2012, 3, 608),
(184, 230, 30, 2012, 3, 608),
(185, 230, 31, 2012, 3, 608),
(186, 230, 32, 2012, 3, 608),
(187, 165, 33, 2012, 1, 609),
(188, 165, 34, 2012, 1, 609),
(189, 165, 35, 2012, 1, 609),
(190, 115, 12, 2012, 3, 610),
(191, 115, 13, 2012, 3, 610),
(192, 115, 14, 2012, 3, 610),
(193, 115, 15, 2012, 3, 610),
(194, 115, 16, 2012, 3, 610),
(195, 115, 17, 2012, 3, 610),
(196, 115, 18, 2012, 3, 610),
(197, 115, 19, 2012, 3, 610),
(198, 115, 20, 2012, 3, 610),
(199, 115, 21, 2012, 3, 610),
(200, 115, 24, 2012, 3, 611),
(201, 115, 25, 2012, 3, 611),
(202, 115, 26, 2012, 3, 611),
(203, 115, 27, 2012, 3, 611),
(204, 115, 28, 2012, 3, 611),
(205, 115, 29, 2012, 3, 611),
(206, 115, 30, 2012, 3, 611),
(207, 115, 31, 2012, 3, 611),
(208, 115, 32, 2012, 3, 611),
(209, 115, 33, 2012, 3, 611),
(210, 110, 10, 2012, 3, 613),
(211, 110, 11, 2012, 3, 613),
(212, 110, 12, 2012, 3, 613),
(213, 110, 13, 2012, 3, 613),
(214, 110, 14, 2012, 3, 613),
(215, 110, 15, 2012, 3, 613),
(216, 110, 16, 2012, 3, 613),
(217, 110, 17, 2012, 3, 613),
(218, 110, 18, 2012, 3, 613),
(219, 110, 19, 2012, 3, 613),
(220, 55, 17, 2012, 3, 614),
(221, 55, 18, 2012, 3, 614),
(222, 55, 19, 2012, 3, 614),
(223, 55, 20, 2012, 3, 614),
(224, 55, 21, 2012, 3, 614),
(225, 55, 22, 2012, 3, 614),
(226, 55, 23, 2012, 3, 614),
(227, 55, 24, 2012, 3, 614),
(228, 55, 25, 2012, 3, 614),
(229, 55, 26, 2012, 3, 614),
(230, 165, 21, 2012, 3, 615),
(231, 165, 22, 2012, 3, 615),
(232, 165, 23, 2012, 3, 615),
(233, 165, 24, 2012, 3, 615),
(234, 165, 25, 2012, 3, 615),
(235, 165, 26, 2012, 3, 615),
(236, 165, 27, 2012, 3, 615),
(237, 165, 28, 2012, 3, 615),
(238, 165, 29, 2012, 3, 615),
(239, 165, 30, 2012, 3, 615),
(240, 220, 31, 2012, 1, 616),
(241, 220, 32, 2012, 1, 616),
(242, 220, 33, 2012, 1, 616),
(243, 220, 34, 2012, 1, 616),
(244, 220, 35, 2012, 1, 616),
(245, 165, 9, 2012, 3, 617),
(246, 165, 10, 2012, 3, 617),
(247, 165, 11, 2012, 3, 617),
(248, 165, 12, 2012, 3, 617),
(249, 165, 13, 2012, 3, 617),
(250, 165, 14, 2012, 3, 617),
(251, 165, 15, 2012, 3, 617),
(252, 165, 16, 2012, 3, 617),
(253, 165, 17, 2012, 3, 617),
(254, 165, 18, 2012, 3, 617),
(255, 256.66, 16, 2012, 3, 618),
(256, 256.67, 14, 2012, 3, 618),
(257, 256.67, 15, 2012, 3, 618),
(258, 785.71, 20, 2012, 3, 619),
(259, 785.71, 21, 2012, 3, 619),
(260, 785.71, 22, 2012, 3, 619),
(261, 785.71, 23, 2012, 3, 619),
(262, 785.71, 24, 2012, 3, 619),
(263, 785.71, 25, 2012, 3, 619),
(264, 785.74, 26, 2012, 3, 619),
(265, 825, 27, 2012, 3, 620),
(266, 825, 28, 2012, 3, 620),
(267, 825, 29, 2012, 3, 620),
(268, 825, 30, 2012, 3, 620),
(269, 220, 29, 2012, 3, 621),
(270, 220, 30, 2012, 3, 621),
(271, 220, 31, 2012, 3, 621),
(272, 220, 32, 2012, 3, 621),
(273, 220, 33, 2012, 3, 621),
(274, 330, 31, 2012, 1, 622),
(275, 330, 32, 2012, 1, 622),
(276, 330, 33, 2012, 1, 622),
(277, 330, 34, 2012, 1, 622),
(278, 330, 35, 2012, 1, 622),
(279, 286, 32, 2012, 1, 623),
(280, 286, 33, 2012, 1, 623),
(281, 286, 34, 2012, 1, 623),
(282, 286, 35, 2012, 1, 623),
(283, 220, 34, 2012, 1, 624),
(284, 220, 35, 2012, 1, 624),
(285, 110, 3, 2012, 3, 626),
(286, 110, 4, 2012, 3, 626),
(287, 110, 5, 2012, 3, 626),
(288, 110, 6, 2012, 3, 626),
(289, 110, 7, 2012, 3, 626),
(290, 110, 12, 2012, 3, 627),
(291, 110, 13, 2012, 3, 627),
(292, 110, 14, 2012, 3, 627),
(293, 110, 15, 2012, 3, 627),
(294, 110, 16, 2012, 3, 627),
(295, 110, 18, 2012, 3, 627),
(296, 110, 19, 2012, 3, 627),
(297, 110, 20, 2012, 3, 627),
(298, 110, 21, 2012, 3, 627),
(299, 110, 22, 2012, 3, 627),
(300, 55, 23, 2012, 3, 628),
(301, 55, 24, 2012, 3, 628),
(302, 55, 25, 2012, 3, 628),
(303, 55, 26, 2012, 3, 628),
(304, 55, 27, 2012, 3, 628),
(305, 55, 28, 2012, 3, 628),
(306, 55, 29, 2012, 3, 628),
(307, 55, 30, 2012, 3, 628),
(308, 55, 31, 2012, 3, 628),
(309, 55, 32, 2012, 3, 628),
(310, 550, 25, 2012, 3, 629),
(311, 550, 26, 2012, 3, 629),
(312, 550, 27, 2012, 3, 629),
(313, 550, 28, 2012, 3, 629),
(314, 550, 29, 2012, 3, 629),
(315, 550, 30, 2012, 3, 629),
(316, 550, 31, 2012, 3, 629),
(317, 550, 32, 2012, 3, 629),
(318, 550, 33, 2012, 3, 629),
(319, 550, 34, 2012, 3, 629),
(320, 440, 35, 2012, 1, 630),
(321, 115, 4, 2012, 3, 631),
(322, 115, 5, 2012, 3, 631),
(323, 115, 6, 2012, 3, 631),
(324, 115, 7, 2012, 3, 631),
(325, 115, 8, 2012, 3, 631),
(326, 115, 9, 2012, 3, 631),
(327, 115, 10, 2012, 3, 631),
(328, 115, 12, 2012, 3, 631),
(329, 115, 13, 2012, 3, 631),
(330, 115, 16, 2012, 3, 631),
(331, 172.5, 13, 2012, 3, 632),
(332, 172.5, 14, 2012, 3, 632),
(333, 172.5, 15, 2012, 3, 632),
(334, 172.5, 16, 2012, 3, 632),
(335, 172.5, 17, 2012, 3, 632),
(336, 172.5, 18, 2012, 3, 632),
(337, 172.5, 19, 2012, 3, 632),
(338, 172.5, 20, 2012, 3, 632),
(339, 172.5, 21, 2012, 3, 632),
(340, 172.5, 22, 2012, 3, 632),
(341, 115, 20, 2012, 3, 633),
(342, 115, 21, 2012, 3, 633),
(343, 115, 22, 2012, 3, 633),
(344, 115, 23, 2012, 3, 633),
(345, 115, 24, 2012, 3, 633),
(346, 115, 25, 2012, 3, 633),
(347, 115, 26, 2012, 3, 633),
(348, 115, 27, 2012, 3, 633),
(349, 115, 28, 2012, 3, 633),
(350, 115, 29, 2012, 3, 633),
(351, 287.5, 31, 2012, 1, 634),
(352, 287.5, 32, 2012, 1, 634),
(353, 287.5, 33, 2012, 1, 634),
(354, 287.5, 34, 2012, 1, 634),
(355, 287.5, 35, 2012, 1, 634),
(356, 440, 8, 2012, 3, 635),
(357, 440, 9, 2012, 3, 635),
(358, 440, 10, 2012, 3, 635),
(359, 440, 11, 2012, 3, 635),
(360, 440, 12, 2012, 3, 635),
(361, 440, 13, 2012, 3, 635),
(362, 440, 14, 2012, 3, 635),
(363, 440, 16, 2012, 3, 635),
(364, 440, 17, 2012, 3, 635),
(365, 440, 18, 2012, 3, 635),
(366, 220, 26, 2012, 3, 636),
(367, 220, 27, 2012, 3, 636),
(368, 220, 28, 2012, 3, 636),
(369, 220, 29, 2012, 3, 636),
(370, 220, 30, 2012, 3, 636),
(371, 110, 32, 2012, 3, 637),
(372, 110, 33, 2012, 3, 637),
(373, 110, 34, 2012, 3, 637),
(374, 110, 35, 2012, 3, 637),
(375, 330, 35, 2012, 3, 638),
(376, 55, 21, 2012, 3, 639),
(377, 55, 22, 2012, 3, 639),
(378, 55, 23, 2012, 3, 639),
(379, 55, 24, 2012, 3, 639),
(380, 55, 25, 2012, 3, 639),
(381, 55, 26, 2012, 3, 639),
(382, 55, 27, 2012, 3, 639),
(383, 55, 28, 2012, 3, 639),
(384, 55, 29, 2012, 3, 639),
(385, 55, 30, 2012, 3, 639),
(386, 110, 4, 2012, 3, 640),
(387, 110, 5, 2012, 3, 640),
(388, 110, 6, 2012, 3, 640),
(389, 110, 7, 2012, 3, 640),
(390, 110, 8, 2012, 3, 640),
(391, 110, 9, 2012, 3, 640),
(392, 110, 10, 2012, 3, 640),
(393, 110, 11, 2012, 3, 640),
(394, 110, 12, 2012, 3, 640),
(395, 110, 13, 2012, 3, 640),
(396, 110, 13, 2012, 3, 641),
(397, 110, 14, 2012, 3, 641),
(398, 110, 15, 2012, 3, 641),
(399, 110, 16, 2012, 3, 641),
(400, 110, 17, 2012, 3, 641),
(401, 110, 18, 2012, 3, 641),
(402, 110, 19, 2012, 3, 641),
(403, 110, 20, 2012, 3, 641),
(404, 110, 21, 2012, 3, 641),
(405, 110, 22, 2012, 3, 641),
(406, 110, 24, 2012, 3, 642),
(407, 110, 25, 2012, 3, 642),
(408, 110, 26, 2012, 3, 642),
(409, 110, 27, 2012, 3, 642),
(410, 110, 28, 2012, 3, 642),
(411, 110, 29, 2012, 3, 642),
(412, 110, 30, 2012, 3, 642),
(413, 110, 31, 2012, 3, 642),
(414, 110, 32, 2012, 3, 642),
(415, 110, 33, 2012, 3, 642),
(416, 110, 34, 2012, 1, 643),
(417, 110, 35, 2012, 1, 643),
(418, 110, 35, 2012, 1, 644),
(419, 92, 3, 2012, 3, 645),
(420, 92, 4, 2012, 3, 645),
(421, 92, 5, 2012, 3, 645),
(422, 92, 6, 2012, 3, 645),
(423, 92, 7, 2012, 3, 645),
(424, 92, 8, 2012, 3, 645),
(425, 92, 9, 2012, 3, 645),
(426, 92, 10, 2012, 3, 645),
(427, 92, 11, 2012, 3, 645),
(428, 92, 12, 2012, 3, 645),
(429, 172.5, 7, 2012, 3, 646),
(430, 172.5, 8, 2012, 3, 646),
(431, 172.5, 9, 2012, 3, 646),
(432, 172.5, 10, 2012, 3, 646),
(433, 172.5, 11, 2012, 3, 646),
(434, 172.5, 12, 2012, 3, 646),
(435, 172.5, 13, 2012, 3, 646),
(436, 172.5, 14, 2012, 3, 646),
(437, 172.5, 15, 2012, 3, 646),
(438, 172.5, 16, 2012, 3, 646),
(439, 55, 12, 2012, 3, 647),
(440, 55, 13, 2012, 3, 647),
(441, 55, 14, 2012, 3, 647),
(442, 55, 15, 2012, 3, 647),
(443, 55, 16, 2012, 3, 647),
(444, 55, 17, 2012, 3, 647),
(445, 55, 18, 2012, 3, 647),
(446, 55, 19, 2012, 3, 647),
(447, 55, 20, 2012, 3, 647),
(448, 55, 21, 2012, 3, 647),
(449, 220, 23, 2012, 3, 648),
(450, 220, 24, 2012, 3, 648),
(451, 220, 25, 2012, 3, 648),
(452, 220, 26, 2012, 3, 648),
(453, 220, 27, 2012, 3, 648),
(454, 220, 28, 2012, 3, 648),
(455, 220, 29, 2012, 3, 648),
(456, 220, 30, 2012, 3, 648),
(457, 220, 31, 2012, 3, 648),
(458, 220, 32, 2012, 3, 648),
(459, 110, 27, 2012, 1, 649),
(460, 110, 28, 2012, 1, 649),
(461, 110, 29, 2012, 1, 649),
(462, 110, 30, 2012, 1, 649),
(463, 110, 31, 2012, 1, 649),
(464, 110, 32, 2012, 1, 649),
(465, 110, 33, 2012, 1, 649),
(466, 110, 34, 2012, 1, 649),
(467, 110, 35, 2012, 1, 649),
(468, 220, 32, 2012, 1, 650),
(469, 220, 33, 2012, 1, 650),
(470, 220, 34, 2012, 1, 650),
(471, 220, 35, 2012, 1, 650),
(472, 110, 6, 2012, 3, 651),
(473, 110, 7, 2012, 3, 651),
(474, 110, 8, 2012, 3, 651),
(475, 110, 9, 2012, 3, 651),
(476, 110, 10, 2012, 3, 651),
(477, 110, 33, 2012, 1, 652),
(478, 110, 34, 2012, 1, 652),
(479, 110, 35, 2012, 1, 652),
(480, 55, 3, 2012, 3, 653),
(481, 55, 4, 2012, 3, 653),
(482, 55, 5, 2012, 3, 653),
(483, 55, 6, 2012, 3, 653),
(484, 55, 7, 2012, 3, 653),
(485, 55, 8, 2012, 3, 653),
(486, 55, 9, 2012, 3, 653),
(487, 55, 10, 2012, 3, 653),
(488, 55, 11, 2012, 3, 653),
(489, 55, 12, 2012, 3, 653),
(490, 77, 5, 2012, 3, 654),
(491, 77, 6, 2012, 3, 654),
(492, 77, 7, 2012, 3, 654),
(493, 77, 8, 2012, 3, 654),
(494, 77, 9, 2012, 3, 654),
(495, 77, 10, 2012, 3, 654),
(496, 77, 11, 2012, 3, 654),
(497, 77, 12, 2012, 3, 654),
(498, 77, 13, 2012, 3, 654),
(499, 77, 14, 2012, 3, 654),
(500, 165, 16, 2012, 3, 655),
(501, 165, 17, 2012, 3, 655),
(502, 165, 18, 2012, 3, 655),
(503, 165, 19, 2012, 3, 655),
(504, 165, 20, 2012, 3, 655),
(505, 165, 21, 2012, 3, 655),
(506, 165, 22, 2012, 3, 655),
(507, 165, 23, 2012, 3, 655),
(508, 165, 24, 2012, 3, 655),
(509, 165, 25, 2012, 3, 655),
(510, 165, 19, 2012, 3, 656),
(511, 165, 20, 2012, 3, 656),
(512, 165, 21, 2012, 3, 656),
(513, 165, 22, 2012, 3, 656),
(514, 165, 23, 2012, 3, 656),
(515, 165, 24, 2012, 3, 656),
(516, 165, 25, 2012, 3, 656),
(517, 165, 26, 2012, 3, 656),
(518, 165, 27, 2012, 3, 656),
(519, 165, 28, 2012, 3, 656),
(520, 275, 26, 2012, 3, 657),
(521, 275, 27, 2012, 3, 657),
(522, 275, 28, 2012, 3, 657),
(523, 275, 29, 2012, 3, 657),
(524, 275, 30, 2012, 3, 657),
(525, 275, 31, 2012, 3, 657),
(526, 275, 32, 2012, 3, 657),
(527, 275, 33, 2012, 3, 657),
(528, 275, 34, 2012, 3, 657),
(529, 275, 35, 2012, 3, 657),
(530, 110, 30, 2012, 3, 658),
(531, 110, 31, 2012, 3, 658),
(532, 110, 32, 2012, 3, 658),
(533, 110, 33, 2012, 3, 658),
(534, 110, 34, 2012, 3, 658),
(535, 110, 35, 2012, 3, 658),
(536, 55, 31, 2012, 3, 659),
(537, 55, 32, 2012, 3, 659),
(538, 55, 33, 2012, 3, 659),
(539, 55, 34, 2012, 3, 659),
(540, 55, 35, 2012, 3, 659),
(541, 352, 35, 2012, 3, 660),
(542, 88, 3, 2012, 3, 661),
(543, 88, 4, 2012, 3, 661),
(544, 88, 5, 2012, 3, 661),
(545, 88, 6, 2012, 3, 661),
(546, 88, 8, 2012, 3, 661),
(547, 88, 9, 2012, 3, 661),
(548, 88, 10, 2012, 3, 661),
(549, 88, 11, 2012, 3, 661),
(550, 88, 12, 2012, 3, 661),
(551, 88, 13, 2012, 3, 661),
(552, 198, 8, 2012, 3, 662),
(553, 198, 9, 2012, 3, 662),
(554, 198, 10, 2012, 3, 662),
(555, 198, 11, 2012, 3, 662),
(556, 198, 12, 2012, 3, 662),
(557, 198, 13, 2012, 3, 662),
(558, 198, 14, 2012, 3, 662),
(559, 198, 15, 2012, 3, 662),
(560, 198, 16, 2012, 3, 662),
(561, 198, 17, 2012, 3, 662),
(562, 77, 17, 2012, 3, 663),
(563, 77, 18, 2012, 3, 663),
(564, 77, 19, 2012, 3, 663),
(565, 77, 20, 2012, 3, 663),
(566, 462, 21, 2012, 3, 663),
(567, 237.77, 30, 2012, 3, 664),
(568, 237.82, 21, 2012, 3, 664),
(569, 237.82, 22, 2012, 3, 664),
(570, 237.82, 23, 2012, 3, 664),
(571, 237.82, 24, 2012, 3, 664),
(572, 237.82, 25, 2012, 3, 664),
(573, 237.82, 26, 2012, 3, 664),
(574, 237.82, 27, 2012, 3, 664),
(575, 237.82, 29, 2012, 3, 664),
(576, 237.87, 28, 2012, 3, 664),
(577, 220, 30, 2012, 1, 665),
(578, 220, 31, 2012, 1, 665),
(579, 220, 32, 2012, 1, 665),
(580, 220, 33, 2012, 1, 665),
(581, 220, 34, 2012, 1, 665),
(582, 220, 35, 2012, 1, 665),
(583, 132, 33, 2012, 1, 666),
(584, 132, 34, 2012, 1, 666),
(585, 132, 35, 2012, 1, 666),
(586, 115, 5, 2012, 3, 667),
(587, 115, 6, 2012, 3, 667),
(588, 115, 7, 2012, 3, 667),
(589, 115, 8, 2012, 3, 667),
(590, 115, 9, 2012, 3, 667),
(591, 115, 10, 2012, 3, 667),
(592, 115, 11, 2012, 3, 667),
(593, 115, 12, 2012, 3, 667),
(594, 115, 13, 2012, 3, 667),
(595, 115, 15, 2012, 3, 667),
(596, 55, 9, 2012, 3, 668),
(597, 55, 10, 2012, 3, 668),
(598, 55, 11, 2012, 3, 668),
(599, 55, 12, 2012, 3, 668),
(600, 55, 13, 2012, 3, 668),
(601, 55, 15, 2012, 3, 668),
(602, 55, 16, 2012, 3, 668),
(603, 55, 17, 2012, 3, 668),
(604, 55, 18, 2012, 3, 668),
(605, 55, 19, 2012, 3, 668),
(606, 110, 18, 2012, 3, 669),
(607, 110, 19, 2012, 3, 669),
(608, 110, 20, 2012, 3, 669),
(609, 110, 21, 2012, 3, 669),
(610, 110, 22, 2012, 3, 669),
(611, 110, 23, 2012, 3, 669),
(612, 110, 24, 2012, 3, 669),
(613, 110, 25, 2012, 3, 669),
(614, 110, 26, 2012, 3, 669),
(615, 110, 27, 2012, 3, 669),
(616, 110, 27, 2012, 1, 670),
(617, 110, 28, 2012, 1, 670),
(618, 110, 29, 2012, 1, 670),
(619, 110, 31, 2012, 1, 670),
(620, 110, 32, 2012, 1, 670),
(621, 110, 33, 2012, 1, 670),
(622, 110, 34, 2012, 1, 670),
(623, 110, 35, 2012, 1, 670),
(624, 385, 32, 2012, 1, 671),
(625, 385, 33, 2012, 1, 671),
(626, 385, 34, 2012, 1, 671),
(627, 385, 35, 2012, 1, 671),
(628, 165, 26, 2012, 3, 673),
(629, 165, 27, 2012, 3, 673),
(630, 165, 28, 2012, 3, 673),
(631, 165, 29, 2012, 3, 673),
(632, 165, 30, 2012, 3, 673),
(633, 165, 31, 2012, 3, 673),
(634, 165, 32, 2012, 3, 673),
(635, 165, 33, 2012, 3, 673),
(636, 165, 34, 2012, 3, 673),
(637, 165, 35, 2012, 3, 673),
(638, 550, 32, 2012, 1, 674),
(639, 550, 33, 2012, 1, 674),
(640, 550, 34, 2012, 1, 674),
(641, 550, 35, 2012, 1, 674),
(642, 230, 35, 2012, 1, 675),
(643, 165, 3, 2012, 3, 676),
(644, 165, 4, 2012, 3, 676),
(645, 165, 5, 2012, 3, 676),
(646, 165, 6, 2012, 3, 676),
(647, 165, 7, 2012, 3, 676),
(648, 165, 8, 2012, 3, 676),
(649, 165, 9, 2012, 3, 676),
(650, 165, 10, 2012, 3, 676),
(651, 165, 11, 2012, 3, 676),
(652, 165, 12, 2012, 3, 676),
(653, 110, 13, 2012, 3, 677),
(654, 110, 14, 2012, 3, 677),
(655, 110, 15, 2012, 3, 677),
(656, 110, 16, 2012, 3, 677),
(657, 110, 17, 2012, 3, 677),
(658, 110, 18, 2012, 3, 677),
(659, 110, 19, 2012, 3, 677),
(660, 110, 20, 2012, 3, 677),
(661, 110, 21, 2012, 3, 677),
(662, 110, 22, 2012, 3, 677),
(663, 385, 16, 2012, 3, 678),
(664, 385, 17, 2012, 3, 678),
(665, 385, 18, 2012, 3, 678),
(666, 385, 19, 2012, 3, 678),
(667, 385, 20, 2012, 3, 678),
(668, 385, 21, 2012, 3, 678),
(669, 385, 22, 2012, 3, 678),
(670, 385, 23, 2012, 3, 678),
(671, 385, 24, 2012, 3, 678),
(672, 385, 25, 2012, 3, 678),
(673, 220, 24, 2012, 3, 679),
(674, 220, 25, 2012, 3, 679),
(675, 220, 26, 2012, 3, 679),
(676, 220, 27, 2012, 3, 679),
(677, 220, 28, 2012, 3, 679),
(678, 330, 27, 2012, 1, 680),
(679, 330, 28, 2012, 1, 680),
(680, 330, 29, 2012, 1, 680),
(681, 330, 30, 2012, 1, 680),
(682, 330, 31, 2012, 1, 680),
(683, 330, 32, 2012, 1, 680),
(684, 330, 33, 2012, 1, 680),
(685, 330, 34, 2012, 1, 680),
(686, 330, 35, 2012, 1, 680),
(687, 165, 31, 2012, 1, 681),
(688, 165, 32, 2012, 1, 681),
(689, 165, 33, 2012, 1, 681),
(690, 165, 34, 2012, 1, 681),
(691, 165, 35, 2012, 1, 681),
(692, 110, 4, 2012, 3, 682),
(693, 110, 5, 2012, 3, 682),
(694, 110, 6, 2012, 3, 682),
(695, 110, 7, 2012, 3, 682),
(696, 110, 8, 2012, 3, 682),
(697, 110, 9, 2012, 3, 682),
(698, 110, 10, 2012, 3, 682),
(699, 110, 11, 2012, 3, 682),
(700, 110, 12, 2012, 3, 682),
(701, 110, 13, 2012, 3, 682),
(702, 110, 13, 2012, 3, 683),
(703, 110, 14, 2012, 3, 683),
(704, 110, 15, 2012, 3, 683),
(705, 110, 16, 2012, 3, 683),
(706, 110, 17, 2012, 3, 683),
(707, 110, 18, 2012, 3, 683),
(708, 110, 19, 2012, 3, 683),
(709, 110, 20, 2012, 3, 683),
(710, 110, 21, 2012, 3, 683),
(711, 110, 22, 2012, 3, 683),
(712, 275, 28, 2012, 1, 684),
(713, 275, 29, 2012, 1, 684),
(714, 275, 30, 2012, 1, 684),
(715, 275, 31, 2012, 1, 684),
(716, 275, 32, 2012, 1, 684),
(717, 275, 33, 2012, 1, 684),
(718, 275, 34, 2012, 1, 684),
(719, 275, 35, 2012, 1, 684),
(720, 110, 6, 2012, 3, 685),
(721, 110, 7, 2012, 3, 685),
(722, 110, 8, 2012, 3, 685),
(723, 110, 9, 2012, 3, 685),
(724, 110, 10, 2012, 3, 685),
(725, 110, 11, 2012, 3, 685),
(726, 110, 12, 2012, 3, 685),
(727, 110, 13, 2012, 3, 685),
(728, 110, 14, 2012, 3, 685),
(729, 110, 15, 2012, 3, 685),
(730, 77, 9, 2012, 3, 686),
(731, 77, 10, 2012, 3, 686),
(732, 77, 11, 2012, 3, 686),
(733, 77, 12, 2012, 3, 686),
(734, 77, 13, 2012, 3, 686),
(735, 77, 14, 2012, 3, 686),
(736, 77, 15, 2012, 3, 686),
(737, 77, 16, 2012, 3, 686),
(738, 77, 17, 2012, 3, 686),
(739, 77, 18, 2012, 3, 686),
(740, 110, 16, 2012, 3, 687),
(741, 110, 17, 2012, 3, 687),
(742, 110, 18, 2012, 3, 687),
(743, 110, 19, 2012, 3, 687),
(744, 110, 20, 2012, 3, 687),
(745, 110, 21, 2012, 3, 687),
(746, 110, 22, 2012, 3, 687),
(747, 110, 23, 2012, 3, 687),
(748, 110, 24, 2012, 3, 687),
(749, 110, 25, 2012, 3, 687),
(750, 77, 21, 2012, 3, 688),
(751, 77, 22, 2012, 3, 688),
(752, 77, 23, 2012, 3, 688),
(753, 77, 24, 2012, 3, 688),
(754, 77, 25, 2012, 3, 688),
(755, 77, 26, 2012, 3, 688),
(756, 77, 27, 2012, 3, 688),
(757, 77, 28, 2012, 3, 688),
(758, 77, 29, 2012, 3, 688),
(759, 77, 30, 2012, 3, 688),
(760, 165, 25, 2012, 3, 689),
(761, 165, 26, 2012, 3, 689),
(762, 165, 27, 2012, 3, 689),
(763, 165, 28, 2012, 3, 689),
(764, 165, 29, 2012, 3, 689),
(765, 165, 30, 2012, 3, 689),
(766, 165, 31, 2012, 3, 689),
(767, 165, 32, 2012, 3, 689),
(768, 165, 33, 2012, 3, 689),
(769, 165, 34, 2012, 3, 689),
(770, 77, 31, 2012, 1, 690),
(771, 77, 32, 2012, 1, 690),
(772, 77, 33, 2012, 1, 690),
(773, 77, 34, 2012, 1, 690),
(774, 77, 35, 2012, 1, 690),
(775, 165, 35, 2012, 1, 691),
(776, 230, 4, 2012, 3, 692),
(777, 230, 5, 2012, 3, 692),
(778, 230, 6, 2012, 3, 692),
(779, 230, 7, 2012, 3, 692),
(780, 230, 8, 2012, 3, 692),
(781, 230, 9, 2012, 3, 692),
(782, 230, 10, 2012, 3, 692),
(783, 230, 11, 2012, 3, 692),
(784, 230, 12, 2012, 3, 692),
(785, 230, 13, 2012, 3, 692),
(786, 115, 12, 2012, 3, 693),
(787, 115, 13, 2012, 3, 693),
(788, 115, 14, 2012, 3, 693),
(789, 115, 15, 2012, 3, 693),
(790, 115, 16, 2012, 3, 693),
(791, 115, 17, 2012, 3, 693),
(792, 115, 18, 2012, 3, 693),
(793, 115, 19, 2012, 3, 693),
(794, 115, 20, 2012, 3, 693),
(795, 115, 21, 2012, 3, 693),
(796, 230, 22, 2012, 3, 694),
(797, 230, 23, 2012, 3, 694),
(798, 230, 24, 2012, 3, 694),
(799, 230, 25, 2012, 3, 694),
(800, 230, 26, 2012, 3, 694),
(801, 230, 27, 2012, 3, 694),
(802, 230, 28, 2012, 3, 694),
(803, 230, 29, 2012, 3, 694),
(804, 230, 30, 2012, 3, 694),
(805, 230, 31, 2012, 3, 694),
(806, 176, 27, 2012, 1, 695),
(807, 176, 28, 2012, 1, 695),
(808, 176, 29, 2012, 1, 695),
(809, 176, 30, 2012, 1, 695),
(810, 176, 31, 2012, 1, 695),
(811, 176, 32, 2012, 1, 695),
(812, 176, 33, 2012, 1, 695),
(813, 176, 34, 2012, 1, 695),
(814, 176, 35, 2012, 1, 695),
(815, 1100, 33, 2012, 1, 696),
(816, 1100, 34, 2012, 1, 696),
(817, 1100, 35, 2012, 1, 696),
(818, 57.5, 3, 2012, 3, 697),
(819, 57.5, 4, 2012, 3, 697),
(820, 57.5, 5, 2012, 3, 697),
(821, 57.5, 6, 2012, 3, 697),
(822, 57.5, 7, 2012, 3, 697),
(823, 57.5, 8, 2012, 3, 697),
(824, 230, 9, 2012, 3, 697),
(825, 92, 4, 2012, 3, 698),
(826, 92, 5, 2012, 3, 698),
(827, 92, 6, 2012, 3, 698),
(828, 92, 7, 2012, 3, 698),
(829, 92, 8, 2012, 3, 698),
(830, 460, 9, 2012, 3, 698),
(831, 172.5, 10, 2012, 3, 699),
(832, 172.5, 11, 2012, 3, 699),
(833, 172.5, 12, 2012, 3, 699),
(834, 172.5, 13, 2012, 3, 699),
(835, 1035, 14, 2012, 3, 699),
(836, 184, 15, 2012, 3, 700),
(837, 184, 16, 2012, 3, 700),
(838, 184, 17, 2012, 3, 700),
(839, 184, 18, 2012, 3, 700),
(840, 1104, 19, 2012, 3, 700),
(841, 184, 19, 2012, 3, 701),
(842, 184, 20, 2012, 3, 701),
(843, 184, 21, 2012, 3, 701),
(844, 1288, 22, 2012, 3, 701),
(845, 184, 22, 2012, 3, 702),
(846, 184, 23, 2012, 3, 702),
(847, 184, 24, 2012, 3, 702),
(848, 184, 25, 2012, 3, 702),
(849, 184, 26, 2012, 3, 702),
(850, 184, 27, 2012, 3, 702),
(851, 736, 28, 2012, 3, 702),
(852, 184, 27, 2012, 3, 703),
(853, 184, 28, 2012, 3, 703),
(854, 184, 29, 2012, 3, 703),
(855, 184, 30, 2012, 3, 703),
(856, 184, 31, 2012, 3, 703),
(857, 184, 32, 2012, 3, 703),
(858, 184, 33, 2012, 3, 703),
(859, 552, 34, 2012, 3, 703),
(860, 57.5, 31, 2012, 1, 704),
(861, 57.5, 32, 2012, 1, 704),
(862, 57.5, 33, 2012, 1, 704),
(863, 57.5, 34, 2012, 1, 704),
(864, 57.5, 35, 2012, 1, 704),
(865, 75.9, 33, 2012, 1, 705),
(866, 75.9, 34, 2012, 1, 705),
(867, 75.9, 35, 2012, 1, 705),
(868, 157.32, 35, 2012, 1, 706),
(869, 172, 10, 2012, 3, 707),
(870, 172.5, 7, 2012, 3, 707),
(871, 172.5, 8, 2012, 3, 707),
(872, 172.5, 9, 2012, 3, 707),
(873, 172.5, 11, 2012, 3, 707),
(874, 172.5, 12, 2012, 3, 707),
(875, 172.5, 13, 2012, 3, 707),
(876, 172.5, 14, 2012, 3, 707),
(877, 172.5, 15, 2012, 3, 707),
(878, 173, 17, 2012, 3, 707),
(879, 275, 19, 2012, 3, 708),
(880, 275, 20, 2012, 3, 708),
(881, 275, 21, 2012, 3, 708),
(882, 275, 22, 2012, 3, 708),
(883, 275, 23, 2012, 3, 708),
(884, 275, 24, 2012, 3, 708),
(885, 275, 25, 2012, 3, 708),
(886, 275, 26, 2012, 3, 708),
(887, 275, 27, 2012, 3, 708),
(888, 275, 28, 2012, 3, 708),
(889, 275, 26, 2012, 3, 709),
(890, 275, 27, 2012, 3, 709),
(891, 275, 28, 2012, 3, 709),
(892, 275, 29, 2012, 3, 709),
(893, 275, 30, 2012, 3, 709),
(894, 275, 31, 2012, 3, 709),
(895, 275, 32, 2012, 3, 709),
(896, 275, 33, 2012, 3, 709),
(897, 275, 34, 2012, 3, 709),
(898, 275, 35, 2012, 3, 709),
(899, 440, 32, 2012, 1, 710),
(900, 440, 33, 2012, 1, 710),
(901, 440, 34, 2012, 1, 710),
(902, 440, 35, 2012, 1, 710),
(903, 92, 6, 2012, 3, 711),
(904, 92, 7, 2012, 3, 711),
(905, 92, 8, 2012, 3, 711),
(906, 92, 9, 2012, 3, 711),
(907, 92, 10, 2012, 3, 711),
(908, 92, 11, 2012, 3, 711),
(909, 92, 12, 2012, 3, 711),
(910, 92, 13, 2012, 3, 711),
(911, 92, 14, 2012, 3, 711),
(912, 92, 15, 2012, 3, 711),
(913, 92, 17, 2012, 3, 712),
(914, 92, 18, 2012, 3, 712),
(915, 92, 19, 2012, 3, 712),
(916, 92, 20, 2012, 3, 712),
(917, 92, 21, 2012, 3, 712),
(918, 92, 22, 2012, 3, 712),
(919, 92, 23, 2012, 3, 712),
(920, 92, 24, 2012, 3, 712),
(921, 92, 25, 2012, 3, 712),
(922, 92, 26, 2012, 3, 712),
(923, 149.5, 27, 2012, 1, 713),
(924, 149.5, 28, 2012, 1, 713),
(925, 149.5, 29, 2012, 1, 713),
(926, 149.5, 30, 2012, 1, 713),
(927, 149.5, 32, 2012, 1, 713),
(928, 149.5, 33, 2012, 1, 713),
(929, 149.5, 34, 2012, 1, 713),
(930, 149.5, 35, 2012, 1, 713),
(931, 149.503, 31, 2012, 1, 713),
(932, 110, 10, 2012, 3, 714),
(933, 110, 11, 2012, 3, 714),
(934, 110, 12, 2012, 3, 714),
(935, 110, 13, 2012, 3, 714),
(936, 110, 14, 2012, 3, 714),
(937, 132, 29, 2012, 1, 715),
(938, 132, 30, 2012, 1, 715),
(939, 132, 31, 2012, 1, 715),
(940, 132, 32, 2012, 1, 715),
(941, 132, 33, 2012, 1, 715),
(942, 132, 34, 2012, 1, 715),
(943, 132, 35, 2012, 1, 715),
(944, 330, 5, 2012, 3, 716),
(945, 330, 6, 2012, 3, 716),
(946, 330, 9, 2012, 3, 716),
(947, 330, 10, 2012, 3, 716),
(948, 330, 11, 2012, 3, 716),
(949, 330, 17, 2012, 3, 716),
(950, 330, 18, 2012, 3, 716),
(951, 330, 19, 2012, 3, 716),
(952, 330, 20, 2012, 3, 716),
(953, 330, 21, 2012, 3, 716),
(954, 110, 22, 2012, 3, 717),
(955, 110, 23, 2012, 3, 717),
(956, 110, 24, 2012, 3, 717),
(957, 110, 25, 2012, 3, 717),
(958, 110, 26, 2012, 3, 717),
(959, 110, 27, 2012, 3, 717),
(960, 110, 28, 2012, 3, 717),
(961, 110, 29, 2012, 3, 717),
(962, 110, 30, 2012, 3, 717),
(963, 110, 31, 2012, 3, 717),
(964, 110, 24, 2012, 3, 718),
(965, 110, 25, 2012, 3, 718),
(966, 110, 26, 2012, 3, 718),
(967, 110, 27, 2012, 3, 718),
(968, 110, 28, 2012, 3, 718),
(969, 110, 29, 2012, 3, 718),
(970, 110, 30, 2012, 3, 718),
(971, 110, 31, 2012, 3, 718),
(972, 110, 32, 2012, 3, 718),
(973, 110, 33, 2012, 3, 718),
(974, 110, 33, 2012, 1, 719),
(975, 110, 34, 2012, 1, 719),
(976, 110, 35, 2012, 1, 719),
(977, 187, 7, 2012, 3, 720),
(978, 187, 8, 2012, 3, 720),
(979, 187, 9, 2012, 3, 720),
(980, 187, 10, 2012, 3, 720),
(981, 187, 11, 2012, 3, 720),
(982, 187, 12, 2012, 3, 720),
(983, 187, 13, 2012, 3, 720),
(984, 187, 14, 2012, 3, 720),
(985, 187, 15, 2012, 3, 720),
(986, 187, 16, 2012, 3, 720),
(987, 165, 20, 2012, 3, 721),
(988, 165, 21, 2012, 3, 721),
(989, 165, 22, 2012, 3, 721),
(990, 165, 23, 2012, 3, 721),
(991, 165, 24, 2012, 3, 721),
(992, 165, 25, 2012, 3, 721),
(993, 165, 26, 2012, 3, 721),
(994, 165, 27, 2012, 3, 721),
(995, 165, 28, 2012, 3, 721),
(996, 165, 29, 2012, 3, 721),
(997, 550, 31, 2012, 3, 722),
(998, 550, 32, 2012, 3, 722),
(999, 550, 33, 2012, 3, 722),
(1000, 550, 34, 2012, 3, 722),
(1001, 660, 35, 2012, 1, 723),
(1002, 110, 3, 2012, 3, 724),
(1003, 110, 4, 2012, 3, 724),
(1004, 110, 5, 2012, 3, 724),
(1005, 110, 6, 2012, 3, 724),
(1006, 110, 7, 2012, 3, 724),
(1007, 110, 8, 2012, 3, 724),
(1008, 110, 9, 2012, 3, 724),
(1009, 110, 10, 2012, 3, 724),
(1010, 110, 11, 2012, 3, 724),
(1011, 110, 12, 2012, 3, 724),
(1012, 110, 13, 2012, 3, 725),
(1013, 110, 14, 2012, 3, 725),
(1014, 110, 15, 2012, 3, 725),
(1015, 110, 16, 2012, 3, 725),
(1016, 110, 17, 2012, 3, 725),
(1017, 110, 18, 2012, 3, 725),
(1018, 110, 19, 2012, 3, 725),
(1019, 110, 20, 2012, 3, 725),
(1020, 110, 21, 2012, 3, 725),
(1021, 110, 22, 2012, 3, 725),
(1022, 220, 21, 2012, 3, 726),
(1023, 220, 22, 2012, 3, 726),
(1024, 220, 23, 2012, 3, 726),
(1025, 220, 24, 2012, 3, 726),
(1026, 220, 25, 2012, 3, 726),
(1027, 220, 26, 2012, 3, 726),
(1028, 220, 27, 2012, 3, 726),
(1029, 220, 28, 2012, 3, 726),
(1030, 220, 29, 2012, 3, 726),
(1031, 220, 30, 2012, 3, 726),
(1032, 110, 25, 2012, 3, 727),
(1033, 110, 26, 2012, 3, 727),
(1034, 110, 27, 2012, 3, 727),
(1035, 110, 28, 2012, 3, 727),
(1036, 110, 29, 2012, 3, 727),
(1037, 110, 30, 2012, 3, 727),
(1038, 110, 31, 2012, 3, 727),
(1039, 110, 32, 2012, 3, 727),
(1040, 110, 33, 2012, 3, 727),
(1041, 110, 34, 2012, 3, 727),
(1042, 220, 32, 2012, 1, 729),
(1043, 220, 33, 2012, 1, 729),
(1044, 220, 34, 2012, 1, 729),
(1045, 220, 35, 2012, 1, 729),
(1046, 242, 3, 2012, 3, 730),
(1047, 242, 4, 2012, 3, 730),
(1048, 242, 5, 2012, 3, 730),
(1049, 242, 6, 2012, 3, 730),
(1050, 242, 7, 2012, 3, 730),
(1051, 242, 8, 2012, 3, 730),
(1052, 242, 9, 2012, 3, 730),
(1053, 242, 10, 2012, 3, 730),
(1054, 484, 11, 2012, 3, 730),
(1055, 110, 7, 2012, 3, 731),
(1056, 110, 8, 2012, 3, 731),
(1057, 110, 9, 2012, 3, 731),
(1058, 110, 10, 2012, 3, 731),
(1059, 110, 11, 2012, 3, 731),
(1060, 55, 9, 2012, 3, 732),
(1061, 55, 10, 2012, 3, 732),
(1062, 440, 11, 2012, 3, 732),
(1063, 115, 14, 2012, 3, 733),
(1064, 115, 15, 2012, 3, 733),
(1065, 115, 16, 2012, 3, 733),
(1066, 115, 17, 2012, 3, 733),
(1067, 115, 18, 2012, 3, 733),
(1068, 115, 19, 2012, 3, 733),
(1069, 115, 20, 2012, 3, 733),
(1070, 115, 21, 2012, 3, 733),
(1071, 115, 22, 2012, 3, 733),
(1072, 115, 23, 2012, 3, 733),
(1073, 172.5, 22, 2012, 3, 734),
(1074, 172.5, 23, 2012, 3, 734),
(1075, 172.5, 24, 2012, 3, 734),
(1076, 172.5, 25, 2012, 3, 734),
(1077, 172.5, 26, 2012, 3, 734),
(1078, 172.5, 27, 2012, 3, 734),
(1079, 172.5, 28, 2012, 3, 734),
(1080, 172.5, 29, 2012, 3, 734),
(1081, 172.5, 30, 2012, 3, 734),
(1082, 172.5, 31, 2012, 3, 734),
(1083, 115, 25, 2012, 3, 735),
(1084, 115, 26, 2012, 3, 735),
(1085, 115, 27, 2012, 3, 735),
(1086, 115, 28, 2012, 3, 735),
(1087, 115, 29, 2012, 3, 735),
(1088, 115, 30, 2012, 3, 735),
(1089, 115, 31, 2012, 3, 735),
(1090, 115, 32, 2012, 3, 735),
(1091, 115, 33, 2012, 3, 735),
(1092, 115, 34, 2012, 3, 735),
(1093, 115, 31, 2012, 3, 736),
(1094, 115, 32, 2012, 3, 736),
(1095, 115, 33, 2012, 3, 736),
(1096, 115, 34, 2012, 3, 736),
(1097, 115, 35, 2012, 3, 736),
(1098, 230, 34, 2012, 1, 737),
(1099, 230, 35, 2012, 1, 737),
(1100, 110, 3, 2012, 3, 738),
(1101, 110, 4, 2012, 3, 738),
(1102, 110, 5, 2012, 3, 738),
(1103, 110, 6, 2012, 3, 738),
(1104, 110, 7, 2012, 3, 738),
(1105, 110, 8, 2012, 3, 738),
(1106, 110, 9, 2012, 3, 738),
(1107, 110, 10, 2012, 3, 738),
(1108, 110, 11, 2012, 3, 738),
(1109, 110, 12, 2012, 3, 738),
(1110, 132, 12, 2012, 3, 739),
(1111, 132, 13, 2012, 3, 739),
(1112, 132, 14, 2012, 3, 739),
(1113, 132, 15, 2012, 3, 739),
(1114, 132, 16, 2012, 3, 739),
(1115, 132, 17, 2012, 3, 739),
(1116, 132, 18, 2012, 3, 739),
(1117, 132, 19, 2012, 3, 739),
(1118, 132, 20, 2012, 3, 739),
(1119, 132, 21, 2012, 3, 739),
(1120, 143, 18, 2012, 3, 740),
(1121, 143, 19, 2012, 3, 740),
(1122, 143, 20, 2012, 3, 740),
(1123, 143, 21, 2012, 3, 740),
(1124, 143, 22, 2012, 3, 740),
(1125, 143, 23, 2012, 3, 740),
(1126, 143, 24, 2012, 3, 740),
(1127, 143, 25, 2012, 3, 740),
(1128, 143, 26, 2012, 3, 740),
(1129, 143, 27, 2012, 3, 740),
(1130, 143, 22, 2012, 3, 741),
(1131, 143, 23, 2012, 3, 741),
(1132, 143, 24, 2012, 3, 741),
(1133, 143, 25, 2012, 3, 741),
(1134, 143, 26, 2012, 3, 741),
(1135, 143, 27, 2012, 3, 741),
(1136, 143, 28, 2012, 3, 741),
(1137, 429, 29, 2012, 3, 741),
(1138, 165, 27, 2012, 3, 742),
(1139, 165, 28, 2012, 3, 742),
(1140, 165, 29, 2012, 3, 742),
(1141, 165, 30, 2012, 3, 742),
(1142, 165, 31, 2012, 3, 742),
(1143, 165, 33, 2012, 3, 742),
(1144, 660, 34, 2012, 3, 742),
(1145, 165, 30, 2012, 1, 743),
(1146, 165, 31, 2012, 1, 743),
(1147, 165, 33, 2012, 1, 743),
(1148, 165, 34, 2012, 1, 743),
(1149, 165, 35, 2012, 1, 743),
(1150, 165, 35, 2012, 1, 744),
(1151, 110, 7, 2012, 3, 745),
(1152, 110, 8, 2012, 3, 745),
(1153, 110, 9, 2012, 3, 745),
(1154, 110, 10, 2012, 3, 745),
(1155, 110, 11, 2012, 3, 745),
(1156, 110, 12, 2012, 3, 745),
(1157, 110, 13, 2012, 3, 745),
(1158, 110, 14, 2012, 3, 745),
(1159, 110, 15, 2012, 3, 745),
(1160, 110, 16, 2012, 3, 745),
(1161, 110, 18, 2012, 3, 746),
(1162, 110, 19, 2012, 3, 746),
(1163, 110, 20, 2012, 3, 746),
(1164, 110, 21, 2012, 3, 746),
(1165, 110, 22, 2012, 3, 746),
(1166, 110, 23, 2012, 3, 746),
(1167, 110, 24, 2012, 3, 746),
(1168, 110, 25, 2012, 3, 746),
(1169, 110, 26, 2012, 3, 746),
(1170, 110, 27, 2012, 3, 746),
(1171, 110, 27, 2012, 1, 747),
(1172, 110, 28, 2012, 1, 747),
(1173, 110, 29, 2012, 1, 747),
(1174, 110, 30, 2012, 1, 747),
(1175, 110, 33, 2012, 1, 747),
(1176, 110, 34, 2012, 1, 747),
(1177, 110, 35, 2012, 1, 747),
(1178, 220, 34, 2012, 1, 748),
(1179, 220, 35, 2012, 1, 748),
(1180, 165, 4, 2012, 3, 749),
(1181, 165, 5, 2012, 3, 749),
(1182, 165, 6, 2012, 3, 749),
(1183, 165, 7, 2012, 3, 749),
(1184, 165, 8, 2012, 3, 749),
(1185, 165, 9, 2012, 3, 749),
(1186, 165, 10, 2012, 3, 749),
(1187, 165, 11, 2012, 3, 749),
(1188, 165, 12, 2012, 3, 749),
(1189, 165, 13, 2012, 3, 749),
(1190, 110, 11, 2012, 3, 750),
(1191, 110, 12, 2012, 3, 750),
(1192, 110, 13, 2012, 3, 750),
(1193, 110, 14, 2012, 3, 750),
(1194, 110, 15, 2012, 3, 750),
(1195, 110, 16, 2012, 3, 750),
(1196, 110, 17, 2012, 3, 750),
(1197, 110, 18, 2012, 3, 750),
(1198, 110, 19, 2012, 3, 750),
(1199, 110, 20, 2012, 3, 750),
(1200, 165, 19, 2012, 3, 751),
(1201, 165, 20, 2012, 3, 751),
(1202, 165, 21, 2012, 3, 751),
(1203, 165, 22, 2012, 3, 751),
(1204, 165, 23, 2012, 3, 751),
(1205, 165, 24, 2012, 3, 751),
(1206, 165, 25, 2012, 3, 751),
(1207, 165, 26, 2012, 3, 751),
(1208, 165, 27, 2012, 3, 751),
(1209, 165, 28, 2012, 3, 751),
(1210, 165, 28, 2012, 1, 752),
(1211, 165, 29, 2012, 1, 752),
(1212, 165, 30, 2012, 1, 752),
(1213, 165, 31, 2012, 1, 752),
(1214, 165, 32, 2012, 1, 752),
(1215, 165, 33, 2012, 1, 752),
(1216, 165, 34, 2012, 1, 752),
(1217, 165, 35, 2012, 1, 752),
(1218, 115, 23, 2012, 3, 753),
(1219, 115, 24, 2012, 3, 753),
(1220, 115, 25, 2012, 3, 753),
(1221, 115, 26, 2012, 3, 753),
(1222, 115, 27, 2012, 3, 753),
(1223, 115, 28, 2012, 3, 753),
(1224, 115, 29, 2012, 3, 753),
(1225, 115, 30, 2012, 3, 753),
(1226, 115, 31, 2012, 3, 753),
(1227, 115, 32, 2012, 3, 753),
(1228, 287.5, 6, 2012, 3, 754),
(1229, 287.5, 7, 2012, 3, 754),
(1230, 287.5, 8, 2012, 3, 754),
(1231, 287.5, 9, 2012, 3, 754),
(1232, 230, 13, 2012, 3, 755),
(1233, 230, 14, 2012, 3, 755),
(1234, 230, 15, 2012, 3, 755),
(1235, 230, 16, 2012, 3, 755),
(1236, 230, 17, 2012, 3, 755),
(1237, 230, 18, 2012, 3, 755),
(1238, 230, 19, 2012, 3, 755),
(1239, 230, 20, 2012, 3, 755),
(1240, 230, 21, 2012, 3, 755),
(1241, 230, 22, 2012, 3, 755),
(1242, 115, 35, 2012, 1, 756),
(1243, 110, 5, 2012, 3, 757),
(1244, 110, 6, 2012, 3, 757),
(1245, 110, 7, 2012, 3, 757),
(1246, 110, 8, 2012, 3, 757),
(1247, 110, 9, 2012, 3, 757),
(1248, 110, 10, 2012, 3, 757),
(1249, 110, 11, 2012, 3, 757),
(1250, 110, 12, 2012, 3, 757),
(1251, 110, 13, 2012, 3, 757),
(1252, 110, 14, 2012, 3, 757),
(1253, 143, 14, 2012, 3, 758),
(1254, 143, 15, 2012, 3, 758),
(1255, 143, 16, 2012, 3, 758),
(1256, 143, 18, 2012, 3, 758),
(1257, 143, 19, 2012, 3, 758),
(1258, 143, 20, 2012, 3, 758),
(1259, 143, 21, 2012, 3, 758),
(1260, 143, 22, 2012, 3, 758),
(1261, 143, 23, 2012, 3, 758),
(1262, 143, 24, 2012, 3, 758),
(1263, 330, 9, 2012, 3, 759),
(1264, 330, 10, 2012, 3, 759),
(1265, 330, 11, 2012, 3, 759),
(1266, 330, 12, 2012, 3, 759),
(1267, 330, 13, 2012, 3, 759),
(1268, 330, 15, 2012, 3, 759),
(1269, 330, 16, 2012, 3, 759),
(1270, 330, 17, 2012, 3, 759),
(1271, 330, 18, 2012, 3, 759),
(1272, 330, 19, 2012, 3, 759),
(1273, 220, 15, 2012, 3, 760),
(1274, 220, 16, 2012, 3, 760),
(1275, 220, 17, 2012, 3, 760),
(1276, 220, 18, 2012, 3, 760),
(1277, 220, 19, 2012, 3, 760),
(1278, 1100, 20, 2012, 3, 760),
(1279, 165, 23, 2012, 3, 761),
(1280, 330, 14, 2012, 3, 761),
(1281, 330, 15, 2012, 3, 761),
(1282, 330, 16, 2012, 3, 761),
(1283, 330, 17, 2012, 3, 761),
(1284, 330, 18, 2012, 3, 761),
(1285, 330, 20, 2012, 3, 761),
(1286, 330, 21, 2012, 3, 761),
(1287, 825, 19, 2012, 3, 761),
(1288, 550, 21, 2012, 3, 762),
(1289, 550, 23, 2012, 3, 762),
(1290, 550, 24, 2012, 3, 762),
(1291, 550, 25, 2012, 3, 762),
(1292, 550, 26, 2012, 3, 762),
(1293, 550, 27, 2012, 3, 762),
(1294, 550, 28, 2012, 3, 762),
(1295, 550, 29, 2012, 3, 762),
(1296, 550, 30, 2012, 3, 762),
(1297, 550, 32, 2012, 3, 762),
(1298, 77, 28, 2012, 1, 763),
(1299, 77, 29, 2012, 1, 763),
(1300, 77, 30, 2012, 1, 763),
(1301, 77, 31, 2012, 1, 763),
(1302, 77, 32, 2012, 1, 763),
(1303, 77, 33, 2012, 1, 763),
(1304, 77, 34, 2012, 1, 763),
(1305, 77, 35, 2012, 1, 763),
(1306, 660, 33, 2012, 1, 764),
(1307, 660, 34, 2012, 1, 764),
(1308, 660, 35, 2012, 1, 764),
(1309, 660, 10, 2012, 3, 766),
(1310, 660, 11, 2012, 3, 766),
(1311, 660, 12, 2012, 3, 766),
(1312, 660, 13, 2012, 3, 766),
(1313, 660, 14, 2012, 3, 766),
(1314, 660, 15, 2012, 3, 766),
(1315, 660, 16, 2012, 3, 766),
(1316, 660, 17, 2012, 3, 766),
(1317, 660, 18, 2012, 3, 766),
(1318, 660, 19, 2012, 3, 766),
(1319, 770, 23, 2012, 3, 767),
(1320, 770, 24, 2012, 3, 767),
(1321, 770, 25, 2012, 3, 767),
(1322, 770, 26, 2012, 3, 767),
(1323, 770, 27, 2012, 3, 767),
(1324, 770, 28, 2012, 3, 767),
(1325, 770, 29, 2012, 3, 767),
(1326, 770, 30, 2012, 3, 767),
(1327, 770, 31, 2012, 3, 767),
(1328, 770, 32, 2012, 3, 767),
(1329, 110, 26, 2012, 3, 768),
(1330, 110, 27, 2012, 3, 768),
(1331, 110, 28, 2012, 3, 768),
(1332, 110, 29, 2012, 3, 768),
(1333, 110, 30, 2012, 3, 768),
(1334, 110, 31, 2012, 3, 768),
(1335, 110, 32, 2012, 3, 768),
(1336, 110, 33, 2012, 3, 768),
(1337, 110, 34, 2012, 3, 768),
(1338, 110, 35, 2012, 3, 768),
(1339, 220, 31, 2012, 1, 769),
(1340, 220, 32, 2012, 1, 769),
(1341, 220, 33, 2012, 1, 769),
(1342, 220, 34, 2012, 1, 769),
(1343, 220, 35, 2012, 1, 769),
(1344, 110, 7, 2012, 3, 770),
(1345, 110, 8, 2012, 3, 770),
(1346, 110, 9, 2012, 3, 770),
(1347, 110, 10, 2012, 3, 770),
(1348, 110, 11, 2012, 3, 770),
(1349, 110, 12, 2012, 3, 770),
(1350, 110, 13, 2012, 3, 770),
(1351, 110, 14, 2012, 3, 770),
(1352, 110, 15, 2012, 3, 770),
(1353, 110, 16, 2012, 3, 770),
(1354, 220, 18, 2012, 3, 771),
(1355, 220, 19, 2012, 3, 771),
(1356, 220, 20, 2012, 3, 771),
(1357, 220, 21, 2012, 3, 771),
(1358, 220, 22, 2012, 3, 771),
(1359, 220, 23, 2012, 3, 771),
(1360, 220, 24, 2012, 3, 771),
(1361, 220, 25, 2012, 3, 771),
(1362, 220, 27, 2012, 3, 771),
(1363, 220, 28, 2012, 3, 771),
(1364, 110, 20, 2012, 3, 772),
(1365, 110, 21, 2012, 3, 772),
(1366, 110, 22, 2012, 3, 772),
(1367, 110, 23, 2012, 3, 772),
(1368, 110, 24, 2012, 3, 772),
(1369, 110, 25, 2012, 3, 772),
(1370, 110, 27, 2012, 3, 772),
(1371, 110, 28, 2012, 3, 772),
(1372, 110, 30, 2012, 3, 772),
(1373, 110, 31, 2012, 3, 772),
(1374, 165, 27, 2012, 3, 773),
(1375, 165, 28, 2012, 3, 773),
(1376, 165, 30, 2012, 3, 773),
(1377, 165, 31, 2012, 3, 773),
(1378, 990, 32, 2012, 3, 773),
(1379, 220, 30, 2012, 3, 774),
(1380, 220, 31, 2012, 3, 774),
(1381, 1760, 32, 2012, 3, 774),
(1382, 220, 5, 2012, 3, 775),
(1383, 220, 6, 2012, 3, 775),
(1384, 220, 7, 2012, 3, 775),
(1385, 220, 8, 2012, 3, 775),
(1386, 220, 9, 2012, 3, 775),
(1387, 220, 10, 2012, 3, 775),
(1388, 220, 11, 2012, 3, 775),
(1389, 220, 12, 2012, 3, 775),
(1390, 220, 13, 2012, 3, 775),
(1391, 220, 14, 2012, 3, 775),
(1392, 385, 13, 2012, 3, 776),
(1393, 385, 14, 2012, 3, 776),
(1394, 385, 15, 2012, 3, 776),
(1395, 385, 16, 2012, 3, 776),
(1396, 385, 17, 2012, 3, 776),
(1397, 385, 18, 2012, 3, 776),
(1398, 385, 19, 2012, 3, 776),
(1399, 385, 20, 2012, 3, 776),
(1400, 385, 21, 2012, 3, 776),
(1401, 385, 22, 2012, 3, 776),
(1402, 440, 23, 2012, 3, 777),
(1403, 440, 24, 2012, 3, 777),
(1404, 440, 27, 2012, 3, 777),
(1405, 440, 28, 2012, 3, 777),
(1406, 440, 29, 2012, 3, 777),
(1407, 2200, 30, 2012, 3, 777),
(1408, 440, 31, 2012, 1, 778),
(1409, 440, 32, 2012, 1, 778),
(1410, 440, 34, 2012, 1, 778),
(1411, 440, 35, 2012, 1, 778),
(1412, 92, 27, 2012, 1, 779),
(1413, 92, 31, 2012, 1, 779),
(1414, 92, 32, 2012, 1, 779),
(1415, 92, 33, 2012, 1, 779),
(1416, 92, 34, 2012, 1, 779),
(1417, 92, 35, 2012, 1, 779),
(1418, 172.5, 6, 2012, 3, 780),
(1419, 172.5, 7, 2012, 3, 780),
(1420, 172.5, 8, 2012, 3, 780),
(1421, 172.5, 9, 2012, 3, 780),
(1422, 172.5, 10, 2012, 3, 780),
(1423, 172.5, 11, 2012, 3, 780),
(1424, 172.5, 12, 2012, 3, 780),
(1425, 172.5, 13, 2012, 3, 780),
(1426, 172.5, 14, 2012, 3, 780),
(1427, 172.5, 15, 2012, 3, 780),
(1428, 207, 19, 2012, 3, 781),
(1429, 207, 20, 2012, 3, 781),
(1430, 207, 21, 2012, 3, 781),
(1431, 207, 22, 2012, 3, 781),
(1432, 207, 23, 2012, 3, 781),
(1433, 207, 24, 2012, 3, 781),
(1434, 207, 25, 2012, 3, 781),
(1435, 207, 26, 2012, 3, 781),
(1436, 207, 27, 2012, 3, 781),
(1437, 207, 28, 2012, 3, 781),
(1438, 230, 31, 2012, 1, 782),
(1439, 230, 32, 2012, 1, 782),
(1440, 230, 33, 2012, 1, 782),
(1441, 230, 34, 2012, 1, 782),
(1442, 230, 35, 2012, 1, 782),
(1443, 110, 3, 2012, 3, 783),
(1444, 110, 4, 2012, 3, 783),
(1445, 110, 5, 2012, 3, 783),
(1446, 110, 6, 2012, 3, 783),
(1447, 110, 7, 2012, 3, 783),
(1448, 110, 8, 2012, 3, 783),
(1449, 110, 9, 2012, 3, 783),
(1450, 330, 10, 2012, 3, 783),
(1451, 550, 10, 2012, 3, 784),
(1452, 230, 16, 2012, 3, 785),
(1453, 230, 17, 2012, 3, 785),
(1454, 230, 18, 2012, 3, 785),
(1455, 230, 21, 2012, 3, 785),
(1456, 230, 22, 2012, 3, 785),
(1457, 230, 23, 2012, 3, 785),
(1458, 230, 24, 2012, 3, 785),
(1459, 230, 25, 2012, 3, 785),
(1460, 230, 26, 2012, 3, 785),
(1461, 230, 27, 2012, 3, 785),
(1462, 115, 23, 2012, 3, 786),
(1463, 115, 24, 2012, 3, 786),
(1464, 115, 25, 2012, 3, 786),
(1465, 115, 26, 2012, 3, 786),
(1466, 115, 27, 2012, 3, 786),
(1467, 115, 28, 2012, 3, 786),
(1468, 115, 29, 2012, 3, 786),
(1469, 115, 30, 2012, 3, 786),
(1470, 115, 31, 2012, 3, 786),
(1471, 115, 32, 2012, 3, 786),
(1472, 172.5, 28, 2012, 1, 787),
(1473, 172.5, 29, 2012, 1, 787),
(1474, 172.5, 30, 2012, 1, 787),
(1475, 172.5, 31, 2012, 1, 787),
(1476, 172.5, 32, 2012, 1, 787),
(1477, 172.5, 33, 2012, 1, 787),
(1478, 172.5, 34, 2012, 1, 787),
(1479, 172.5, 35, 2012, 1, 787),
(1480, 172.5, 33, 2012, 1, 788),
(1481, 172.5, 34, 2012, 1, 788),
(1482, 172.5, 35, 2012, 1, 788),
(1483, 220, 26, 2012, 3, 789),
(1484, 220, 27, 2012, 3, 789),
(1485, 220, 28, 2012, 3, 789),
(1486, 220, 29, 2012, 3, 789),
(1487, 220, 30, 2012, 3, 789),
(1488, 220, 31, 2012, 3, 789),
(1489, 220, 32, 2012, 3, 789),
(1490, 220, 33, 2012, 3, 789),
(1491, 220, 34, 2012, 3, 789),
(1492, 220, 35, 2012, 3, 789),
(1493, 287.5, 6, 2012, 3, 790),
(1494, 287.5, 7, 2012, 3, 790),
(1495, 115, 17, 2012, 3, 791),
(1496, 115, 18, 2012, 3, 791),
(1497, 115, 19, 2012, 3, 791),
(1498, 115, 20, 2012, 3, 791),
(1499, 115, 21, 2012, 3, 791),
(1500, 230, 22, 2012, 3, 792),
(1501, 230, 23, 2012, 3, 792),
(1502, 230, 24, 2012, 3, 792),
(1503, 230, 25, 2012, 3, 792),
(1504, 230, 26, 2012, 3, 792),
(1505, 230, 27, 2012, 3, 792),
(1506, 230, 28, 2012, 3, 792),
(1507, 230, 29, 2012, 3, 792),
(1508, 230, 30, 2012, 3, 792),
(1509, 230, 31, 2012, 3, 792),
(1510, 345, 26, 2012, 3, 793),
(1511, 345, 27, 2012, 3, 793),
(1512, 345, 28, 2012, 3, 793),
(1513, 345, 29, 2012, 3, 793),
(1514, 345, 30, 2012, 3, 793),
(1515, 345, 31, 2012, 3, 793),
(1516, 345, 32, 2012, 3, 793),
(1517, 345, 33, 2012, 3, 793),
(1518, 345, 34, 2012, 3, 793),
(1519, 345, 35, 2012, 3, 793),
(1520, 165, 5, 2012, 3, 794),
(1521, 165, 6, 2012, 3, 794),
(1522, 165, 7, 2012, 3, 794),
(1523, 165, 8, 2012, 3, 794),
(1524, 165, 9, 2012, 3, 794),
(1525, 165, 10, 2012, 3, 794),
(1526, 165, 11, 2012, 3, 794),
(1527, 165, 12, 2012, 3, 794),
(1528, 165, 13, 2012, 3, 794),
(1529, 165, 14, 2012, 3, 794),
(1530, 330, 17, 2012, 3, 795),
(1531, 330, 18, 2012, 3, 795),
(1532, 330, 19, 2012, 3, 795),
(1533, 330, 20, 2012, 3, 795),
(1534, 330, 21, 2012, 3, 795),
(1535, 330, 22, 2012, 3, 795),
(1536, 132, 23, 2012, 3, 796),
(1537, 132, 24, 2012, 3, 796),
(1538, 132, 25, 2012, 3, 796),
(1539, 132, 26, 2012, 3, 796),
(1540, 132, 27, 2012, 3, 796),
(1541, 132, 28, 2012, 3, 796),
(1542, 132, 29, 2012, 3, 796),
(1543, 132, 30, 2012, 3, 796),
(1544, 132, 31, 2012, 3, 796),
(1545, 132, 32, 2012, 3, 796),
(1546, 275, 29, 2012, 1, 797),
(1547, 275, 30, 2012, 1, 797),
(1548, 275, 31, 2012, 1, 797),
(1549, 275, 32, 2012, 1, 797),
(1550, 275, 33, 2012, 1, 797),
(1551, 275, 34, 2012, 1, 797),
(1552, 275, 35, 2012, 1, 797),
(1553, 110, 8, 2012, 3, 799),
(1554, 110, 11, 2012, 3, 799),
(1555, 110, 12, 2012, 3, 799),
(1556, 110, 13, 2012, 3, 799),
(1557, 110, 14, 2012, 3, 799),
(1558, 110, 15, 2012, 3, 799),
(1559, 110, 16, 2012, 3, 799),
(1560, 110, 17, 2012, 3, 799),
(1561, 110, 18, 2012, 3, 799),
(1562, 110, 19, 2012, 3, 799),
(1563, 66, 12, 2012, 3, 800),
(1564, 66, 13, 2012, 3, 800),
(1565, 66, 14, 2012, 3, 800),
(1566, 66, 15, 2012, 3, 800),
(1567, 66, 16, 2012, 3, 800),
(1568, 66, 17, 2012, 3, 800),
(1569, 66, 18, 2012, 3, 800),
(1570, 66, 19, 2012, 3, 800),
(1571, 66, 20, 2012, 3, 800),
(1572, 66, 21, 2012, 3, 800),
(1573, 165, 19, 2012, 3, 801),
(1574, 165, 20, 2012, 3, 801),
(1575, 165, 21, 2012, 3, 801),
(1576, 165, 22, 2012, 3, 801),
(1577, 165, 24, 2012, 3, 801),
(1578, 165, 25, 2012, 3, 801),
(1579, 165, 26, 2012, 3, 801),
(1580, 165, 27, 2012, 3, 801),
(1581, 165, 28, 2012, 3, 801),
(1582, 165, 29, 2012, 3, 801),
(1583, 110, 25, 2012, 3, 802),
(1584, 110, 26, 2012, 3, 802),
(1585, 110, 27, 2012, 3, 802),
(1586, 110, 28, 2012, 3, 802),
(1587, 110, 29, 2012, 3, 802),
(1588, 110, 30, 2012, 3, 802),
(1589, 110, 31, 2012, 3, 802),
(1590, 110, 32, 2012, 3, 802),
(1591, 110, 33, 2012, 3, 802),
(1592, 110, 34, 2012, 3, 802),
(1593, 220, 25, 2012, 3, 803),
(1594, 220, 26, 2012, 3, 803),
(1595, 220, 27, 2012, 3, 803),
(1596, 220, 28, 2012, 3, 803),
(1597, 220, 29, 2012, 3, 803),
(1598, 220, 30, 2012, 1, 804),
(1599, 220, 31, 2012, 1, 804),
(1600, 220, 32, 2012, 1, 804),
(1601, 220, 33, 2012, 1, 804),
(1602, 220, 34, 2012, 1, 804),
(1603, 220, 35, 2012, 1, 804),
(1604, 165, 31, 2012, 1, 805),
(1605, 165, 32, 2012, 1, 805),
(1606, 165, 33, 2012, 1, 805),
(1607, 165, 34, 2012, 1, 805),
(1608, 165, 35, 2012, 1, 805),
(1609, 440, 7, 2012, 3, 807),
(1610, 440, 8, 2012, 3, 807),
(1611, 440, 9, 2012, 3, 807),
(1612, 440, 10, 2012, 3, 807),
(1613, 440, 11, 2012, 3, 807),
(1614, 440, 12, 2012, 3, 807),
(1615, 440, 13, 2012, 3, 807),
(1616, 440, 14, 2012, 3, 807),
(1617, 440, 15, 2012, 3, 807),
(1618, 440, 16, 2012, 3, 807),
(1619, 660, 17, 2012, 3, 808),
(1620, 660, 18, 2012, 3, 808),
(1621, 660, 19, 2012, 3, 808),
(1622, 660, 20, 2012, 3, 808),
(1623, 660, 21, 2012, 3, 808),
(1624, 660, 22, 2012, 3, 808),
(1625, 660, 23, 2012, 3, 808),
(1626, 660, 24, 2012, 3, 808),
(1627, 660, 25, 2012, 3, 808),
(1628, 660, 26, 2012, 3, 808),
(1629, 550, 23, 2012, 3, 809),
(1630, 550, 24, 2012, 3, 809),
(1631, 550, 25, 2012, 3, 809),
(1632, 550, 26, 2012, 3, 809),
(1633, 770, 27, 2012, 1, 810),
(1634, 770, 28, 2012, 1, 810),
(1635, 770, 29, 2012, 1, 810),
(1636, 770, 30, 2012, 1, 810),
(1637, 770, 31, 2012, 1, 810),
(1638, 770, 32, 2012, 1, 810),
(1639, 770, 33, 2012, 1, 810),
(1640, 770, 34, 2012, 1, 810),
(1641, 770, 35, 2012, 1, 810),
(1642, 330, 29, 2012, 1, 811),
(1643, 330, 30, 2012, 1, 811),
(1644, 330, 31, 2012, 1, 811),
(1645, 330, 32, 2012, 1, 811),
(1646, 330, 33, 2012, 1, 811),
(1647, 330, 34, 2012, 1, 811),
(1648, 330, 35, 2012, 1, 811),
(1649, 176, 8, 2012, 3, 812),
(1650, 176, 9, 2012, 3, 812),
(1651, 176, 10, 2012, 3, 812),
(1652, 176, 11, 2012, 3, 812),
(1653, 176, 12, 2012, 3, 812),
(1654, 176, 13, 2012, 3, 812),
(1655, 176, 14, 2012, 3, 812),
(1656, 176, 15, 2012, 3, 812),
(1657, 176, 16, 2012, 3, 812),
(1658, 176, 17, 2012, 3, 812),
(1659, 110, 13, 2012, 3, 813),
(1660, 110, 14, 2012, 3, 813),
(1661, 110, 15, 2012, 3, 813),
(1662, 110, 16, 2012, 3, 813),
(1663, 110, 17, 2012, 3, 813),
(1664, 165, 18, 2012, 3, 814),
(1665, 165, 19, 2012, 3, 814),
(1666, 165, 20, 2012, 3, 814),
(1667, 165, 21, 2012, 3, 814),
(1668, 165, 22, 2012, 3, 814),
(1669, 165, 23, 2012, 3, 814),
(1670, 165, 24, 2012, 3, 814),
(1671, 165, 25, 2012, 3, 814),
(1672, 165, 26, 2012, 3, 814),
(1673, 165, 27, 2012, 3, 814),
(1674, 55, 23, 2012, 3, 815),
(1675, 55, 24, 2012, 3, 815),
(1676, 55, 25, 2012, 3, 815),
(1677, 55, 26, 2012, 3, 815),
(1678, 55, 27, 2012, 3, 815),
(1679, 55, 28, 2012, 3, 815),
(1680, 55, 29, 2012, 3, 815),
(1681, 55, 30, 2012, 3, 815),
(1682, 55, 31, 2012, 3, 815),
(1683, 55, 32, 2012, 3, 815),
(1684, 55, 28, 2012, 1, 816),
(1685, 55, 29, 2012, 1, 816),
(1686, 55, 30, 2012, 1, 816),
(1687, 55, 31, 2012, 1, 816),
(1688, 55, 32, 2012, 1, 816),
(1689, 55, 33, 2012, 1, 816),
(1690, 55, 34, 2012, 1, 816),
(1691, 55, 35, 2012, 1, 816),
(1692, 165, 34, 2012, 1, 817),
(1693, 165, 35, 2012, 1, 817),
(1694, 115, 5, 2012, 3, 818),
(1695, 115, 6, 2012, 3, 818),
(1696, 115, 7, 2012, 3, 818),
(1697, 115, 8, 2012, 3, 818),
(1698, 115, 9, 2012, 3, 818),
(1699, 115, 10, 2012, 3, 818),
(1700, 115, 11, 2012, 3, 818),
(1701, 115, 12, 2012, 3, 818),
(1702, 115, 13, 2012, 3, 818),
(1703, 115, 14, 2012, 3, 818),
(1704, 115, 17, 2012, 3, 819),
(1705, 115, 18, 2012, 3, 819),
(1706, 115, 19, 2012, 3, 819),
(1707, 115, 20, 2012, 3, 819),
(1708, 115, 21, 2012, 3, 819),
(1709, 115, 22, 2012, 3, 819),
(1710, 115, 23, 2012, 3, 819),
(1711, 115, 24, 2012, 3, 819),
(1712, 115, 25, 2012, 3, 819),
(1713, 115, 26, 2012, 3, 819),
(1714, 172.5, 24, 2012, 3, 820),
(1715, 172.5, 25, 2012, 3, 820),
(1716, 172.5, 26, 2012, 3, 820),
(1717, 172.5, 27, 2012, 3, 820),
(1718, 172.5, 28, 2012, 3, 820),
(1719, 172.5, 29, 2012, 3, 820),
(1720, 172.5, 30, 2012, 3, 820),
(1721, 172.5, 31, 2012, 3, 820),
(1722, 172.5, 32, 2012, 3, 820),
(1723, 172.5, 33, 2012, 3, 820),
(1724, 115, 28, 2012, 1, 821),
(1725, 115, 29, 2012, 1, 821),
(1726, 115, 30, 2012, 1, 821),
(1727, 115, 31, 2012, 1, 821),
(1728, 115, 32, 2012, 1, 821),
(1729, 115, 33, 2012, 1, 821),
(1730, 115, 34, 2012, 1, 821),
(1731, 115, 35, 2012, 1, 821),
(1732, 172.5, 35, 2012, 1, 822),
(1733, 275, 5, 2012, 3, 823),
(1734, 275, 6, 2012, 3, 823),
(1735, 275, 7, 2012, 3, 823),
(1736, 275, 8, 2012, 3, 823),
(1737, 275, 9, 2012, 3, 823),
(1738, 275, 10, 2012, 3, 823),
(1739, 275, 11, 2012, 3, 823),
(1740, 275, 12, 2012, 3, 823),
(1741, 275, 13, 2012, 3, 823),
(1742, 275, 14, 2012, 3, 823),
(1743, 165, 10, 2012, 3, 824),
(1744, 165, 11, 2012, 3, 824),
(1745, 165, 12, 2012, 3, 824),
(1746, 165, 13, 2012, 3, 824),
(1747, 165, 14, 2012, 3, 824),
(1748, 165, 15, 2012, 3, 824),
(1749, 165, 16, 2012, 3, 824),
(1750, 165, 17, 2012, 3, 824),
(1751, 165, 18, 2012, 3, 824),
(1752, 165, 19, 2012, 3, 824),
(1753, 550, 15, 2012, 3, 825),
(1754, 550, 16, 2012, 3, 825),
(1755, 550, 17, 2012, 3, 825),
(1756, 550, 18, 2012, 3, 825),
(1757, 550, 19, 2012, 3, 825),
(1758, 550, 20, 2012, 3, 825),
(1759, 550, 21, 2012, 3, 825),
(1760, 550, 22, 2012, 3, 825),
(1761, 550, 23, 2012, 3, 825);
INSERT INTO `prestamo_registro` (`id`, `monto`, `week`, `year`, `status`, `prestamo_id`) VALUES
(1762, 550, 24, 2012, 3, 825),
(1763, 275, 22, 2012, 3, 826),
(1764, 275, 23, 2012, 3, 826),
(1765, 275, 24, 2012, 3, 826),
(1766, 275, 25, 2012, 3, 826),
(1767, 275, 26, 2012, 3, 826),
(1768, 275, 27, 2012, 3, 826),
(1769, 275, 28, 2012, 3, 826),
(1770, 275, 29, 2012, 3, 826),
(1771, 275, 30, 2012, 3, 826),
(1772, 275, 31, 2012, 3, 826),
(1773, 550, 30, 2012, 1, 827),
(1774, 550, 31, 2012, 1, 827),
(1775, 550, 32, 2012, 1, 827),
(1776, 550, 33, 2012, 1, 827),
(1777, 550, 34, 2012, 1, 827),
(1778, 550, 35, 2012, 1, 827),
(1779, 330, 33, 2012, 1, 828),
(1780, 330, 34, 2012, 1, 828),
(1781, 330, 35, 2012, 1, 828),
(1782, 550, 6, 2012, 3, 829),
(1783, 550, 7, 2012, 3, 829),
(1784, 550, 8, 2012, 3, 829),
(1785, 550, 9, 2012, 3, 829),
(1786, 550, 10, 2012, 3, 829),
(1787, 550, 11, 2012, 3, 829),
(1788, 550, 12, 2012, 3, 829),
(1789, 1650, 13, 2012, 3, 829),
(1790, 110, 4, 2012, 3, 830),
(1791, 110, 5, 2012, 3, 830),
(1792, 110, 6, 2012, 3, 830),
(1793, 110, 7, 2012, 3, 830),
(1794, 110, 8, 2012, 3, 830),
(1795, 110, 9, 2012, 3, 830),
(1796, 110, 10, 2012, 3, 830),
(1797, 110, 12, 2012, 3, 830),
(1798, 110, 13, 2012, 3, 830),
(1799, 110, 15, 2012, 3, 830),
(1800, 550, 11, 2012, 3, 831),
(1801, 550, 12, 2012, 3, 831),
(1802, 550, 13, 2012, 3, 831),
(1803, 550, 14, 2012, 3, 831),
(1804, 550, 15, 2012, 3, 831),
(1805, 550, 16, 2012, 3, 831),
(1806, 550, 17, 2012, 3, 831),
(1807, 550, 18, 2012, 3, 831),
(1808, 550, 19, 2012, 3, 831),
(1809, 550, 20, 2012, 3, 831),
(1810, 110, 33, 2012, 1, 832),
(1811, 110, 34, 2012, 1, 832),
(1812, 110, 35, 2012, 1, 832),
(1813, 550, 14, 2012, 3, 834),
(1814, 550, 15, 2012, 3, 834),
(1815, 550, 16, 2012, 3, 834),
(1816, 550, 17, 2012, 3, 834),
(1817, 550, 18, 2012, 3, 834),
(1818, 550, 19, 2012, 3, 834),
(1819, 550, 20, 2012, 3, 834),
(1820, 1650, 21, 2012, 3, 834),
(1821, 1100, 32, 2012, 1, 835),
(1822, 1100, 33, 2012, 1, 835),
(1823, 1100, 34, 2012, 1, 835),
(1824, 1100, 35, 2012, 1, 835),
(1825, 110, 3, 2012, 3, 836),
(1826, 110, 4, 2012, 3, 836),
(1827, 110, 5, 2012, 3, 836),
(1828, 110, 6, 2012, 3, 836),
(1829, 110, 7, 2012, 3, 836),
(1830, 550, 8, 2012, 3, 836),
(1831, 57.5, 9, 2012, 3, 837),
(1832, 57.5, 10, 2012, 3, 837),
(1833, 57.5, 11, 2012, 3, 837),
(1834, 57.5, 12, 2012, 3, 837),
(1835, 57.5, 13, 2012, 3, 837),
(1836, 57.5, 14, 2012, 3, 837),
(1837, 57.5, 15, 2012, 3, 837),
(1838, 57.5, 16, 2012, 3, 837),
(1839, 57.5, 17, 2012, 3, 837),
(1840, 57.5, 18, 2012, 3, 837),
(1841, 115, 27, 2012, 1, 838),
(1842, 115, 28, 2012, 1, 838),
(1843, 115, 29, 2012, 1, 838),
(1844, 115, 30, 2012, 1, 838),
(1845, 115, 31, 2012, 1, 838),
(1846, 115, 35, 2012, 1, 838),
(1847, 110, 7, 2012, 3, 839),
(1848, 110, 8, 2012, 3, 839),
(1849, 110, 9, 2012, 3, 839),
(1850, 110, 10, 2012, 3, 839),
(1851, 110, 11, 2012, 3, 839),
(1852, 110, 12, 2012, 3, 839),
(1853, 110, 13, 2012, 3, 839),
(1854, 110, 14, 2012, 3, 839),
(1855, 110, 15, 2012, 3, 839),
(1856, 110, 16, 2012, 3, 839),
(1857, 110, 18, 2012, 3, 840),
(1858, 110, 19, 2012, 3, 840),
(1859, 110, 20, 2012, 3, 840),
(1860, 110, 21, 2012, 3, 840),
(1861, 110, 22, 2012, 3, 840),
(1862, 110, 23, 2012, 3, 840),
(1863, 110, 24, 2012, 3, 840),
(1864, 110, 25, 2012, 3, 840),
(1865, 110, 26, 2012, 3, 840),
(1866, 110, 27, 2012, 3, 840),
(1867, 165, 22, 2012, 3, 841),
(1868, 165, 23, 2012, 3, 841),
(1869, 165, 24, 2012, 3, 841),
(1870, 165, 25, 2012, 3, 841),
(1871, 165, 26, 2012, 3, 841),
(1872, 165, 27, 2012, 3, 841),
(1873, 165, 28, 2012, 3, 841),
(1874, 165, 29, 2012, 3, 841),
(1875, 165, 30, 2012, 3, 841),
(1876, 165, 31, 2012, 3, 841),
(1877, 110, 28, 2012, 3, 842),
(1878, 110, 29, 2012, 3, 842),
(1879, 110, 30, 2012, 3, 842),
(1880, 110, 31, 2012, 3, 842),
(1881, 110, 32, 2012, 3, 842),
(1882, 110, 33, 2012, 3, 842),
(1883, 110, 34, 2012, 3, 842),
(1884, 220, 31, 2012, 3, 843),
(1885, 220, 32, 2012, 3, 843),
(1886, 121, 7, 2012, 3, 844),
(1887, 121, 8, 2012, 3, 844),
(1888, 121, 9, 2012, 3, 844),
(1889, 121, 10, 2012, 3, 844),
(1890, 121, 11, 2012, 3, 844),
(1891, 121, 12, 2012, 3, 844),
(1892, 121, 13, 2012, 3, 844),
(1893, 121, 14, 2012, 3, 844),
(1894, 121, 15, 2012, 3, 844),
(1895, 121, 16, 2012, 3, 844),
(1896, 220, 13, 2012, 3, 845),
(1897, 220, 14, 2012, 3, 845),
(1898, 220, 15, 2012, 3, 845),
(1899, 220, 16, 2012, 3, 845),
(1900, 220, 17, 2012, 3, 845),
(1901, 220, 18, 2012, 3, 845),
(1902, 220, 19, 2012, 3, 845),
(1903, 220, 20, 2012, 3, 845),
(1904, 220, 21, 2012, 3, 845),
(1905, 220, 22, 2012, 3, 845),
(1906, 132, 18, 2012, 3, 846),
(1907, 132, 19, 2012, 3, 846),
(1908, 132, 20, 2012, 3, 846),
(1909, 132, 21, 2012, 3, 846),
(1910, 132, 22, 2012, 3, 846),
(1911, 132, 23, 2012, 3, 846),
(1912, 132, 24, 2012, 3, 846),
(1913, 132, 25, 2012, 3, 846),
(1914, 132, 26, 2012, 3, 846),
(1915, 132, 27, 2012, 3, 846),
(1916, 220, 22, 2012, 3, 847),
(1917, 220, 23, 2012, 3, 847),
(1918, 220, 24, 2012, 3, 847),
(1919, 220, 25, 2012, 3, 847),
(1920, 220, 26, 2012, 3, 847),
(1921, 220, 27, 2012, 3, 847),
(1922, 220, 28, 2012, 3, 847),
(1923, 220, 29, 2012, 3, 847),
(1924, 220, 30, 2012, 3, 847),
(1925, 220, 31, 2012, 3, 847),
(1926, 165, 27, 2012, 1, 848),
(1927, 165, 28, 2012, 1, 848),
(1928, 165, 29, 2012, 1, 848),
(1929, 165, 30, 2012, 1, 848),
(1930, 165, 31, 2012, 1, 848),
(1931, 165, 32, 2012, 1, 848),
(1932, 165, 33, 2012, 1, 848),
(1933, 165, 34, 2012, 1, 848),
(1934, 165, 35, 2012, 1, 848),
(1935, 220, 32, 2012, 1, 849),
(1936, 220, 33, 2012, 1, 849),
(1937, 220, 34, 2012, 1, 849),
(1938, 220, 35, 2012, 1, 849),
(1939, 20, 10, 2012, 3, 850),
(1940, 55, 4, 2012, 3, 850),
(1941, 55, 5, 2012, 3, 850),
(1942, 55, 7, 2012, 3, 850),
(1943, 55, 8, 2012, 3, 850),
(1944, 55, 9, 2012, 3, 850),
(1945, 255, 6, 2012, 3, 850),
(1946, 35, 11, 2012, 3, 851),
(1947, 115, 8, 2012, 3, 851),
(1948, 115, 9, 2012, 3, 851),
(1949, 115, 10, 2012, 3, 851),
(1950, 195, 12, 2012, 3, 851),
(1951, 330, 5, 2012, 3, 853),
(1952, 330, 6, 2012, 3, 853),
(1953, 330, 7, 2012, 3, 853),
(1954, 330, 8, 2012, 3, 853),
(1955, 1980, 9, 2012, 3, 853),
(1956, 230, 17, 2012, 3, 854),
(1957, 230, 18, 2012, 3, 854),
(1958, 230, 19, 2012, 3, 854),
(1959, 230, 20, 2012, 3, 854),
(1960, 230, 21, 2012, 3, 854),
(1961, 230, 22, 2012, 3, 854),
(1962, 230, 23, 2012, 3, 854),
(1963, 230, 24, 2012, 3, 854),
(1964, 230, 25, 2012, 3, 854),
(1965, 230, 26, 2012, 3, 854),
(1966, 345, 30, 2012, 1, 855),
(1967, 345, 31, 2012, 1, 855),
(1968, 345, 32, 2012, 1, 855),
(1969, 345, 33, 2012, 1, 855),
(1970, 345, 34, 2012, 1, 855),
(1971, 345, 35, 2012, 1, 855),
(1972, 220, 10, 2012, 3, 857),
(1973, 220, 11, 2012, 3, 857),
(1974, 220, 12, 2012, 3, 857),
(1975, 220, 13, 2012, 3, 857),
(1976, 220, 14, 2012, 3, 857),
(1977, 165, 26, 2012, 3, 858),
(1978, 165, 27, 2012, 3, 858),
(1979, 165, 28, 2012, 3, 858),
(1980, 165, 29, 2012, 3, 858),
(1981, 165, 30, 2012, 3, 858),
(1982, 165, 31, 2012, 3, 858),
(1983, 165, 32, 2012, 3, 858),
(1984, 165, 33, 2012, 3, 858),
(1985, 165, 34, 2012, 3, 858),
(1986, 165, 35, 2012, 3, 858),
(1987, 110, 28, 2012, 3, 859),
(1988, 110, 29, 2012, 3, 859),
(1989, 110, 30, 2012, 3, 859),
(1990, 110, 31, 2012, 3, 859),
(1991, 110, 32, 2012, 3, 859),
(1992, 110, 31, 2012, 1, 860),
(1993, 110, 32, 2012, 1, 860),
(1994, 110, 33, 2012, 1, 860),
(1995, 110, 34, 2012, 1, 860),
(1996, 110, 35, 2012, 1, 860),
(1997, 220, 35, 2012, 1, 861),
(1998, 198, 13, 2012, 3, 862),
(1999, 198, 14, 2012, 3, 862),
(2000, 198, 15, 2012, 3, 862),
(2001, 198, 16, 2012, 3, 862),
(2002, 198, 17, 2012, 3, 862),
(2003, 198, 18, 2012, 3, 862),
(2004, 198, 19, 2012, 3, 862),
(2005, 198, 20, 2012, 3, 862),
(2006, 198, 21, 2012, 3, 862),
(2007, 198, 22, 2012, 3, 862),
(2008, 110, 28, 2012, 1, 863),
(2009, 110, 29, 2012, 1, 863),
(2010, 110, 30, 2012, 1, 863),
(2011, 110, 31, 2012, 1, 863),
(2012, 110, 32, 2012, 1, 863),
(2013, 110, 33, 2012, 1, 863),
(2014, 110, 34, 2012, 1, 863),
(2015, 110, 35, 2012, 1, 863),
(2016, 115, 3, 2012, 3, 864),
(2017, 115, 4, 2012, 3, 864),
(2018, 115, 5, 2012, 3, 864),
(2019, 115, 6, 2012, 3, 864),
(2020, 115, 7, 2012, 3, 864),
(2021, 115, 8, 2012, 3, 864),
(2022, 115, 9, 2012, 3, 864),
(2023, 115, 10, 2012, 3, 864),
(2024, 115, 11, 2012, 3, 864),
(2025, 115, 12, 2012, 3, 864),
(2026, 230, 34, 2012, 1, 865),
(2027, 230, 35, 2012, 1, 865),
(2028, 57.5, 8, 2012, 3, 866),
(2029, 57.5, 9, 2012, 3, 866),
(2030, 57.5, 10, 2012, 3, 866),
(2031, 57.5, 11, 2012, 3, 866),
(2032, 57.5, 12, 2012, 3, 866),
(2033, 57.5, 13, 2012, 3, 866),
(2034, 57.5, 14, 2012, 3, 866),
(2035, 57.5, 15, 2012, 3, 866),
(2036, 57.5, 16, 2012, 3, 866),
(2037, 57.5, 17, 2012, 3, 866),
(2038, 92, 17, 2012, 3, 867),
(2039, 92, 18, 2012, 3, 867),
(2040, 92, 19, 2012, 3, 867),
(2041, 92, 20, 2012, 3, 867),
(2042, 92, 21, 2012, 3, 867),
(2043, 92, 22, 2012, 3, 867),
(2044, 92, 23, 2012, 3, 867),
(2045, 92, 24, 2012, 3, 867),
(2046, 92, 25, 2012, 3, 867),
(2047, 92, 26, 2012, 3, 867),
(2048, 80.5, 24, 2012, 3, 868),
(2049, 80.5, 25, 2012, 3, 868),
(2050, 80.5, 26, 2012, 3, 868),
(2051, 80.5, 27, 2012, 3, 868),
(2052, 80.5, 28, 2012, 3, 868),
(2053, 80.5, 29, 2012, 3, 868),
(2054, 80.5, 30, 2012, 3, 868),
(2055, 80.5, 31, 2012, 3, 868),
(2056, 80.5, 32, 2012, 3, 868),
(2057, 80.5, 33, 2012, 3, 868),
(2058, 80.5, 28, 2012, 1, 869),
(2059, 80.5, 29, 2012, 1, 869),
(2060, 80.5, 30, 2012, 1, 869),
(2061, 80.5, 31, 2012, 1, 869),
(2062, 80.5, 32, 2012, 1, 869),
(2063, 80.5, 33, 2012, 1, 869),
(2064, 80.5, 34, 2012, 1, 869),
(2065, 80.5, 35, 2012, 1, 869),
(2066, 69, 35, 2012, 1, 870),
(2067, 115, 20, 2012, 3, 871),
(2068, 115, 21, 2012, 3, 871),
(2069, 115, 22, 2012, 3, 871),
(2070, 115, 23, 2012, 3, 871),
(2071, 115, 24, 2012, 3, 871),
(2072, 220, 7, 2012, 3, 873),
(2073, 220, 8, 2012, 3, 873),
(2074, 220, 9, 2012, 3, 873),
(2075, 220, 10, 2012, 3, 873),
(2076, 220, 11, 2012, 3, 873),
(2077, 220, 12, 2012, 3, 873),
(2078, 220, 13, 2012, 3, 873),
(2079, 220, 14, 2012, 3, 873),
(2080, 220, 15, 2012, 3, 873),
(2081, 220, 16, 2012, 3, 873),
(2082, 230, 27, 2012, 1, 874),
(2083, 230, 28, 2012, 1, 874),
(2084, 230, 29, 2012, 1, 874),
(2085, 230, 30, 2012, 1, 874),
(2086, 230, 31, 2012, 1, 874),
(2087, 230, 32, 2012, 1, 874),
(2088, 230, 33, 2012, 1, 874),
(2089, 230, 34, 2012, 1, 874),
(2090, 230, 35, 2012, 1, 874),
(2091, 115, 31, 2012, 1, 875),
(2092, 115, 32, 2012, 1, 875),
(2093, 115, 33, 2012, 1, 875),
(2094, 115, 34, 2012, 1, 875),
(2095, 115, 35, 2012, 1, 875),
(2096, 1150, 22, 2012, 3, 876),
(2097, 1150, 23, 2012, 3, 876),
(2098, 1150, 24, 2012, 3, 876),
(2099, 220, 17, 2012, 3, 878),
(2100, 220, 18, 2012, 3, 878),
(2101, 220, 19, 2012, 3, 878),
(2102, 1540, 24, 2012, 3, 878),
(2103, 402.5, 22, 2012, 3, 879),
(2104, 402.5, 24, 2012, 3, 879),
(2105, 184, 27, 2012, 3, 880),
(2106, 184, 28, 2012, 3, 880),
(2107, 184, 29, 2012, 3, 880),
(2108, 184, 30, 2012, 3, 880),
(2109, 184, 31, 2012, 3, 880),
(2110, 345, 35, 2012, 1, 881),
(2111, 115, 34, 2012, 1, 882),
(2112, 115, 35, 2012, 1, 882),
(2113, 69, 34, 2012, 1, 883),
(2114, 69, 35, 2012, 1, 883),
(2115, 230, 31, 2012, 3, 884),
(2116, 230, 32, 2012, 3, 884),
(2117, 230, 33, 2012, 3, 884),
(2118, 287.5, 35, 2012, 1, 885),
(2119, 92, 27, 2012, 3, 886),
(2120, 92, 28, 2012, 3, 886),
(2121, 92, 29, 2012, 3, 886),
(2122, 92, 30, 2012, 3, 886),
(2123, 92, 32, 2012, 3, 886),
(2124, 184, 33, 2012, 3, 886),
(2125, 276, 31, 2012, 3, 886),
(2126, 287.5, 34, 2012, 3, 887),
(2127, 287.5, 35, 2012, 3, 887),
(2128, 287.5, 24, 2012, 3, 888),
(2129, 287.5, 25, 2012, 3, 888),
(2130, 287.5, 26, 2012, 3, 889),
(2131, 287.5, 27, 2012, 3, 889),
(2132, 287.5, 28, 2012, 3, 890),
(2133, 287.5, 29, 2012, 3, 890),
(2134, 345, 31, 2012, 3, 891),
(2135, 345, 32, 2012, 3, 891),
(2136, 57.5, 23, 2012, 3, 893),
(2137, 57.5, 24, 2012, 3, 893),
(2138, 57.5, 25, 2012, 3, 893),
(2139, 57.5, 26, 2012, 3, 893),
(2140, 57.5, 27, 2012, 3, 893),
(2141, 57.5, 28, 2012, 3, 893),
(2142, 57.5, 29, 2012, 3, 893),
(2143, 57.5, 30, 2012, 3, 893),
(2144, 57.5, 31, 2012, 3, 893),
(2145, 57.5, 32, 2012, 3, 893),
(2146, 95.83, 32, 2012, 1, 894),
(2147, 95.83, 33, 2012, 1, 894),
(2148, 95.83, 34, 2012, 1, 894),
(2149, 57.5, 35, 2012, 1, 896),
(2150, 115, 31, 2012, 3, 897),
(2151, 115, 32, 2012, 3, 897),
(2152, 115, 33, 2012, 3, 897),
(2153, 115, 34, 2012, 3, 897),
(2154, 115, 35, 2012, 3, 897),
(2155, 143.75, 33, 2012, 1, 899),
(2156, 143.75, 34, 2012, 1, 899),
(2157, 143.75, 35, 2012, 1, 899),
(2158, 57.5, 35, 2012, 1, 900),
(2159, 330, 36, 2012, 1, 586),
(2160, 110, 36, 2012, 1, 589),
(2161, 110, 36, 2012, 1, 590),
(2162, 550, 36, 2012, 1, 596),
(2163, 330, 36, 2012, 1, 597),
(2164, 275, 36, 2012, 1, 601),
(2165, 110, 36, 2012, 1, 602),
(2166, 220, 36, 2012, 1, 605),
(2167, 165, 36, 2012, 1, 609),
(2168, 220, 36, 2012, 1, 616),
(2169, 330, 36, 2012, 1, 622),
(2170, 286, 36, 2012, 1, 623),
(2171, 220, 36, 2012, 1, 624),
(2172, 440, 36, 2012, 1, 630),
(2173, 287.5, 36, 2012, 1, 634),
(2174, 110, 36, 2012, 1, 643),
(2175, 110, 36, 2012, 1, 644),
(2176, 110, 36, 2012, 1, 649),
(2177, 220, 36, 2012, 1, 650),
(2178, 110, 36, 2012, 1, 652),
(2179, 220, 36, 2012, 1, 665),
(2180, 132, 36, 2012, 1, 666),
(2181, 110, 36, 2012, 1, 670),
(2182, 385, 36, 2012, 1, 671),
(2183, 550, 36, 2012, 1, 674),
(2184, 230, 36, 2012, 1, 675),
(2185, 330, 36, 2012, 1, 680),
(2186, 165, 36, 2012, 1, 681),
(2187, 275, 36, 2012, 1, 684),
(2188, 77, 36, 2012, 1, 690),
(2189, 165, 36, 2012, 1, 691),
(2190, 176, 36, 2012, 1, 695),
(2191, 1100, 36, 2012, 1, 696),
(2192, 57.5, 36, 2012, 1, 704),
(2193, 75.9, 36, 2012, 1, 705),
(2194, 157.32, 36, 2012, 1, 706),
(2195, 440, 36, 2012, 1, 710),
(2196, 149.5, 36, 2012, 1, 713),
(2197, 132, 36, 2012, 1, 715),
(2198, 110, 36, 2012, 1, 719),
(2199, 660, 36, 2012, 1, 723),
(2200, 220, 36, 2012, 1, 729),
(2201, 230, 36, 2012, 1, 737),
(2202, 165, 36, 2012, 1, 743),
(2203, 165, 36, 2012, 1, 744),
(2204, 110, 36, 2012, 1, 747),
(2205, 220, 36, 2012, 1, 748),
(2206, 165, 36, 2012, 1, 752),
(2207, 115, 36, 2012, 1, 756),
(2208, 77, 36, 2012, 1, 763),
(2209, 660, 36, 2012, 1, 764),
(2210, 220, 36, 2012, 1, 769),
(2211, 440, 36, 2012, 1, 778),
(2212, 92, 36, 2012, 1, 779),
(2213, 230, 36, 2012, 1, 782),
(2214, 172.5, 36, 2012, 1, 787),
(2215, 172.5, 36, 2012, 1, 788),
(2216, 275, 36, 2012, 1, 797),
(2217, 220, 36, 2012, 1, 804),
(2218, 165, 36, 2012, 1, 805),
(2219, 770, 36, 2012, 1, 810),
(2220, 330, 36, 2012, 1, 811),
(2221, 55, 36, 2012, 1, 816),
(2222, 165, 36, 2012, 1, 817),
(2223, 115, 36, 2012, 1, 821),
(2224, 172.5, 36, 2012, 1, 822),
(2225, 550, 36, 2012, 1, 827),
(2226, 330, 36, 2012, 1, 828),
(2227, 110, 36, 2012, 1, 832),
(2228, 1100, 36, 2012, 1, 835),
(2229, 115, 36, 2012, 1, 838),
(2230, 165, 36, 2012, 1, 848),
(2231, 220, 36, 2012, 1, 849),
(2232, 345, 36, 2012, 1, 855),
(2233, 110, 36, 2012, 1, 860),
(2234, 220, 36, 2012, 1, 861),
(2235, 110, 36, 2012, 1, 863),
(2236, 230, 36, 2012, 1, 865),
(2237, 80.5, 36, 2012, 1, 869),
(2238, 69, 36, 2012, 1, 870),
(2239, 230, 36, 2012, 1, 874),
(2240, 115, 36, 2012, 1, 875),
(2241, 345, 36, 2012, 1, 881),
(2242, 115, 36, 2012, 1, 882),
(2243, 69, 36, 2012, 1, 883),
(2244, 287.5, 36, 2012, 1, 885),
(2245, 95.8333, 36, 2012, 2, 894),
(2246, 57.5, 36, 2012, 1, 896),
(2247, 143.75, 36, 2012, 1, 899),
(2248, 57.5, 36, 2012, 1, 900),
(2249, 57.5, 36, 2012, 1, 901),
(2250, 80.5, 36, 2012, 1, 902),
(2251, 110, 36, 2012, 1, 903),
(2252, 69, 36, 2012, 1, 904),
(2253, 1100, 36, 2012, 1, 905),
(2254, 330, 36, 2012, 1, 906),
(2255, 110, 36, 2012, 1, 907),
(2256, 230, 36, 2012, 1, 908),
(2257, 115, 36, 2012, 1, 909),
(2258, 115, 36, 2012, 1, 910),
(2259, 660, 36, 2012, 1, 911),
(2260, 115, 36, 2012, 1, 912),
(2261, 575, 36, 2012, 1, 913),
(2262, 330, 37, 2012, 1, 586),
(2263, 110, 37, 2012, 1, 590),
(2264, 550, 37, 2012, 1, 596),
(2265, 330, 37, 2012, 1, 597),
(2266, 275, 37, 2012, 1, 601),
(2267, 110, 37, 2012, 1, 602),
(2268, 220, 37, 2012, 1, 605),
(2269, 165, 37, 2012, 1, 609),
(2270, 220, 37, 2012, 1, 616),
(2271, 286, 37, 2012, 1, 623),
(2272, 220, 37, 2012, 1, 624),
(2273, 440, 37, 2012, 1, 630),
(2274, 287.5, 37, 2012, 1, 634),
(2275, 110, 37, 2012, 1, 643),
(2276, 110, 37, 2012, 1, 644),
(2277, 220, 37, 2012, 1, 650),
(2278, 110, 37, 2012, 1, 652),
(2279, 220, 37, 2012, 1, 665),
(2280, 132, 37, 2012, 1, 666),
(2281, 110, 37, 2012, 1, 670),
(2282, 385, 37, 2012, 1, 671),
(2283, 550, 37, 2012, 1, 674),
(2284, 230, 37, 2012, 1, 675),
(2285, 330, 37, 2012, 1, 680),
(2286, 165, 37, 2012, 1, 681),
(2287, 275, 37, 2012, 1, 684),
(2288, 77, 37, 2012, 1, 690),
(2289, 165, 37, 2012, 1, 691),
(2290, 1100, 37, 2012, 1, 696),
(2291, 57.5, 37, 2012, 1, 704),
(2292, 75.9, 37, 2012, 1, 705),
(2293, 157.32, 37, 2012, 1, 706),
(2294, 440, 37, 2012, 1, 710),
(2295, 132, 37, 2012, 1, 715),
(2296, 110, 37, 2012, 1, 719),
(2297, 660, 37, 2012, 1, 723),
(2298, 220, 37, 2012, 1, 729),
(2299, 230, 37, 2012, 1, 737),
(2300, 165, 37, 2012, 1, 743),
(2301, 165, 37, 2012, 1, 744),
(2302, 110, 37, 2012, 1, 747),
(2303, 220, 37, 2012, 1, 748),
(2304, 165, 37, 2012, 1, 752),
(2305, 115, 37, 2012, 1, 756),
(2306, 77, 37, 2012, 1, 763),
(2307, 660, 37, 2012, 1, 764),
(2308, 220, 37, 2012, 1, 769),
(2309, 440, 37, 2012, 1, 778),
(2310, 92, 37, 2012, 1, 779),
(2311, 230, 37, 2012, 1, 782),
(2312, 172.5, 37, 2012, 1, 787),
(2313, 172.5, 37, 2012, 1, 788),
(2314, 275, 37, 2012, 1, 797),
(2315, 220, 37, 2012, 1, 804),
(2316, 165, 37, 2012, 1, 805),
(2317, 330, 37, 2012, 1, 811),
(2318, 55, 37, 2012, 1, 816),
(2319, 165, 37, 2012, 1, 817),
(2320, 115, 37, 2012, 1, 821),
(2321, 172.5, 37, 2012, 1, 822),
(2322, 550, 37, 2012, 1, 827),
(2323, 330, 37, 2012, 1, 828),
(2324, 110, 37, 2012, 1, 832),
(2325, 1100, 37, 2012, 1, 835),
(2326, 115, 37, 2012, 1, 838),
(2327, 220, 37, 2012, 1, 849),
(2328, 345, 37, 2012, 1, 855),
(2329, 110, 37, 2012, 1, 860),
(2330, 220, 37, 2012, 1, 861),
(2331, 110, 37, 2012, 1, 863),
(2332, 230, 37, 2012, 1, 865),
(2333, 80.5, 37, 2012, 1, 869),
(2334, 69, 37, 2012, 1, 870),
(2335, 115, 37, 2012, 1, 875),
(2336, 345, 37, 2012, 1, 881),
(2337, 115, 37, 2012, 1, 882),
(2338, 69, 37, 2012, 1, 883),
(2339, 287.5, 37, 2012, 1, 885),
(2340, 95.83, 37, 2012, 1, 894),
(2341, 57.5, 37, 2012, 1, 896),
(2343, 57.5, 37, 2012, 1, 900),
(2344, 57.5, 37, 2012, 1, 901),
(2345, 80.5, 37, 2012, 1, 902),
(2346, 110, 37, 2012, 1, 903),
(2347, 69, 37, 2012, 1, 904),
(2348, 1100, 37, 2012, 1, 905),
(2349, 330, 37, 2012, 1, 906),
(2350, 110, 37, 2012, 1, 907),
(2351, 230, 37, 2012, 1, 908),
(2352, 115, 37, 2012, 1, 909),
(2353, 115, 37, 2012, 1, 910),
(2354, 660, 37, 2012, 1, 911),
(2355, 115, 37, 2012, 1, 912),
(2356, 575, 37, 2012, 1, 913),
(2357, 330, 37, 2012, 1, 914),
(2358, 82.5, 37, 2012, 1, 915),
(2359, 330, 37, 2012, 1, 917),
(2360, 132, 37, 2012, 1, 918),
(2361, 57.5, 37, 2012, 1, 919),
(2362, 770, 37, 2012, 1, 920),
(2363, 110, 37, 2012, 1, 921),
(2364, 110, 37, 2012, 1, 922),
(2365, 110, 37, 2012, 1, 923),
(2366, 575, 37, 2012, 1, 924),
(2367, 110, 37, 2012, 1, 925),
(2368, 115, 37, 2012, 1, 926),
(2369, 57.5, 37, 2012, 1, 927),
(2370, 191.67, 37, 2012, 1, 928),
(2371, 115, 37, 2012, 1, 929),
(2372, 330, 37, 2012, 1, 930),
(2373, 880, 37, 2012, 1, 931),
(2374, 363, 37, 2012, 1, 932),
(2375, 115, 37, 2012, 1, 933),
(2376, 570, 39, 2012, 3, 743),
(2377, 540, 39, 2012, 0, 665),
(2378, 0, 39, 2012, 3, 787),
(2379, 0, 39, 2012, 3, 821),
(2380, 75, 39, 2012, 3, 752),
(2381, 50, 39, 2012, 3, 863),
(2382, 0, 39, 2012, 3, 863),
(2383, 125, 39, 2012, 3, 684),
(2384, 30, 39, 2012, 3, 666),
(2385, 50, 39, 2012, 3, 670),
(2386, -180, 39, 2012, 3, 680),
(2387, 35, 39, 2012, 3, 763),
(2388, 25, 39, 2012, 3, 816),
(2389, 0, 39, 2012, 3, 869),
(2501, 0.02, 40, 2012, 3, 894),
(2503, -110, 40, 2012, 3, 652),
(2504, 0, 42, 2012, 0, 665),
(2505, 0, 42, 2012, 0, 665),
(2507, 330, 38, 2012, 1, 586),
(2508, 110, 38, 2012, 1, 590),
(2509, 550, 38, 2012, 1, 596),
(2510, 330, 38, 2012, 1, 597),
(2511, 275, 38, 2012, 1, 601),
(2512, 110, 38, 2012, 1, 602),
(2513, 220, 38, 2012, 1, 605),
(2514, 165, 38, 2012, 1, 609),
(2515, 220, 38, 2012, 1, 616),
(2516, 286, 38, 2012, 1, 623),
(2517, 220, 38, 2012, 1, 624),
(2518, 440, 38, 2012, 1, 630),
(2519, 287.5, 38, 2012, 1, 634),
(2520, 110, 38, 2012, 1, 643),
(2521, 110, 38, 2012, 1, 644),
(2522, 220, 38, 2012, 1, 650),
(2523, 385, 38, 2012, 1, 671),
(2524, 230, 38, 2012, 1, 675),
(2525, 165, 38, 2012, 1, 681),
(2526, 77, 38, 2012, 1, 690),
(2527, 165, 38, 2012, 1, 691),
(2528, 1100, 38, 2012, 1, 696),
(2529, 57.5, 38, 2012, 1, 704),
(2530, 75.9, 38, 2012, 1, 705),
(2531, 157.32, 38, 2012, 1, 706),
(2532, 440, 38, 2012, 1, 710),
(2533, 132, 38, 2012, 1, 715),
(2534, 110, 38, 2012, 1, 719),
(2535, 660, 38, 2012, 1, 723),
(2536, 220, 38, 2012, 1, 729),
(2537, 230, 38, 2012, 1, 737),
(2538, 165, 38, 2012, 1, 744),
(2539, 110, 38, 2012, 1, 747),
(2540, 220, 38, 2012, 1, 748),
(2541, 115, 38, 2012, 1, 756),
(2542, 660, 38, 2012, 1, 764),
(2543, 220, 38, 2012, 1, 769),
(2544, 440, 38, 2012, 1, 778),
(2545, 92, 38, 2012, 1, 779),
(2546, 230, 38, 2012, 1, 782),
(2547, 172.5, 38, 2012, 1, 788),
(2548, 275, 38, 2012, 1, 797),
(2549, 220, 38, 2012, 1, 804),
(2550, 165, 38, 2012, 1, 805),
(2551, 330, 38, 2012, 1, 811),
(2552, 165, 38, 2012, 1, 817),
(2553, 172.5, 38, 2012, 1, 822),
(2554, 550, 38, 2012, 1, 827),
(2555, 330, 38, 2012, 1, 828),
(2556, 110, 38, 2012, 1, 832),
(2557, 1100, 38, 2012, 1, 835),
(2558, 115, 38, 2012, 1, 838),
(2559, 220, 38, 2012, 1, 849),
(2560, 345, 38, 2012, 1, 855),
(2561, 110, 38, 2012, 1, 860),
(2562, 220, 38, 2012, 1, 861),
(2563, 230, 38, 2012, 1, 865),
(2564, 69, 38, 2012, 1, 870),
(2565, 115, 38, 2012, 1, 875),
(2566, 345, 38, 2012, 1, 881),
(2567, 115, 38, 2012, 1, 882),
(2568, 69, 38, 2012, 1, 883),
(2569, 287.5, 38, 2012, 1, 885),
(2570, 95.83, 38, 2012, 1, 894),
(2571, 57.5, 38, 2012, 1, 896),
(2572, 57.5, 38, 2012, 1, 900),
(2573, 57.5, 38, 2012, 1, 901),
(2574, 80.5, 38, 2012, 1, 902),
(2575, 110, 38, 2012, 1, 903),
(2576, 69, 38, 2012, 1, 904),
(2577, 1100, 38, 2012, 1, 905),
(2578, 330, 38, 2012, 1, 906),
(2579, 110, 38, 2012, 1, 907),
(2580, 230, 38, 2012, 1, 908),
(2581, 115, 38, 2012, 1, 909),
(2582, 115, 38, 2012, 1, 910),
(2583, 660, 38, 2012, 1, 911),
(2584, 115, 38, 2012, 1, 912),
(2585, 575, 38, 2012, 1, 913),
(2586, 330, 38, 2012, 1, 914),
(2587, 82.5, 38, 2012, 1, 915),
(2588, 330, 38, 2012, 1, 917),
(2589, 132, 38, 2012, 1, 918),
(2590, 57.5, 38, 2012, 1, 919),
(2591, 770, 38, 2012, 1, 920),
(2592, 110, 38, 2012, 1, 922),
(2593, 110, 38, 2012, 1, 923),
(2594, 575, 38, 2012, 1, 924),
(2595, 110, 38, 2012, 1, 925),
(2596, 115, 38, 2012, 1, 926),
(2597, 57.5, 38, 2012, 1, 927),
(2598, 191.67, 38, 2012, 1, 928),
(2599, 115, 38, 2012, 1, 929),
(2600, 330, 38, 2012, 1, 930),
(2601, 880, 38, 2012, 1, 931),
(2602, 363, 38, 2012, 1, 932),
(2603, 115, 38, 2012, 1, 933),
(2604, 638.89, 38, 2012, 1, 955),
(2605, 102.22, 38, 2012, 1, 956),
(2606, 127.78, 38, 2012, 1, 957),
(2607, 183.33, 38, 2012, 1, 958),
(2608, 110, 38, 2012, 1, 959),
(2609, 220, 38, 2012, 1, 960),
(2610, 183.33, 38, 2012, 1, 961),
(2611, 122.22, 38, 2012, 1, 962),
(2612, 220, 38, 2012, 1, 963),
(2613, 244.44, 38, 2012, 1, 964),
(2614, 0, 43, 2012, 3, 894),
(2615, 330, 39, 2012, 1, 586),
(2616, 110, 39, 2012, 1, 590),
(2617, 550, 39, 2012, 1, 596),
(2618, 330, 39, 2012, 1, 597),
(2619, 110, 39, 2012, 1, 602),
(2620, 220, 39, 2012, 1, 605),
(2621, 165, 39, 2012, 1, 609),
(2622, 220, 39, 2012, 1, 616),
(2623, 286, 39, 2012, 1, 623),
(2624, 220, 39, 2012, 1, 624),
(2625, 440, 39, 2012, 1, 630),
(2626, 287.5, 39, 2012, 1, 634),
(2627, 110, 39, 2012, 1, 643),
(2628, 110, 39, 2012, 1, 644),
(2629, 220, 39, 2012, 1, 650),
(2630, 385, 39, 2012, 1, 671),
(2631, 550, 39, 2012, 1, 674),
(2632, 230, 39, 2012, 1, 675),
(2633, 165, 39, 2012, 1, 681),
(2634, 77, 39, 2012, 1, 690),
(2635, 165, 39, 2012, 1, 691),
(2636, 1100, 39, 2012, 1, 696),
(2637, 57.5, 39, 2012, 1, 704),
(2638, 75.9, 39, 2012, 1, 705),
(2639, 157.32, 39, 2012, 1, 706),
(2640, 440, 39, 2012, 1, 710),
(2641, 110, 39, 2012, 1, 719),
(2642, 660, 39, 2012, 1, 723),
(2643, 220, 39, 2012, 1, 729),
(2644, 230, 39, 2012, 1, 737),
(2645, 165, 39, 2012, 1, 744),
(2646, 220, 39, 2012, 1, 748),
(2647, 115, 39, 2012, 1, 756),
(2648, 660, 39, 2012, 1, 764),
(2649, 220, 39, 2012, 1, 769),
(2650, 440, 39, 2012, 1, 778),
(2651, 92, 39, 2012, 1, 779),
(2652, 230, 39, 2012, 1, 782),
(2653, 172.5, 39, 2012, 1, 788),
(2654, 220, 39, 2012, 1, 804),
(2655, 165, 39, 2012, 1, 805),
(2656, 165, 39, 2012, 1, 817),
(2657, 172.5, 39, 2012, 1, 822),
(2658, 550, 39, 2012, 1, 827),
(2659, 330, 39, 2012, 1, 828),
(2660, 110, 39, 2012, 1, 832),
(2661, 1100, 39, 2012, 1, 835),
(2662, 115, 39, 2012, 1, 838),
(2663, 220, 39, 2012, 1, 849),
(2664, 345, 39, 2012, 1, 855),
(2665, 110, 39, 2012, 1, 860),
(2666, 220, 39, 2012, 1, 861),
(2667, 230, 39, 2012, 1, 865),
(2668, 69, 39, 2012, 1, 870),
(2669, 115, 39, 2012, 1, 875),
(2670, 115, 39, 2012, 1, 882),
(2671, 69, 39, 2012, 1, 883),
(2672, 57.5, 39, 2012, 1, 896),
(2673, 57.5, 39, 2012, 1, 900),
(2674, 57.5, 39, 2012, 1, 901),
(2675, 80.5, 39, 2012, 1, 902),
(2676, 110, 39, 2012, 1, 903),
(2677, 69, 39, 2012, 1, 904),
(2678, 1100, 39, 2012, 1, 905),
(2679, 110, 39, 2012, 1, 907),
(2680, 230, 39, 2012, 1, 908),
(2681, 115, 39, 2012, 1, 909),
(2682, 115, 39, 2012, 1, 910),
(2683, 660, 39, 2012, 1, 911),
(2684, 115, 39, 2012, 1, 912),
(2685, 575, 39, 2012, 1, 913),
(2686, 330, 39, 2012, 1, 914),
(2687, 82.5, 39, 2012, 1, 915),
(2688, 330, 39, 2012, 1, 917),
(2689, 132, 39, 2012, 1, 918),
(2690, 57.5, 39, 2012, 1, 919),
(2691, 770, 39, 2012, 1, 920),
(2692, 110, 39, 2012, 1, 921),
(2693, 110, 39, 2012, 1, 922),
(2694, 110, 39, 2012, 1, 923),
(2695, 575, 39, 2012, 1, 924),
(2696, 110, 39, 2012, 1, 925),
(2697, 115, 39, 2012, 1, 926),
(2698, 57.5, 39, 2012, 1, 927),
(2699, 191.67, 39, 2012, 1, 928),
(2700, 115, 39, 2012, 1, 929),
(2701, 330, 39, 2012, 1, 930),
(2702, 880, 39, 2012, 1, 931),
(2703, 363, 39, 2012, 1, 932),
(2704, 115, 39, 2012, 1, 933),
(2705, 638.89, 39, 2012, 1, 955),
(2706, 102.22, 39, 2012, 1, 956),
(2707, 127.78, 39, 2012, 1, 957),
(2708, 183.33, 39, 2012, 1, 958),
(2709, 110, 39, 2012, 1, 959),
(2710, 220, 39, 2012, 1, 960),
(2711, 183.33, 39, 2012, 1, 961),
(2712, 122.22, 39, 2012, 1, 962),
(2713, 220, 39, 2012, 1, 963),
(2714, 244.44, 39, 2012, 1, 964),
(2715, 110, 39, 2012, 1, 965),
(2716, 230, 39, 2012, 1, 966),
(2717, 165, 39, 2012, 1, 967),
(2718, 206.25, 39, 2012, 1, 968),
(2719, 86.25, 39, 2012, 1, 969),
(2720, 137.5, 39, 2012, 1, 970),
(2721, 71.88, 39, 2012, 1, 971),
(2722, 343.75, 39, 2012, 1, 972),
(2723, 343.75, 39, 2012, 1, 973),
(2724, 143.75, 39, 2012, 1, 974),
(2725, 129.38, 39, 2012, 1, 975),
(2726, -0.01, 43, 2012, 3, 928),
(2728, 330, 40, 2012, 1, 586),
(2729, 110, 40, 2012, 1, 590),
(2730, 550, 40, 2012, 1, 596),
(2731, 330, 40, 2012, 1, 597),
(2732, 110, 40, 2012, 1, 602),
(2733, 220, 40, 2012, 1, 605),
(2734, 165, 40, 2012, 1, 609),
(2735, 220, 40, 2012, 1, 616),
(2736, 286, 40, 2012, 1, 623),
(2737, 110, 40, 2012, 1, 643),
(2738, 110, 40, 2012, 1, 644),
(2739, 220, 40, 2012, 1, 650),
(2740, 385, 40, 2012, 1, 671),
(2741, 550, 40, 2012, 1, 674),
(2742, 230, 40, 2012, 1, 675),
(2743, 165, 40, 2012, 1, 681),
(2744, 77, 40, 2012, 1, 690),
(2745, 165, 40, 2012, 1, 691),
(2746, 1100, 40, 2012, 1, 696),
(2747, 57.5, 40, 2012, 1, 704),
(2748, 75.9, 40, 2012, 1, 705),
(2749, 157.32, 40, 2012, 1, 706),
(2750, 440, 40, 2012, 1, 710),
(2751, 110, 40, 2012, 1, 719),
(2752, 660, 40, 2012, 1, 723),
(2753, 220, 40, 2012, 1, 729),
(2754, 230, 40, 2012, 1, 737),
(2755, 220, 40, 2012, 1, 748),
(2756, 115, 40, 2012, 1, 756),
(2757, 660, 40, 2012, 1, 764),
(2758, 220, 40, 2012, 1, 769),
(2759, 440, 40, 2012, 1, 778),
(2760, 230, 40, 2012, 1, 782),
(2761, 172.5, 40, 2012, 1, 788),
(2762, 165, 40, 2012, 1, 805),
(2763, 165, 40, 2012, 1, 817),
(2764, 172.5, 40, 2012, 1, 822),
(2765, 330, 40, 2012, 1, 828),
(2766, 110, 40, 2012, 1, 832),
(2767, 1100, 40, 2012, 1, 835),
(2768, 220, 40, 2012, 1, 849),
(2769, 110, 40, 2012, 1, 860),
(2770, 220, 40, 2012, 1, 861),
(2771, 230, 40, 2012, 1, 865),
(2772, 69, 40, 2012, 1, 870),
(2773, 115, 40, 2012, 1, 875),
(2774, 115, 40, 2012, 1, 882),
(2775, 69, 40, 2012, 1, 883),
(2776, 57.5, 40, 2012, 1, 896),
(2777, 57.5, 40, 2012, 1, 900),
(2778, 57.5, 40, 2012, 1, 901),
(2779, 80.5, 40, 2012, 1, 902),
(2780, 110, 40, 2012, 1, 903),
(2781, 69, 40, 2012, 1, 904),
(2782, 1100, 40, 2012, 1, 905),
(2783, 110, 40, 2012, 1, 907),
(2784, 115, 40, 2012, 1, 909),
(2785, 115, 40, 2012, 1, 910),
(2786, 660, 40, 2012, 1, 911),
(2787, 115, 40, 2012, 1, 912),
(2788, 330, 40, 2012, 1, 914),
(2789, 82.5, 40, 2012, 1, 915),
(2790, 330, 40, 2012, 1, 917),
(2791, 132, 40, 2012, 1, 918),
(2792, 57.5, 40, 2012, 1, 919),
(2793, 770, 40, 2012, 1, 920),
(2794, 110, 40, 2012, 1, 921),
(2795, 110, 40, 2012, 1, 922),
(2796, 110, 40, 2012, 1, 923),
(2797, 575, 40, 2012, 1, 924),
(2798, 110, 40, 2012, 1, 925),
(2799, 115, 40, 2012, 1, 926),
(2800, 57.5, 40, 2012, 1, 927),
(2801, 330, 40, 2012, 1, 930),
(2802, 880, 40, 2012, 1, 931),
(2803, 363, 40, 2012, 1, 932),
(2804, 115, 40, 2012, 1, 933),
(2805, 638.89, 40, 2012, 1, 955),
(2806, 102.22, 40, 2012, 1, 956),
(2807, 127.78, 40, 2012, 1, 957),
(2808, 183.33, 40, 2012, 1, 958),
(2809, 220, 40, 2012, 1, 960),
(2810, 183.33, 40, 2012, 1, 961),
(2811, 122.22, 40, 2012, 1, 962),
(2812, 220, 40, 2012, 1, 963),
(2813, 244.44, 40, 2012, 1, 964),
(2814, 110, 40, 2012, 1, 965),
(2815, 230, 40, 2012, 1, 966),
(2816, 165, 40, 2012, 1, 967),
(2817, 206.25, 40, 2012, 1, 968),
(2818, 86.25, 40, 2012, 1, 969),
(2819, 137.5, 40, 2012, 1, 970),
(2820, 71.88, 40, 2012, 1, 971),
(2821, 343.75, 40, 2012, 1, 972),
(2822, 343.75, 40, 2012, 1, 973),
(2823, 143.75, 40, 2012, 1, 974),
(2824, 129.38, 40, 2012, 1, 975),
(2825, 204.29, 40, 2012, 1, 976),
(2826, 377.14, 40, 2012, 1, 977),
(2827, 157.14, 40, 2012, 1, 978),
(2828, 246.43, 40, 2012, 1, 979),
(2829, 471.43, 40, 2012, 1, 980),
(2830, 165, 40, 2012, 1, 981),
(2831, 330, 41, 2012, 1, 586),
(2832, 330, 41, 2012, 1, 597),
(2833, 110, 41, 2012, 1, 602),
(2834, 165, 41, 2012, 1, 609),
(2835, 286, 41, 2012, 1, 623),
(2836, 110, 41, 2012, 1, 643),
(2837, 110, 41, 2012, 1, 644),
(2838, 220, 41, 2012, 1, 650),
(2839, 385, 41, 2012, 1, 671),
(2840, 550, 41, 2012, 1, 674),
(2841, 230, 41, 2012, 1, 675),
(2842, 165, 41, 2012, 1, 691),
(2843, 1100, 41, 2012, 1, 696),
(2844, 75.9, 41, 2012, 1, 705),
(2845, 157.32, 41, 2012, 1, 706),
(2846, 440, 41, 2012, 1, 710),
(2847, 660, 41, 2012, 1, 723),
(2848, 220, 41, 2012, 1, 729),
(2849, 230, 41, 2012, 1, 737),
(2850, 165, 41, 2012, 1, 744),
(2851, 220, 41, 2012, 1, 748),
(2852, 115, 41, 2012, 1, 756),
(2853, 660, 41, 2012, 1, 764),
(2854, 440, 41, 2012, 1, 778),
(2855, 172.5, 41, 2012, 1, 788),
(2856, 165, 41, 2012, 1, 817),
(2857, 172.5, 41, 2012, 1, 822),
(2858, 330, 41, 2012, 1, 828),
(2859, 110, 41, 2012, 1, 832),
(2860, 1100, 41, 2012, 1, 835),
(2861, 220, 41, 2012, 1, 849),
(2862, 220, 41, 2012, 1, 861),
(2863, 230, 41, 2012, 1, 865),
(2864, 69, 41, 2012, 1, 870),
(2865, 115, 41, 2012, 1, 882),
(2866, 69, 41, 2012, 1, 883),
(2867, 57.5, 41, 2012, 1, 896),
(2868, 57.5, 41, 2012, 1, 900),
(2869, 57.5, 41, 2012, 1, 901),
(2870, 80.5, 41, 2012, 1, 902),
(2871, 110, 41, 2012, 1, 903),
(2872, 69, 41, 2012, 1, 904),
(2873, 1100, 41, 2012, 1, 905),
(2874, 110, 41, 2012, 1, 907),
(2875, 115, 41, 2012, 1, 909),
(2876, 115, 41, 2012, 1, 910),
(2877, 330, 41, 2012, 1, 914),
(2878, 82.5, 41, 2012, 1, 915),
(2879, 330, 41, 2012, 1, 917),
(2880, 132, 41, 2012, 1, 918),
(2881, 57.5, 41, 2012, 1, 919),
(2882, 770, 41, 2012, 1, 920),
(2883, 110, 41, 2012, 1, 921),
(2884, 110, 41, 2012, 1, 922),
(2885, 110, 41, 2012, 1, 923),
(2886, 575, 41, 2012, 1, 924),
(2887, 115, 41, 2012, 1, 926),
(2888, 57.5, 41, 2012, 1, 927),
(2889, 330, 41, 2012, 1, 930),
(2890, 880, 41, 2012, 1, 931),
(2891, 363, 41, 2012, 1, 932),
(2892, 115, 41, 2012, 1, 933),
(2893, 638.89, 41, 2012, 1, 955),
(2894, 102.22, 41, 2012, 1, 956),
(2895, 127.78, 41, 2012, 1, 957),
(2896, 183.33, 41, 2012, 1, 958),
(2897, 220, 41, 2012, 1, 959),
(2898, 220, 41, 2012, 1, 960),
(2899, 183.33, 41, 2012, 1, 961),
(2900, 122.22, 41, 2012, 1, 962),
(2901, 220, 41, 2012, 1, 963),
(2902, 244.44, 41, 2012, 1, 964),
(2903, 110, 41, 2012, 1, 965),
(2904, 230, 41, 2012, 1, 966),
(2905, 165, 41, 2012, 1, 967),
(2906, 206.25, 41, 2012, 1, 968),
(2907, 86.25, 41, 2012, 1, 969),
(2908, 137.5, 41, 2012, 1, 970),
(2909, 71.88, 41, 2012, 1, 971),
(2910, 343.75, 41, 2012, 1, 972),
(2911, 343.75, 41, 2012, 1, 973),
(2912, 143.75, 41, 2012, 1, 974),
(2913, 129.38, 41, 2012, 1, 975),
(2914, 204.29, 41, 2012, 1, 976),
(2915, 377.14, 41, 2012, 1, 977),
(2916, 157.14, 41, 2012, 1, 978),
(2917, 246.43, 41, 2012, 1, 979),
(2918, 471.43, 41, 2012, 1, 980),
(2919, 165, 41, 2012, 1, 981),
(2920, 110, 41, 2012, 1, 982),
(2921, 256.67, 41, 2012, 1, 983),
(2922, 183.33, 41, 2012, 1, 984),
(2923, 183.33, 41, 2012, 1, 985),
(2924, 115, 41, 2012, 1, 986),
(2925, 183.33, 41, 2012, 1, 987),
(2926, 191.67, 41, 2012, 1, 988),
(2927, 110, 41, 2012, 1, 989),
(2928, 183.33, 41, 2012, 1, 990),
(2929, 1650, 41, 2012, 1, 991),
(2930, 154, 41, 2012, 1, 992),
(2931, 1150, 41, 2012, 1, 993),
(2932, 110, 41, 2012, 1, 994),
(2933, 916.67, 41, 2012, 1, 995),
(2934, 330, 42, 2012, 1, 586),
(2935, 330, 42, 2012, 1, 597),
(2936, 110, 42, 2012, 1, 602),
(2937, 165, 42, 2012, 1, 609),
(2938, 440, 42, 2012, 1, 630),
(2939, 110, 42, 2012, 1, 643),
(2940, 110, 42, 2012, 1, 644),
(2941, 550, 42, 2012, 1, 674),
(2942, 230, 42, 2012, 1, 675),
(2943, 165, 42, 2012, 1, 691),
(2944, 1100, 42, 2012, 1, 696),
(2945, 75.9, 42, 2012, 1, 705),
(2946, 157.32, 42, 2012, 1, 706),
(2947, 660, 42, 2012, 1, 723),
(2948, 230, 42, 2012, 1, 737),
(2949, 165, 42, 2012, 1, 744),
(2950, 220, 42, 2012, 1, 748),
(2951, 115, 42, 2012, 1, 756),
(2952, 660, 42, 2012, 1, 764),
(2953, 172.5, 42, 2012, 1, 788),
(2954, 165, 42, 2012, 1, 817),
(2955, 172.5, 42, 2012, 1, 822),
(2956, 330, 42, 2012, 1, 828),
(2957, 110, 42, 2012, 1, 832),
(2958, 220, 42, 2012, 1, 861),
(2959, 230, 42, 2012, 1, 865),
(2960, 69, 42, 2012, 1, 870),
(2961, 115, 42, 2012, 1, 882),
(2962, 69, 42, 2012, 1, 883),
(2963, 57.5, 42, 2012, 1, 896),
(2964, 57.5, 42, 2012, 1, 900),
(2965, 57.5, 42, 2012, 1, 901),
(2966, 80.5, 42, 2012, 1, 902),
(2967, 110, 42, 2012, 1, 903),
(2968, 69, 42, 2012, 1, 904),
(2969, 1100, 42, 2012, 1, 905),
(2970, 110, 42, 2012, 1, 907),
(2971, 115, 42, 2012, 1, 909),
(2972, 115, 42, 2012, 1, 910),
(2973, 330, 42, 2012, 1, 914),
(2974, 82.5, 42, 2012, 1, 915),
(2975, 330, 42, 2012, 1, 917),
(2976, 132, 42, 2012, 1, 918),
(2977, 57.5, 42, 2012, 1, 919),
(2978, 770, 42, 2012, 1, 920),
(2979, 110, 42, 2012, 1, 921),
(2980, 110, 42, 2012, 1, 922),
(2981, 110, 42, 2012, 1, 923),
(2982, 575, 42, 2012, 1, 924),
(2983, 57.5, 42, 2012, 1, 927),
(2984, 330, 42, 2012, 1, 930),
(2985, 880, 42, 2012, 1, 931),
(2986, 363, 42, 2012, 1, 932),
(2987, 115, 42, 2012, 1, 933),
(2988, 638.89, 42, 2012, 1, 955),
(2989, 102.22, 42, 2012, 1, 956),
(2990, 127.78, 42, 2012, 1, 957),
(2991, 183.33, 42, 2012, 1, 958),
(2992, 110, 42, 2012, 1, 959),
(2993, 220, 42, 2012, 1, 960),
(2994, 183.33, 42, 2012, 1, 961),
(2995, 122.22, 42, 2012, 1, 962),
(2996, 220, 42, 2012, 1, 963),
(2997, 244.44, 42, 2012, 1, 964),
(2998, 110, 42, 2012, 1, 965),
(2999, 230, 42, 2012, 1, 966),
(3000, 165, 42, 2012, 1, 967),
(3001, 206.25, 42, 2012, 1, 968),
(3002, 86.25, 42, 2012, 1, 969),
(3003, 137.5, 42, 2012, 1, 970),
(3004, 71.88, 42, 2012, 1, 971),
(3005, 343.75, 42, 2012, 1, 972),
(3006, 343.75, 42, 2012, 1, 973),
(3007, 143.75, 42, 2012, 1, 974),
(3008, 129.38, 42, 2012, 1, 975),
(3009, 204.29, 42, 2012, 1, 976),
(3010, 377.14, 42, 2012, 1, 977),
(3011, 157.14, 42, 2012, 1, 978),
(3012, 246.43, 42, 2012, 1, 979),
(3013, 471.43, 42, 2012, 1, 980),
(3014, 165, 42, 2012, 1, 981),
(3015, 110, 42, 2012, 1, 982),
(3016, 256.67, 42, 2012, 1, 983),
(3017, 183.33, 42, 2012, 1, 984),
(3018, 183.33, 42, 2012, 1, 985),
(3019, 115, 42, 2012, 1, 986),
(3020, 183.33, 42, 2012, 1, 987),
(3021, 191.67, 42, 2012, 1, 988),
(3022, 110, 42, 2012, 1, 989),
(3023, 183.33, 42, 2012, 1, 990),
(3024, 1650, 42, 2012, 1, 991),
(3025, 154, 42, 2012, 1, 992),
(3026, 1150, 42, 2012, 1, 993),
(3027, 110, 42, 2012, 1, 994),
(3028, 916.67, 42, 2012, 1, 995),
(3029, 172.5, 42, 2012, 1, 996),
(3030, 220, 42, 2012, 1, 997),
(3031, 115, 42, 2012, 1, 998),
(3032, 110, 42, 2012, 1, 999),
(3033, 220, 42, 2012, 1, 1000),
(3034, 220, 42, 2012, 1, 1001),
(3035, 110, 42, 2012, 1, 1002),
(3036, 115, 42, 2012, 1, 1003),
(3037, 110, 42, 2012, 1, 1004),
(3038, 161, 42, 2012, 1, 1005),
(3039, 230, 42, 2012, 1, 1006),
(3040, 330, 43, 2012, 1, 586),
(3041, 330, 43, 2012, 1, 597),
(3042, 110, 43, 2012, 1, 602),
(3043, 440, 43, 2012, 1, 630),
(3044, 287.5, 43, 2012, 1, 634),
(3045, 110, 43, 2012, 1, 643),
(3046, 110, 43, 2012, 1, 644),
(3047, 230, 43, 2012, 1, 675),
(3048, 165, 43, 2012, 1, 691),
(3049, 157.32, 43, 2012, 1, 706),
(3050, 660, 43, 2012, 1, 723),
(3051, 230, 43, 2012, 1, 737),
(3052, 165, 43, 2012, 1, 744),
(3053, 220, 43, 2012, 1, 748),
(3054, 115, 43, 2012, 1, 756),
(3055, 165, 43, 2012, 1, 817),
(3056, 172.5, 43, 2012, 1, 822),
(3057, 220, 43, 2012, 1, 861),
(3058, 230, 43, 2012, 1, 865),
(3059, 69, 43, 2012, 1, 870),
(3060, 115, 43, 2012, 1, 882),
(3061, 69, 43, 2012, 1, 883),
(3062, 57.5, 43, 2012, 1, 896),
(3063, 57.5, 43, 2012, 1, 900),
(3064, 57.5, 43, 2012, 1, 901),
(3065, 80.5, 43, 2012, 1, 902),
(3066, 110, 43, 2012, 1, 903),
(3067, 69, 43, 2012, 1, 904),
(3068, 1100, 43, 2012, 1, 905),
(3069, 110, 43, 2012, 1, 907),
(3070, 115, 43, 2012, 1, 909),
(3071, 115, 43, 2012, 1, 910),
(3072, 330, 43, 2012, 1, 914),
(3073, 330, 43, 2012, 1, 917),
(3074, 132, 43, 2012, 1, 918),
(3075, 57.5, 43, 2012, 1, 919),
(3076, 770, 43, 2012, 1, 920),
(3077, 110, 43, 2012, 1, 922),
(3078, 110, 43, 2012, 1, 923),
(3079, 575, 43, 2012, 1, 924),
(3080, 57.5, 43, 2012, 1, 927),
(3081, 115, 43, 2012, 1, 929),
(3082, 330, 43, 2012, 1, 930),
(3083, 880, 43, 2012, 1, 931),
(3084, 363, 43, 2012, 1, 932),
(3085, 115, 43, 2012, 1, 933),
(3086, 638.89, 43, 2012, 1, 955),
(3087, 102.22, 43, 2012, 1, 956),
(3088, 127.78, 43, 2012, 1, 957),
(3089, 183.33, 43, 2012, 1, 958),
(3090, 110, 43, 2012, 1, 959),
(3091, 220, 43, 2012, 1, 960),
(3092, 183.33, 43, 2012, 1, 961),
(3093, 122.22, 43, 2012, 1, 962),
(3094, 220, 43, 2012, 1, 963),
(3095, 244.44, 43, 2012, 1, 964),
(3096, 110, 43, 2012, 1, 965),
(3097, 165, 43, 2012, 1, 967),
(3098, 206.25, 43, 2012, 1, 968),
(3099, 86.25, 43, 2012, 1, 969),
(3100, 137.5, 43, 2012, 1, 970),
(3101, 71.88, 43, 2012, 1, 971),
(3102, 343.75, 43, 2012, 1, 972),
(3103, 343.75, 43, 2012, 1, 973),
(3104, 143.75, 43, 2012, 1, 974),
(3105, 129.38, 43, 2012, 1, 975),
(3106, 377.14, 43, 2012, 1, 977),
(3107, 157.14, 43, 2012, 1, 978),
(3108, 246.43, 43, 2012, 1, 979),
(3109, 471.43, 43, 2012, 1, 980),
(3110, 165, 43, 2012, 1, 981),
(3111, 110, 43, 2012, 1, 982),
(3112, 256.67, 43, 2012, 1, 983),
(3113, 183.33, 43, 2012, 1, 984),
(3114, 183.33, 43, 2012, 1, 985),
(3115, 115, 43, 2012, 1, 986),
(3116, 183.33, 43, 2012, 1, 987),
(3117, 191.67, 43, 2012, 1, 988),
(3118, 110, 43, 2012, 1, 989),
(3119, 183.33, 43, 2012, 1, 990),
(3120, 1650, 43, 2012, 1, 991),
(3121, 154, 43, 2012, 1, 992),
(3122, 1150, 43, 2012, 1, 993),
(3123, 110, 43, 2012, 1, 994),
(3124, 916.67, 43, 2012, 1, 995),
(3125, 172.5, 43, 2012, 1, 996),
(3126, 220, 43, 2012, 1, 997),
(3127, 115, 43, 2012, 1, 998),
(3128, 110, 43, 2012, 1, 999),
(3129, 220, 43, 2012, 1, 1000),
(3130, 220, 43, 2012, 1, 1001),
(3131, 110, 43, 2012, 1, 1002),
(3132, 115, 43, 2012, 1, 1003),
(3133, 110, 43, 2012, 1, 1004),
(3134, 161, 43, 2012, 1, 1005),
(3135, 230, 43, 2012, 1, 1006),
(3136, 172.5, 43, 2012, 1, 1007),
(3137, 302.5, 43, 2012, 1, 1008),
(3138, 192.5, 43, 2012, 1, 1009),
(3139, 220, 43, 2012, 1, 1010),
(3140, 275, 43, 2012, 1, 1011),
(3141, 230, 45, 2012, 0, 909),
(3142, 375, 44, 2012, 3, 909),
(3143, 330, 44, 2012, 1, 586),
(3144, 440, 44, 2012, 1, 630),
(3145, 110, 44, 2012, 1, 644),
(3146, 230, 44, 2012, 1, 675),
(3147, 165, 44, 2012, 1, 691),
(3148, 157.32, 44, 2012, 1, 706),
(3149, 660, 44, 2012, 1, 723),
(3150, 165, 44, 2012, 1, 744),
(3151, 115, 44, 2012, 1, 756),
(3152, 172.5, 44, 2012, 1, 822),
(3153, 220, 44, 2012, 1, 861),
(3154, 69, 44, 2012, 1, 870),
(3155, 57.5, 44, 2012, 1, 896),
(3156, 57.5, 44, 2012, 1, 900),
(3157, 57.5, 44, 2012, 1, 901),
(3158, 80.5, 44, 2012, 1, 902),
(3159, 110, 44, 2012, 1, 903),
(3160, 69, 44, 2012, 1, 904),
(3161, 1100, 44, 2012, 1, 905),
(3162, 110, 44, 2012, 1, 907),
(3163, 115, 44, 2012, 1, 910),
(3164, 330, 44, 2012, 1, 914),
(3165, 82.5, 44, 2012, 1, 915),
(3166, 330, 44, 2012, 1, 917),
(3167, 132, 44, 2012, 1, 918),
(3168, 57.5, 44, 2012, 1, 919),
(3169, 770, 44, 2012, 1, 920),
(3170, 110, 44, 2012, 1, 922),
(3171, 110, 44, 2012, 1, 923),
(3172, 575, 44, 2012, 1, 924),
(3173, 57.5, 44, 2012, 1, 927),
(3174, 230, 44, 2012, 1, 929),
(3175, 330, 44, 2012, 1, 930),
(3176, 880, 44, 2012, 1, 931),
(3177, 363, 44, 2012, 1, 932),
(3178, 115, 44, 2012, 1, 933),
(3179, 638.89, 44, 2012, 1, 955),
(3180, 102.22, 44, 2012, 1, 956),
(3181, 127.78, 44, 2012, 1, 957),
(3182, 183.33, 44, 2012, 1, 958),
(3183, 110, 44, 2012, 1, 959),
(3184, 220, 44, 2012, 1, 960),
(3185, 183.33, 44, 2012, 1, 961),
(3186, 122.22, 44, 2012, 1, 962),
(3187, 220, 44, 2012, 1, 963),
(3188, 244.44, 44, 2012, 1, 964),
(3189, 165, 44, 2012, 1, 967),
(3190, 206.25, 44, 2012, 1, 968),
(3191, 86.25, 44, 2012, 1, 969),
(3192, 137.5, 44, 2012, 1, 970),
(3193, 71.88, 44, 2012, 1, 971),
(3194, 343.75, 44, 2012, 1, 972),
(3195, 343.75, 44, 2012, 1, 973),
(3196, 143.75, 44, 2012, 1, 974),
(3197, 129.38, 44, 2012, 1, 975),
(3198, 204.29, 44, 2012, 1, 976),
(3199, 377.14, 44, 2012, 1, 977),
(3200, 157.14, 44, 2012, 1, 978),
(3201, 246.43, 44, 2012, 1, 979),
(3202, 471.43, 44, 2012, 1, 980),
(3203, 110, 44, 2012, 1, 982),
(3204, 256.67, 44, 2012, 1, 983),
(3205, 183.33, 44, 2012, 1, 984),
(3206, 183.33, 44, 2012, 1, 985),
(3207, 115, 44, 2012, 1, 986),
(3208, 183.33, 44, 2012, 1, 987),
(3209, 191.67, 44, 2012, 1, 988),
(3210, 110, 44, 2012, 1, 989),
(3211, 183.33, 44, 2012, 1, 990),
(3212, 1650, 44, 2012, 1, 991),
(3213, 154, 44, 2012, 1, 992),
(3214, 1150, 44, 2012, 1, 993),
(3215, 110, 44, 2012, 1, 994),
(3216, 172.5, 44, 2012, 1, 996),
(3217, 115, 44, 2012, 1, 998),
(3218, 110, 44, 2012, 1, 999),
(3219, 220, 44, 2012, 1, 1000),
(3220, 220, 44, 2012, 1, 1001),
(3221, 110, 44, 2012, 1, 1002),
(3222, 115, 44, 2012, 1, 1003),
(3223, 110, 44, 2012, 1, 1004),
(3224, 161, 44, 2012, 1, 1005),
(3225, 230, 44, 2012, 1, 1006),
(3226, 172.5, 44, 2012, 1, 1007),
(3227, 302.5, 44, 2012, 1, 1008),
(3228, 192.5, 44, 2012, 1, 1009),
(3229, 220, 44, 2012, 1, 1010),
(3230, 275, 44, 2012, 1, 1011),
(3231, 191.67, 44, 2012, 1, 1012),
(3232, 183.33, 44, 2012, 1, 1013),
(3233, 293.33, 44, 2012, 1, 1014),
(3234, 183.33, 44, 2012, 1, 1015),
(3235, -100, 45, 2012, 3, 675),
(3236, 440, 45, 2012, 1, 630),
(3237, 165, 45, 2012, 1, 744),
(3238, 57.5, 45, 2012, 1, 901),
(3239, 80.5, 45, 2012, 1, 902),
(3240, 110, 45, 2012, 1, 903),
(3241, 69, 45, 2012, 1, 904),
(3242, 1100, 45, 2012, 1, 905),
(3243, 110, 45, 2012, 1, 907),
(3244, 115, 45, 2012, 1, 910),
(3245, 330, 45, 2012, 1, 914),
(3246, 82.5, 45, 2012, 1, 915),
(3247, 330, 45, 2012, 1, 917),
(3248, 132, 45, 2012, 1, 918),
(3249, 770, 45, 2012, 1, 920),
(3250, 110, 45, 2012, 1, 922),
(3251, 110, 45, 2012, 1, 923),
(3252, 575, 45, 2012, 1, 924),
(3253, 57.5, 45, 2012, 1, 927),
(3254, 230, 45, 2012, 1, 929),
(3255, 330, 45, 2012, 1, 930),
(3256, 880, 45, 2012, 1, 931),
(3257, 363, 45, 2012, 1, 932),
(3258, 115, 45, 2012, 1, 933),
(3259, 638.89, 45, 2012, 1, 955),
(3260, 102.22, 45, 2012, 1, 956),
(3261, 127.78, 45, 2012, 1, 957),
(3262, 183.33, 45, 2012, 1, 958),
(3263, 110, 45, 2012, 1, 959),
(3264, 220, 45, 2012, 1, 960),
(3265, 183.33, 45, 2012, 1, 961),
(3266, 122.22, 45, 2012, 1, 962),
(3267, 220, 45, 2012, 1, 963),
(3268, 244.44, 45, 2012, 1, 964),
(3269, 165, 45, 2012, 1, 967),
(3270, 206.25, 45, 2012, 1, 968),
(3271, 86.25, 45, 2012, 1, 969),
(3272, 137.5, 45, 2012, 1, 970),
(3273, 71.88, 45, 2012, 1, 971),
(3274, 343.75, 45, 2012, 1, 972),
(3275, 343.75, 45, 2012, 1, 973),
(3276, 143.75, 45, 2012, 1, 974),
(3277, 129.38, 45, 2012, 1, 975),
(3278, 204.29, 45, 2012, 1, 976),
(3279, 377.14, 45, 2012, 1, 977),
(3280, 157.14, 45, 2012, 1, 978),
(3281, 246.43, 45, 2012, 1, 979),
(3282, 471.43, 45, 2012, 1, 980),
(3283, 110, 45, 2012, 1, 982),
(3284, 256.67, 45, 2012, 1, 983),
(3285, 183.33, 45, 2012, 1, 984),
(3286, 183.33, 45, 2012, 1, 985),
(3287, 115, 45, 2012, 1, 986),
(3288, 183.33, 45, 2012, 1, 987),
(3289, 110, 45, 2012, 1, 989),
(3290, 183.33, 45, 2012, 1, 990),
(3291, 1650, 45, 2012, 1, 991),
(3292, 154, 45, 2012, 1, 992),
(3293, 1150, 45, 2012, 1, 993),
(3294, 110, 45, 2012, 1, 994),
(3295, 172.5, 45, 2012, 1, 996),
(3296, 220, 45, 2012, 1, 997),
(3297, 115, 45, 2012, 1, 998),
(3298, 110, 45, 2012, 1, 999),
(3299, 220, 45, 2012, 1, 1000),
(3300, 220, 45, 2012, 1, 1001),
(3301, 110, 45, 2012, 1, 1002),
(3302, 115, 45, 2012, 1, 1003),
(3303, 110, 45, 2012, 1, 1004),
(3304, 161, 45, 2012, 1, 1005),
(3305, 230, 45, 2012, 1, 1006),
(3306, 302.5, 45, 2012, 1, 1008),
(3307, 192.5, 45, 2012, 1, 1009),
(3308, 220, 45, 2012, 1, 1010),
(3309, 275, 45, 2012, 1, 1011),
(3310, 191.67, 45, 2012, 1, 1012),
(3311, 183.33, 45, 2012, 1, 1013),
(3312, 293.33, 45, 2012, 1, 1014),
(3313, 183.33, 45, 2012, 1, 1015),
(3314, 287.5, 45, 2012, 1, 1016),
(3315, 192.5, 45, 2012, 1, 1017),
(3316, 383.32, 46, 2012, 3, 988),
(3317, 115, 46, 2012, 3, 919),
(3318, 440, 46, 2012, 1, 630),
(3319, 330, 46, 2012, 1, 914),
(3320, 330, 46, 2012, 1, 917),
(3321, 132, 46, 2012, 1, 918),
(3322, 770, 46, 2012, 1, 920),
(3323, 110, 46, 2012, 1, 922),
(3324, 110, 46, 2012, 1, 923),
(3325, 575, 46, 2012, 1, 924),
(3326, 57.5, 46, 2012, 1, 927),
(3327, 230, 46, 2012, 1, 929),
(3328, 330, 46, 2012, 1, 930),
(3329, 880, 46, 2012, 1, 931),
(3330, 363, 46, 2012, 1, 932),
(3331, 115, 46, 2012, 1, 933),
(3332, 638.89, 46, 2012, 1, 955),
(3333, 102.22, 46, 2012, 1, 956),
(3334, 127.78, 46, 2012, 1, 957),
(3335, 183.33, 46, 2012, 1, 958),
(3336, 110, 46, 2012, 1, 959),
(3337, 220, 46, 2012, 1, 960),
(3338, 183.33, 46, 2012, 1, 961),
(3339, 122.22, 46, 2012, 1, 962),
(3340, 220, 46, 2012, 1, 963),
(3341, 244.44, 46, 2012, 1, 964),
(3342, 165, 46, 2012, 1, 967),
(3343, 206.25, 46, 2012, 1, 968),
(3344, 86.25, 46, 2012, 1, 969),
(3345, 137.5, 46, 2012, 1, 970),
(3346, 71.88, 46, 2012, 1, 971),
(3347, 343.75, 46, 2012, 1, 972),
(3348, 343.75, 46, 2012, 1, 973),
(3349, 143.75, 46, 2012, 1, 974),
(3350, 129.38, 46, 2012, 1, 975),
(3351, 204.29, 46, 2012, 1, 976),
(3352, 377.14, 46, 2012, 1, 977),
(3353, 157.14, 46, 2012, 1, 978),
(3354, 246.43, 46, 2012, 1, 979),
(3355, 471.43, 46, 2012, 1, 980),
(3356, 110, 46, 2012, 1, 982),
(3357, 256.67, 46, 2012, 1, 983),
(3358, 183.33, 46, 2012, 1, 984),
(3359, 183.33, 46, 2012, 1, 985),
(3360, 115, 46, 2012, 1, 986),
(3361, 183.33, 46, 2012, 1, 987),
(3362, 110, 46, 2012, 1, 989),
(3363, 183.33, 46, 2012, 1, 990),
(3364, 1650, 46, 2012, 1, 991),
(3365, 220, 46, 2012, 1, 997),
(3366, 115, 46, 2012, 1, 998),
(3367, 110, 46, 2012, 1, 999),
(3368, 220, 46, 2012, 1, 1000),
(3369, 220, 46, 2012, 1, 1001),
(3370, 110, 46, 2012, 1, 1002),
(3371, 115, 46, 2012, 1, 1003),
(3372, 110, 46, 2012, 1, 1004),
(3373, 161, 46, 2012, 1, 1005),
(3374, 230, 46, 2012, 1, 1006),
(3375, 302.5, 46, 2012, 1, 1008),
(3376, 192.5, 46, 2012, 1, 1009),
(3377, 220, 46, 2012, 1, 1010),
(3378, 275, 46, 2012, 1, 1011),
(3379, 191.67, 46, 2012, 1, 1012),
(3380, 183.33, 46, 2012, 1, 1013),
(3381, 293.33, 46, 2012, 1, 1014),
(3382, 183.33, 46, 2012, 1, 1015),
(3383, 287.5, 46, 2012, 1, 1016),
(3384, 192.5, 46, 2012, 1, 1017),
(3385, 330, 46, 2012, 1, 1018),
(3386, 460, 46, 2012, 1, 1019),
(3387, 330, 46, 2012, 1, 1020),
(3388, 440, 46, 2012, 1, 1021),
(3389, 330, 46, 2012, 1, 1022),
(3390, 204.29, 47, 2012, 1, 976),
(3391, 220, 47, 2012, 1, 997),
(3392, 366.67, 3, 2013, 1, 1023),
(3394, 366.67, 4, 2013, 1, 1023),
(3396, 366.67, 5, 2013, 1, 1023),
(3409, 550, 4, 2013, 1, 1031),
(3410, 287.5, 4, 2013, 1, 1032),
(3411, 287.5, 4, 2013, 1, 1033),
(3412, 550, 5, 2013, 1, 1031),
(3413, 287.5, 5, 2013, 1, 1032),
(3414, 287.5, 5, 2013, 1, 1033),
(3415, 550, 6, 2013, 1, 1031),
(3416, 287.5, 6, 2013, 1, 1032),
(3417, 287.5, 6, 2013, 1, 1033),
(3418, 550, 7, 2013, 1, 1031),
(3419, 287.5, 7, 2013, 1, 1032),
(3420, 287.5, 7, 2013, 1, 1033),
(3421, 550, 8, 2013, 1, 1034),
(3422, 550, 8, 2013, 1, 1035),
(3423, 550, 9, 2013, 1, 1034),
(3424, 550, 9, 2013, 1, 1035),
(3425, 550, 9, 2013, 1, 1036),
(3426, 550, 9, 2013, 1, 1037),
(3427, 550, 10, 2013, 1, 1036),
(3428, 550, 10, 2013, 1, 1037),
(3429, 1100, 10, 2013, 1, 1038),
(3430, 1650, 10, 2013, 1, 1039),
(3431, 1100, 11, 2013, 1, 1038),
(3432, 1650, 11, 2013, 1, 1039),
(3433, 550, 11, 2013, 1, 1040),
(3434, 1650, 11, 2013, 1, 1041),
(3435, 220, 13, 2013, 1, 1042),
(3436, 660, 13, 2013, 1, 1043),
(3437, 220, 14, 2013, 1, 1042),
(3438, 660, 14, 2013, 1, 1043),
(3439, 1100, 14, 2013, 1, 1044),
(3440, 1100, 14, 2013, 1, 1045),
(3441, 220, 15, 2013, 1, 1042),
(3442, 660, 15, 2013, 1, 1043),
(3443, 1100, 15, 2013, 1, 1044),
(3444, 1100, 15, 2013, 1, 1045),
(3445, 770, 15, 2013, 1, 1046),
(3446, 220, 16, 2013, 1, 1042),
(3447, 660, 16, 2013, 1, 1043),
(3448, 1100, 16, 2013, 1, 1044),
(3449, 1100, 16, 2013, 1, 1045),
(3450, 770, 16, 2013, 1, 1046),
(3451, 275, 16, 2013, 1, 1047),
(3452, 1100, 16, 2013, 1, 1048),
(3453, 220, 17, 2013, 1, 1042),
(3454, 660, 17, 2013, 1, 1043),
(3455, 1100, 17, 2013, 1, 1044),
(3456, 1100, 17, 2013, 1, 1045),
(3457, 770, 17, 2013, 1, 1046),
(3458, 275, 17, 2013, 1, 1047),
(3459, 1100, 17, 2013, 1, 1048),
(3460, 1100, 17, 2013, 1, 1049),
(3461, 1100, 18, 2013, 1, 1044),
(3462, 1100, 18, 2013, 1, 1045),
(3463, 770, 18, 2013, 1, 1046),
(3464, 275, 18, 2013, 1, 1047),
(3465, 1100, 18, 2013, 1, 1048),
(3466, 1100, 18, 2013, 1, 1049),
(3467, 770, 19, 2013, 1, 1046),
(3468, 275, 19, 2013, 1, 1047),
(3469, 1100, 19, 2013, 1, 1048),
(3470, 1100, 19, 2013, 1, 1049),
(3471, 1100, 20, 2013, 1, 1048),
(3472, 1100, 20, 2013, 1, 1049),
(3473, 1100, 21, 2013, 1, 1049),
(3474, 1150, 23, 2013, 1, 1050),
(3475, 1150, 24, 2013, 1, 1050),
(3476, 1150, 25, 2013, 1, 1050),
(3477, 550, 2, 2013, 1, 1051),
(3478, 220, 2, 2013, 1, 1052),
(3479, 230, 2, 2013, 1, 1053),
(3480, 575, 2, 2013, 1, 1054),
(3481, 550, 3, 2013, 1, 1051),
(3482, 220, 3, 2013, 1, 1052),
(3483, 230, 3, 2013, 1, 1053),
(3484, 575, 3, 2013, 1, 1054),
(3485, 550, 4, 2013, 1, 1051),
(3486, 220, 4, 2013, 1, 1052),
(3487, 230, 4, 2013, 1, 1053),
(3488, 550, 5, 2013, 1, 1051),
(3489, 220, 5, 2013, 1, 1052),
(3490, 230, 5, 2013, 1, 1053),
(3491, 575, 5, 2013, 1, 1054),
(3492, 550, 6, 2013, 1, 1051),
(3493, 220, 6, 2013, 1, 1052),
(3494, 230, 6, 2013, 1, 1053),
(3495, 575, 6, 2013, 1, 1054),
(3496, 550, 7, 2013, 1, 1051),
(3497, 575, 7, 2013, 1, 1054),
(3498, 550, 8, 2013, 1, 1051),
(3499, 575, 8, 2013, 1, 1054),
(3500, 1650, 9, 2013, 3, 1051),
(3501, 575, 9, 2013, 1, 1054),
(3502, 575, 10, 2013, 1, 1054),
(3503, 575, 11, 2013, 1, 1054),
(3504, 220, 11, 2013, 1, 1055),
(3505, 575, 12, 2013, 1, 1054),
(3506, 220, 12, 2013, 1, 1055),
(3507, 220, 13, 2013, 1, 1055),
(3508, 1540, 14, 2013, 3, 1055),
(3509, 220, 2, 2013, 1, 1056),
(3510, 550, 2, 2013, 1, 1057),
(3511, 575, 2, 2013, 1, 1058),
(3512, 230, 2, 2013, 1, 1059),
(3513, 191.67, 2, 2013, 1, 1060),
(3514, 220, 3, 2013, 1, 1056),
(3515, 550, 3, 2013, 1, 1057),
(3516, 575, 3, 2013, 1, 1058),
(3517, 230, 3, 2013, 1, 1059),
(3518, 191.67, 3, 2013, 1, 1060),
(3519, 220, 4, 2013, 1, 1056),
(3520, 550, 4, 2013, 1, 1057),
(3521, 575, 4, 2013, 1, 1058),
(3522, 230, 4, 2013, 1, 1059),
(3523, 191.67, 4, 2013, 1, 1060),
(3524, 220, 5, 2013, 1, 1056),
(3525, 550, 5, 2013, 1, 1057),
(3526, 230, 5, 2013, 1, 1059),
(3527, 220, 6, 2013, 1, 1056),
(3528, 550, 6, 2013, 1, 1057),
(3529, 575, 6, 2013, 1, 1058),
(3530, 230, 6, 2013, 1, 1059),
(3531, 1100, 7, 2013, 3, 1056),
(3532, 550, 7, 2013, 1, 1057),
(3533, 575, 7, 2013, 1, 1058),
(3534, 575, 8, 2013, 1, 1058),
(3535, 575, 9, 2013, 1, 1058),
(3536, 575, 10, 2013, 1, 1058),
(3537, 575, 11, 2013, 1, 1058),
(3538, 575, 12, 2013, 1, 1058),
(3539, 383.33, 2, 2013, 1, 1061),
(3540, 1150, 2, 2013, 1, 1062),
(3541, 275, 2, 2013, 1, 1063),
(3542, 383.33, 3, 2013, 1, 1061),
(3543, 1150, 3, 2013, 1, 1062),
(3544, 383.33, 4, 2013, 1, 1061),
(3545, 1150, 4, 2013, 1, 1062),
(3546, 275, 4, 2013, 1, 1063),
(3547, 550, 5, 2013, 3, 1063),
(3548, 2300, 5, 2013, 3, 1062),
(3549, 220, 4, 2013, 1, 1064),
(3550, 660, 4, 2013, 1, 1065),
(3551, 660, 4, 2013, 1, 1066),
(3552, 55, 4, 2013, 1, 1067),
(3553, 275, 4, 2013, 1, 1068),
(3554, 110, 4, 2013, 1, 1069),
(3555, 110, 4, 2013, 1, 1070),
(3556, 220, 5, 2013, 1, 1064),
(3557, 660, 5, 2013, 1, 1065),
(3558, 660, 5, 2013, 1, 1066),
(3559, 55, 5, 2013, 1, 1067),
(3560, 275, 5, 2013, 1, 1068),
(3561, 110, 5, 2013, 1, 1069),
(3562, 110, 5, 2013, 1, 1070),
(3563, 110, 5, 2013, 1, 1071),
(3564, 115, 5, 2013, 1, 1072),
(3565, 165, 5, 2013, 1, 1073),
(3566, 220, 5, 2013, 1, 1074),
(3567, 275, 5, 2013, 1, 1075),
(3568, 330, 5, 2013, 1, 1076),
(3569, 110, 5, 2013, 1, 1077),
(3570, 220, 5, 2013, 1, 1078),
(3571, 220, 5, 2013, 1, 1079),
(3572, 330, 5, 2013, 1, 1080),
(3573, 330, 5, 2013, 1, 1081),
(3574, 330, 5, 2013, 1, 1082);
INSERT INTO `prestamo_registro` (`id`, `monto`, `week`, `year`, `status`, `prestamo_id`) VALUES
(3575, 275, 5, 2013, 1, 1083),
(3576, 165, 5, 2013, 1, 1084),
(3577, 110, 5, 2013, 1, 1085),
(3578, 110, 5, 2013, 1, 1086),
(3579, 220, 5, 2013, 1, 1087),
(3580, 220, 5, 2013, 1, 1088),
(3581, 110, 5, 2013, 1, 1089),
(3582, 110, 5, 2013, 1, 1090),
(3583, 55, 5, 2013, 1, 1091),
(3584, 550, 5, 2013, 1, 1092),
(3585, 110, 5, 2013, 1, 1093),
(3586, 275, 5, 2013, 1, 1094),
(3587, 110, 5, 2013, 1, 1095),
(3588, 57.5, 5, 2013, 1, 1096),
(3589, 110, 5, 2013, 1, 1097),
(3590, 110, 5, 2013, 1, 1098),
(3668, 220, 6, 2013, 1, 1064),
(3669, 660, 6, 2013, 1, 1065),
(3670, 660, 6, 2013, 1, 1066),
(3671, 55, 6, 2013, 1, 1067),
(3672, 275, 6, 2013, 1, 1068),
(3673, 110, 6, 2013, 1, 1069),
(3674, 110, 6, 2013, 1, 1070),
(3675, 110, 6, 2013, 1, 1071),
(3676, 115, 6, 2013, 1, 1072),
(3677, 165, 6, 2013, 1, 1073),
(3678, 220, 6, 2013, 1, 1074),
(3679, 275, 6, 2013, 1, 1075),
(3680, 330, 6, 2013, 1, 1076),
(3681, 110, 6, 2013, 1, 1077),
(3682, 220, 6, 2013, 1, 1078),
(3683, 220, 6, 2013, 1, 1079),
(3684, 330, 6, 2013, 1, 1080),
(3685, 330, 6, 2013, 1, 1081),
(3686, 330, 6, 2013, 1, 1082),
(3687, 275, 6, 2013, 1, 1083),
(3688, 165, 6, 2013, 1, 1084),
(3689, 110, 6, 2013, 1, 1085),
(3690, 110, 6, 2013, 1, 1086),
(3691, 220, 6, 2013, 1, 1087),
(3692, 220, 6, 2013, 1, 1088),
(3693, 110, 6, 2013, 1, 1089),
(3694, 110, 6, 2013, 1, 1090),
(3695, 55, 6, 2013, 1, 1091),
(3696, 110, 6, 2013, 1, 1093),
(3697, 275, 6, 2013, 1, 1094),
(3698, 110, 6, 2013, 1, 1095),
(3699, 57.5, 6, 2013, 1, 1096),
(3700, 110, 6, 2013, 1, 1097),
(3701, 110, 6, 2013, 1, 1098),
(3702, 132, 6, 2013, 1, 1099),
(3703, 220, 6, 2013, 1, 1100),
(3704, 110, 6, 2013, 1, 1101),
(3705, 275, 6, 2013, 1, 1102),
(3706, 550, 6, 2013, 1, 1092),
(3707, 220, 7, 2013, 1, 1064),
(3708, 660, 7, 2013, 1, 1065),
(3709, 660, 7, 2013, 1, 1066),
(3710, 55, 7, 2013, 1, 1067),
(3711, 275, 7, 2013, 1, 1068),
(3712, 110, 7, 2013, 1, 1069),
(3713, 110, 7, 2013, 1, 1070),
(3714, 110, 7, 2013, 1, 1071),
(3715, 115, 7, 2013, 1, 1072),
(3716, 165, 7, 2013, 1, 1073),
(3717, 220, 7, 2013, 1, 1074),
(3718, 275, 7, 2013, 1, 1075),
(3719, 330, 7, 2013, 1, 1076),
(3720, 110, 7, 2013, 1, 1077),
(3721, 220, 7, 2013, 1, 1078),
(3722, 220, 7, 2013, 1, 1079),
(3723, 330, 7, 2013, 1, 1080),
(3724, 330, 7, 2013, 1, 1081),
(3725, 330, 7, 2013, 1, 1082),
(3726, 275, 7, 2013, 1, 1083),
(3727, 165, 7, 2013, 1, 1084),
(3728, 110, 7, 2013, 1, 1085),
(3729, 110, 7, 2013, 1, 1086),
(3730, 220, 7, 2013, 1, 1087),
(3731, 220, 7, 2013, 1, 1088),
(3732, 110, 7, 2013, 1, 1089),
(3733, 110, 7, 2013, 1, 1090),
(3734, 55, 7, 2013, 1, 1091),
(3735, 110, 7, 2013, 1, 1093),
(3736, 275, 7, 2013, 1, 1094),
(3737, 110, 7, 2013, 1, 1095),
(3738, 57.5, 7, 2013, 1, 1096),
(3739, 110, 7, 2013, 1, 1097),
(3740, 110, 7, 2013, 1, 1098),
(3741, 132, 7, 2013, 1, 1099),
(3742, 220, 7, 2013, 1, 1100),
(3743, 110, 7, 2013, 1, 1101),
(3744, 275, 7, 2013, 1, 1102),
(3745, 0, 7, 2013, 0, 1103),
(3746, 330, 7, 2013, 1, 1104),
(3747, 495, 7, 2013, 1, 1105),
(3748, 286, 7, 2013, 1, 1106),
(3749, 330, 7, 2013, 1, 1107),
(3750, 93.5, 7, 2013, 1, 1108),
(3751, 330, 7, 2013, 1, 1109),
(3752, 77, 7, 2013, 1, 1110),
(3753, 330, 7, 2013, 1, 1111),
(3754, 275, 7, 2013, 1, 1112),
(3755, 220, 7, 2013, 1, 1113),
(3756, 165, 7, 2013, 1, 1114),
(3757, 110, 7, 2013, 1, 1115),
(3758, 115, 7, 2013, 1, 1116),
(3759, 157.14, 7, 2013, 1, 1117),
(3760, 165, 7, 2013, 1, 1118),
(3761, 198, 7, 2013, 1, 1119),
(3762, 110, 7, 2013, 1, 1120),
(3763, 220, 8, 2013, 1, 1064),
(3764, 660, 8, 2013, 1, 1065),
(3765, 660, 8, 2013, 1, 1066),
(3766, 55, 8, 2013, 1, 1067),
(3767, 275, 8, 2013, 1, 1068),
(3768, 110, 8, 2013, 1, 1070),
(3769, 110, 8, 2013, 1, 1071),
(3770, 115, 8, 2013, 1, 1072),
(3771, 165, 8, 2013, 1, 1073),
(3772, 220, 8, 2013, 1, 1074),
(3773, 275, 8, 2013, 1, 1075),
(3774, 330, 8, 2013, 1, 1076),
(3775, 110, 8, 2013, 1, 1077),
(3776, 220, 8, 2013, 1, 1078),
(3777, 220, 8, 2013, 1, 1079),
(3778, 330, 8, 2013, 1, 1080),
(3779, 330, 8, 2013, 1, 1081),
(3780, 330, 8, 2013, 1, 1082),
(3781, 275, 8, 2013, 1, 1083),
(3782, 165, 8, 2013, 1, 1084),
(3783, 110, 8, 2013, 1, 1085),
(3784, 110, 8, 2013, 1, 1086),
(3785, 220, 8, 2013, 1, 1087),
(3786, 220, 8, 2013, 1, 1088),
(3787, 110, 8, 2013, 1, 1089),
(3788, 110, 8, 2013, 1, 1090),
(3789, 55, 8, 2013, 1, 1091),
(3790, 110, 8, 2013, 1, 1093),
(3791, 275, 8, 2013, 1, 1094),
(3792, 110, 8, 2013, 1, 1095),
(3793, 57.5, 8, 2013, 1, 1096),
(3794, 110, 8, 2013, 1, 1097),
(3795, 110, 8, 2013, 1, 1098),
(3796, 132, 8, 2013, 1, 1099),
(3797, 220, 8, 2013, 1, 1100),
(3798, 110, 8, 2013, 1, 1101),
(3799, 275, 8, 2013, 1, 1102),
(3800, 330, 8, 2013, 1, 1104),
(3801, 495, 8, 2013, 1, 1105),
(3802, 286, 8, 2013, 1, 1106),
(3803, 93.5, 8, 2013, 1, 1108),
(3804, 330, 8, 2013, 1, 1109),
(3805, 77, 8, 2013, 1, 1110),
(3806, 330, 8, 2013, 1, 1111),
(3807, 275, 8, 2013, 1, 1112),
(3808, 220, 8, 2013, 1, 1113),
(3809, 165, 8, 2013, 1, 1114),
(3810, 110, 8, 2013, 1, 1115),
(3811, 115, 8, 2013, 1, 1116),
(3812, 157.14, 8, 2013, 1, 1117),
(3813, 165, 8, 2013, 1, 1118),
(3814, 198, 8, 2013, 1, 1119),
(3815, 110, 8, 2013, 1, 1120),
(3816, 132, 8, 2013, 1, 1121),
(3817, 55, 8, 2013, 1, 1122),
(3818, 220, 8, 2013, 1, 1123),
(3819, 220, 8, 2013, 1, 1124),
(3820, 88, 8, 2013, 1, 1125),
(3821, 220, 8, 2013, 1, 1126),
(3822, 220, 8, 2013, 1, 1127),
(3823, 88, 8, 2013, 1, 1128),
(3824, 330, 8, 2013, 1, 1129),
(3825, 66, 8, 2013, 1, 1130),
(3826, 165, 8, 2013, 1, 1131),
(3827, 220, 8, 2013, 1, 1132),
(3828, 440, 8, 2013, 1, 1133),
(3829, 110, 8, 2013, 1, 1134),
(3830, 110, 8, 2013, 1, 1135),
(3831, 55, 8, 2013, 1, 1136),
(3832, 660, 9, 2013, 1, 1065),
(3833, 660, 9, 2013, 1, 1066),
(3834, 55, 9, 2013, 1, 1067),
(3835, 275, 9, 2013, 1, 1068),
(3836, 110, 9, 2013, 1, 1069),
(3837, 110, 9, 2013, 1, 1071),
(3838, 115, 9, 2013, 1, 1072),
(3839, 165, 9, 2013, 1, 1073),
(3840, 220, 9, 2013, 1, 1074),
(3841, 330, 9, 2013, 1, 1076),
(3842, 110, 9, 2013, 1, 1077),
(3843, 220, 9, 2013, 1, 1078),
(3844, 220, 9, 2013, 1, 1079),
(3845, 330, 9, 2013, 1, 1080),
(3846, 330, 9, 2013, 1, 1081),
(3847, 330, 9, 2013, 1, 1082),
(3848, 275, 9, 2013, 1, 1083),
(3849, 165, 9, 2013, 1, 1084),
(3850, 110, 9, 2013, 1, 1085),
(3851, 110, 9, 2013, 1, 1086),
(3852, 220, 9, 2013, 1, 1087),
(3853, 220, 9, 2013, 1, 1088),
(3854, 110, 9, 2013, 1, 1089),
(3855, 110, 9, 2013, 1, 1090),
(3856, 55, 9, 2013, 1, 1091),
(3857, 110, 9, 2013, 1, 1093),
(3858, 110, 9, 2013, 1, 1095),
(3859, 57.5, 9, 2013, 1, 1096),
(3860, 110, 9, 2013, 1, 1097),
(3861, 110, 9, 2013, 1, 1098),
(3862, 132, 9, 2013, 1, 1099),
(3863, 220, 9, 2013, 1, 1100),
(3864, 110, 9, 2013, 1, 1101),
(3865, 275, 9, 2013, 1, 1102),
(3866, 330, 9, 2013, 1, 1104),
(3867, 495, 9, 2013, 1, 1105),
(3868, 286, 9, 2013, 1, 1106),
(3869, 330, 9, 2013, 1, 1107),
(3870, 93.5, 9, 2013, 1, 1108),
(3871, 330, 9, 2013, 1, 1109),
(3872, 77, 9, 2013, 1, 1110),
(3873, 330, 9, 2013, 1, 1111),
(3874, 275, 9, 2013, 1, 1112),
(3875, 220, 9, 2013, 1, 1113),
(3876, 165, 9, 2013, 1, 1114),
(3877, 110, 9, 2013, 1, 1115),
(3878, 115, 9, 2013, 1, 1116),
(3879, 157.14, 9, 2013, 1, 1117),
(3880, 165, 9, 2013, 1, 1118),
(3881, 198, 9, 2013, 1, 1119),
(3882, 110, 9, 2013, 1, 1120),
(3883, 132, 9, 2013, 1, 1121),
(3884, 55, 9, 2013, 1, 1122),
(3885, 220, 9, 2013, 1, 1123),
(3886, 220, 9, 2013, 1, 1124),
(3887, 88, 9, 2013, 1, 1125),
(3888, 220, 9, 2013, 1, 1126),
(3889, 220, 9, 2013, 1, 1127),
(3890, 88, 9, 2013, 1, 1128),
(3891, 330, 9, 2013, 1, 1129),
(3892, 66, 9, 2013, 1, 1130),
(3893, 165, 9, 2013, 1, 1131),
(3894, 220, 9, 2013, 1, 1132),
(3895, 440, 9, 2013, 1, 1133),
(3896, 110, 9, 2013, 1, 1134),
(3897, 110, 9, 2013, 1, 1135),
(3898, 55, 9, 2013, 1, 1136),
(3899, 330, 9, 2013, 1, 1137),
(3900, 206.25, 9, 2013, 1, 1138),
(3901, 110, 9, 2013, 1, 1139),
(3902, 110, 9, 2013, 1, 1140),
(3903, 165, 9, 2013, 1, 1141),
(3904, 165, 9, 2013, 1, 1142),
(3905, 110, 9, 2013, 1, 1143),
(3906, 110, 9, 2013, 1, 1144),
(3907, 55, 9, 2013, 1, 1145),
(3908, 110, 9, 2013, 1, 1146),
(3909, 55, 9, 2013, 1, 1147),
(3910, 110, 9, 2013, 1, 1148),
(3911, 792, 10, 2013, 3, 1099);

-- --------------------------------------------------------

--
-- Table structure for table `user`
--

CREATE TABLE IF NOT EXISTS `user` (
  `id` int(11) NOT NULL AUTO_INCREMENT,
  `name` varchar(90) DEFAULT NULL,
  `no_emp` varchar(10) DEFAULT NULL,
  `role` tinyint(1) DEFAULT '0' COMMENT '0:worker\n1:admin\n',
  `status` tinyint(1) DEFAULT '1' COMMENT '0 : inactive\n1 : active',
  `date` date DEFAULT NULL,
  PRIMARY KEY (`id`)
) ENGINE=InnoDB  DEFAULT CHARSET=latin1 AUTO_INCREMENT=428 ;

--
-- Dumping data for table `user`
--

INSERT INTO `user` (`id`, `name`, `no_emp`, `role`, `status`, `date`) VALUES
(197, 'Mata Gonzalez Jose Francisco', '2797', 0, 1, '2012-09-12'),
(198, 'Ramirez Mozqueda Felipe', '2805', 0, 1, '2012-09-12'),
(199, 'Jorge Arevalo Arturo', '2824', 0, 1, '2012-09-12'),
(200, 'Barrales Miranda Sergio Leoncio', '2829', 0, 1, '2012-09-12'),
(201, 'Navarro Valdez Jacinto Julio', '2841', 0, 1, '2012-09-12'),
(202, 'Cabrera Jose Rogelio', '2878', 0, 1, '2012-09-12'),
(203, 'Hernandez Sanchez Roberto', '2884', 0, 1, '2012-09-12'),
(204, 'Solorio Silva Guillermo', '3049', 0, 1, '2012-09-12'),
(205, 'Ginez Martinez Maximiliano', '3068', 0, 1, '2012-09-12'),
(206, 'Peralta Robles Angel', '3214', 0, 1, '2012-09-12'),
(207, 'Arzabal Hernandez Ivan', '3554', 0, 1, '2012-09-12'),
(208, 'Ortega Cervantes Maria de los Angeles', '3676', 0, 1, '2012-09-12'),
(209, 'Solis Diaz Monica', '3690', 0, 1, '2012-09-12'),
(210, 'Silva Amaro Adela', '3879', 0, 1, '2012-09-12'),
(211, 'Estrella Gonzalez Maria Eugenia', '4103', 0, 1, '2012-09-12'),
(212, 'Pulido Gonzales Socorro', '4128', 0, 1, '2012-09-12'),
(213, 'Gonzales Castillo Heberto', '4206', 0, 1, '2012-09-12'),
(214, 'Sanchez martinez Selene', '4219', 0, 1, '2012-09-12'),
(215, 'Roacho Nuez Rigoberto', '4283', 0, 1, '2012-09-12'),
(216, 'Guzman Castillo Mauro Antonio', '4371', 0, 1, '2012-09-12'),
(217, 'Padilla Cardona Pedro Jesus', '4402', 0, 1, '2012-09-12'),
(218, 'Ponce Lopes Mayra Rosario', '4460', 0, 1, '2012-09-12'),
(219, 'Villanueva Vega Maria del Carmen', '4493', 0, 1, '2012-09-12'),
(220, 'Salas Chavez Teresita de Jesus', '4504', 0, 1, '2012-09-12'),
(221, 'Cordova Diaz David Adan', '4509', 0, 1, '2012-09-12'),
(222, 'Velazquez Gomez Aremi', '4673', 0, 1, '2012-09-12'),
(223, 'Moran Hernandez Imelda', '4851', 0, 1, '2012-09-12'),
(224, 'Magallon Onocente Fernando', '4919', 0, 1, '2012-09-12'),
(225, 'Hernandez Montes Roberto Jonathan', '5197', 0, 1, '2012-09-12'),
(226, 'Salinas Reyes Manuel Antonio', '5368', 0, 1, '2012-09-12'),
(227, 'Cortes Gonzales Marcos', '5429', 0, 1, '2012-09-12'),
(228, 'Villanueva  Vega Maria de los Angeles', '5433', 0, 1, '2012-09-12'),
(229, 'Ortega Solano Reymundo', '5455', 0, 1, '2012-09-12'),
(230, 'Romo Gasken Ricardo', '5460', 0, 1, '2012-09-12'),
(231, 'Mayorga Lara Ricardo', '5512', 0, 1, '2012-09-12'),
(232, 'Carrillo Guevara Margarita', '5565', 0, 1, '2012-09-12'),
(233, 'Reyes Quionez Gabriela', '5618', 0, 1, '2012-09-12'),
(234, 'Trujillo Valenzuela Alejandrina', '5639', 0, 1, '2012-09-12'),
(235, 'Mora Vargas Joel Antonio', '5682', 0, 1, '2012-09-12'),
(236, 'Martinez Carrillo Mercedes', '5758', 0, 1, '2012-09-12'),
(237, 'Smith Dena Martha Amparo', '5760', 0, 1, '2012-09-12'),
(238, 'Valenzuela Ramirez Lorenia Jaqueline', '5840', 0, 1, '2012-09-12'),
(239, 'Hernandez Aguilar Luis Enrique', '5862', 0, 1, '2012-09-12'),
(240, 'Maldonado Guerrero Oscar Felipe', '5864', 0, 1, '2012-09-12'),
(241, 'Sarellana Perez Blanca Melisa', '5865', 0, 1, '2012-09-12'),
(242, 'Astudillo Hernandez Cristopher', '5880', 0, 1, '2012-09-12'),
(243, 'Delgado Ruiz Xochitl', '6012', 0, 1, '2012-09-12'),
(244, 'Meda Hernandez Francisco Aurelio', '6125', 0, 1, '2012-09-12'),
(245, 'Maciel Martinez Mario Eduardo', '6313', 0, 1, '2012-09-12'),
(246, 'Cisneros Mendez Carlos Adrian', '6408', 0, 1, '2012-09-12'),
(247, 'Moctezuma Rodriguez Jose', '6534', 0, 1, '2012-09-12'),
(248, 'Ortega Luna Jose David', '6625', 0, 1, '2012-09-12'),
(249, 'Maldonado Guerrero Silvia Esperanza', '6657', 0, 1, '2012-09-12'),
(250, 'Moran Hernandez Elias Martin', '6801', 0, 1, '2012-09-12'),
(251, 'Ramirez Reyes Pablo', '6802', 0, 1, '2012-09-12'),
(252, 'Navarro Valdez Diana Maria', '6822', 0, 1, '2012-09-12'),
(253, 'Ramirez Alejandro Rigoberto', '6857', 0, 1, '2012-09-12'),
(254, 'Santos Berumen Jorge Enrique', '6860', 0, 1, '2012-09-12'),
(255, 'Hernandez Montes Edgar Eduardo', '7131', 0, 1, '2012-09-12'),
(256, 'Nicolas Ruvalcaba Miguel Angel', '7147', 0, 1, '2012-09-12'),
(257, 'Galvan Pantoja Roberto', '7148', 0, 1, '2012-09-12'),
(258, 'Aguayo Leyva Cuauhtemoc', '7149', 0, 1, '2012-09-12'),
(259, 'Alvaro Guillermo Francisco', '7150', 0, 1, '2012-09-12'),
(260, 'Chaparro Gallardo Veronica', '7151', 0, 1, '2012-09-12'),
(261, 'Gomez Huerta Hipolito', '7152', 0, 1, '2012-09-12'),
(262, 'Cortez Ruiz Juan Martin', '7203', 0, 1, '2012-09-12'),
(263, 'Hipolito Contreras Sergio Alejandro', '7325', 0, 1, '2012-09-12'),
(264, 'Gutierrez Lagunes Gilberto', '7385', 0, 1, '2012-09-12'),
(265, 'Gonzalez Cardenas Ivan', '7743', 0, 1, '2012-09-12'),
(266, 'Valadez Hernandez Emilio', '7764', 0, 1, '2012-09-12'),
(267, 'Cruz Julio Cesar', '7765', 0, 1, '2012-09-12'),
(268, 'Fierro Zamora Miguel Jonas', '7980', 0, 1, '2012-09-12'),
(269, 'Valenzuela Montoya Florencio', '8012', 0, 1, '2012-09-12'),
(270, 'Tavarez Medina Oscar', '8111', 0, 1, '2012-09-12'),
(271, 'Galan Vazquez Simitrio', '8191', 0, 1, '2012-09-12'),
(272, 'Ramos  Cardenas Josue Nazario', '8363', 0, 1, '2012-09-12'),
(273, 'Mariscal Palacios Roberto', '8364', 0, 1, '2012-09-12'),
(274, 'Garcia Lopez Irais Gisela', '8408', 0, 1, '2012-09-12'),
(275, 'Garcia Castaos Manuel', '8452', 0, 1, '2012-09-12'),
(276, 'Solorio Reyes Julio Cesar', '8467', 0, 1, '2012-09-12'),
(277, 'Maciel Martinez Carlos Josue', '8487', 0, 1, '2012-09-12'),
(278, 'Vazquez Hernandez Adrian', '8572', 0, 1, '2012-09-12'),
(279, 'Ramos Labra Noe', '8706', 0, 1, '2012-09-12'),
(280, 'Reynoso Tinajero Urim Sarai', '8753', 0, 1, '2012-09-12'),
(281, 'Santos Benumea Hugo', '8775', 0, 1, '2012-09-12'),
(282, 'Hernandez Vazquez Jose David', '8806', 0, 1, '2012-09-12'),
(283, 'Oseguera E Jose Maria', '8825', 0, 1, '2012-09-12'),
(284, 'Jaime Ramirez Enrique', '8826', 0, 1, '2012-09-12'),
(285, 'Zayas Arreola Karla Marisela', '8879', 0, 1, '2012-09-12'),
(286, 'Peraza Ortiz Jose Carlos', '8932', 0, 1, '2012-09-12'),
(287, 'Quiroz Sanchez Ivonn Angelica', '8933', 0, 1, '2012-09-12'),
(288, 'Lopez Castro Salvador', '8934', 0, 1, '2012-09-12'),
(289, 'Elizalde Flores  Gabriela Guadalupe', '8935', 0, 1, '2012-09-12'),
(290, 'Mozqueda Ramirez Juan Joel', '8937', 0, 1, '2012-09-12'),
(291, 'Fonseca Martinez Jose de Jesus', '9023', 0, 1, '2012-09-12'),
(292, 'Solis Diaz Johanna', '9125', 0, 1, '2012-09-12'),
(293, 'Morales Guerrero Marisol', '9228', 0, 1, '2012-09-12'),
(294, 'Guzman Castillo Mauro Antonio', '4371', 0, 1, NULL),
(295, 'Guzman Castillo Mauro Antonio', '4371', 0, 1, NULL),
(296, 'Ramirez Mozqueda Felipe', '2805', 0, 1, NULL),
(297, 'Arzabal Hernandez Ivan', '3554', 0, 1, NULL),
(298, 'Arzabal Hernandez Ivan', '3554', 0, 1, NULL),
(299, 'Arzabal Hernandez Ivan', '3554', 0, 1, NULL),
(300, 'Sanchez martinez Selene', '4219', 0, 1, NULL),
(301, 'Hernandez Montes Roberto Jonathan', '5197', 0, 1, NULL),
(302, 'Romo Gasken Ricardo', '5460', 0, 1, NULL),
(303, 'Alvaro Guillermo Francisco', '7150', 0, 1, NULL),
(304, 'Fierro Zamora Miguel Jonas', '7980', 0, 1, NULL),
(305, 'Vazquez Hernandez Adrian', '8572', 0, 1, NULL),
(306, 'Lopez Castro Salvador', '8934', 0, 1, NULL),
(307, 'Lopez Castro Salvador', '8934', 0, 1, NULL),
(308, 'VAZQUEZ GALAN ANASTACIO', '8883', 0, 1, '2012-09-20'),
(309, 'Hernandez Montes Roberto Jonathan', '5197', 0, 1, NULL),
(310, 'MIGUEL ANGEL MATA GONZALEZ', '8828', 0, 1, '2012-09-26'),
(311, 'JOSE RICARDO GUTIERREZ RODRIGUEZ', '9058', 0, 1, '2012-09-26'),
(312, 'Smith Dena Martha Amparo', '5760', 0, 1, NULL),
(313, 'Padilla Cardona Pedro Jesus', '4402', 0, 1, NULL),
(314, 'Garcia Lopez Irais Gisela', '8408', 0, 1, NULL),
(315, 'Navarro Valdez Diana Maria', '6822', 0, 1, NULL),
(316, 'Gomez Huerta Hipolito', '7152', 0, 1, NULL),
(317, 'Maldonado Guerrero Oscar Felipe', '5864', 0, 1, NULL),
(318, 'Garcia Lopez Irais Gisela', '8408', 0, 1, NULL),
(319, 'Garcia Lopez Irais Gisela', '8408', 0, 1, NULL),
(320, 'Velazquez Gomez Aremi', '4673', 0, 1, NULL),
(321, 'Padilla Cardona Pedro Jesus', '4402', 0, 1, NULL),
(322, 'Ponce Lopes Mayra Rosario', '4460', 0, 1, NULL),
(323, 'Cordova Diaz David Adan', '4509', 0, 1, NULL),
(324, 'Maciel Martinez Mario Eduardo', '6313', 0, 1, NULL),
(325, 'Chaparro Gallardo Veronica', '7151', 0, 1, NULL),
(326, 'Solorio Reyes Julio Cesar', '8467', 0, 1, NULL),
(327, 'PAULINA ABIGAIL SOLORIO HERRERA', '9231', 0, 1, '2012-10-05'),
(328, 'Lopez Castro Salvador', '8934', 0, 1, NULL),
(329, 'Garcia Lopez Irais Gisela', '8408', 0, 1, NULL),
(330, 'Roacho Nuez Rigoberto', '4283', 0, 1, NULL),
(331, 'Fonseca Martinez Jose de Jesus', '9023', 0, 1, NULL),
(332, 'Navarro Valdez Jacinto Julio', '2841', 0, 1, NULL),
(333, 'Arzabal Hernandez Ivan', '3554', 0, 1, NULL),
(334, 'Santos Benumea Hugo', '8775', 0, 1, NULL),
(335, 'Jaime Ramirez Enrique', '8826', 0, 1, NULL),
(336, 'Padilla Cardona Pedro Jesus', '4402', 0, 1, NULL),
(337, 'Padilla Cardona Pedro Jesus', '4402', 0, 1, NULL),
(338, 'GERARDO NAJERA LARA', '2869', 0, 1, '2012-11-02'),
(339, 'LUIS ANGEL ROSALES HERNANDEZ', '9477', 0, 1, '2013-01-30'),
(340, 'SMITH DENA CARLOS ANTONIO', '2830', 0, 1, '2013-01-31'),
(341, 'RESENDIZ SEGURA JAIME OSBALDO', '2831', 0, 1, '2013-01-31'),
(342, 'RAMIREZ LEON MARIO', '5480', 0, 1, '2013-01-31'),
(343, 'LOPEZ GALLARDO MARIA DE LA LUZ', '5672', 0, 1, '2013-01-31'),
(344, 'ROSALES VELAZQUEZ  ERNESTO', '6323', 0, 1, '2013-01-31'),
(345, 'ORTEGA LUNA LUIS ANTONIO', '6377', 0, 1, '2013-01-31'),
(346, 'MARTINEZ HERRERA NORMA', '6448', 0, 1, '2013-01-31'),
(347, 'CARSI LOPEZ MAXIMILIANO', '6515', 0, 1, '2013-01-31'),
(348, 'SANCHEZ MARTINEZ JAVIER', '7071', 0, 1, '2013-01-31'),
(349, 'GOMEZ ALVARADO JOSE ANTONIO', '7224', 0, 1, '2013-01-31'),
(350, 'LARRAGOITIA MARTINEZ LUIS', '7249', 0, 1, '2013-01-31'),
(351, 'MORENO BULMAN ALEJANDRO', '7273', 0, 1, '2013-01-31'),
(352, 'BECERRA LIZARRAGA JORGE', '7308', 0, 1, '2013-01-31'),
(353, 'BRAVO GOMEZ HILARIO', '7554', 0, 1, '2013-01-31'),
(354, 'MEJIA CAYETANO RAFAEL', '7843', 0, 1, '2013-01-31'),
(355, 'FERNANDEZ CANTERA ALEJANDRO', '8005', 0, 1, '2013-01-31'),
(356, 'PEREZ LEONIDEZ BARTINEO', '8009', 0, 1, '2013-01-31'),
(357, 'VILLASEOR CUEVAS ELVIA', '8664', 0, 1, '2013-01-31'),
(358, 'GUTIERREZ MARISCAL JUAN FRANCISCO', '8777', 0, 1, '2013-01-31'),
(359, 'MEDINA TAVAREZ JOSE HIDELFONSO', '8803', 0, 1, '2013-01-31'),
(360, 'CORTES MARCIAL INES', '8906', 0, 1, '2013-01-31'),
(361, 'HERNANDEZ OCHOA ISAIAS', '8967', 0, 1, '2013-01-31'),
(362, 'CORONA RAMIREZ RAMON ANASTACIO', '9090', 0, 1, '2013-01-31'),
(363, 'HURTADO GONZALEZ ALFREDO', '9091', 0, 1, '2013-01-31'),
(364, 'MURILLO LOZADA VICTOR GUSTAVO', '9094', 0, 1, '2013-01-31'),
(365, 'CAMACHO ARREOLA SERGIO', '9127', 0, 1, '2013-01-31'),
(366, 'OCHOA VENCES ERIK ALEJANDRO', '9133', 0, 1, '2013-01-31'),
(367, 'DUARTE OLIVAS EFREN', '9136', 0, 1, '2013-01-31'),
(368, 'MORALES GARRUFE EIBRAHAM RAFAEL', '9171', 0, 1, '2013-01-31'),
(369, 'LOPEZ OSORIO ARMANDO ISAIAS', '9172', 0, 1, '2013-01-31'),
(370, 'GONZALEZ DIAZ MIGUEL', '9198', 0, 1, '2013-01-31'),
(371, 'PALOMARES CAMPOY VICTOR MANUEL', '9202', 0, 1, '2013-01-31'),
(372, 'HUERTA GOMEZ VICTOR', '9230', 0, 1, '2013-01-31'),
(373, 'NARVAEZ GOMEZ JUAN CARLOS', '9233', 0, 1, '2013-01-31'),
(374, 'PEREZ SARELLANO URIEL ANTONIO', '9251', 0, 1, '2013-01-31'),
(375, 'BAEZ LEON JESUS OSIEL', '9327', 0, 1, '2013-01-31'),
(376, 'VALENZUELA RAMIREZ FRANCISCO ISAIAS', '9328', 0, 1, '2013-01-31'),
(377, 'VILLARRUEL MORENO MIGUEL', '9340', 0, 1, '2013-01-31'),
(378, 'MENDEZ ARENAS ERICK IVAN', '9343', 0, 1, '2013-01-31'),
(379, 'GOMEZ GUEVARA SAUL', '9349', 0, 1, '2013-01-31'),
(380, 'MORA VARGAS LUCIANO ALBERTO', '9362', 0, 1, '2013-01-31'),
(381, 'MEDINA TAVAREZ ARMANDO', '9363', 0, 1, '2013-01-31'),
(382, 'HERNANDEZ OSEGUERA JONATHAN', '9364', 0, 1, '2013-01-31'),
(383, 'GARCIA GUTIERREZ VICTOR MANUEL', '9366', 0, 1, '2013-01-31'),
(384, 'VALENZUELA RAMIREZ MANUEL OSCAR', '9368', 0, 1, '2013-01-31'),
(385, 'VALDEZ GUTIERREZ EDGAR IGNACIO', '9369', 0, 1, '2013-01-31'),
(386, 'CABRERA CORTES JOSE MANUEL', '9382', 0, 1, '2013-01-31'),
(387, 'HERNANDEZ VAZQUEZ JOSE PAULINO', '9426', 0, 1, '2013-01-31'),
(388, 'PRECIADO ORONA EUSEBIO', '9429', 0, 1, '2013-01-31'),
(389, 'ALVAREZ OLIVA ESTEBAN', '9472', 0, 1, '2013-01-31'),
(390, 'VAZQUEZ GARCIA FELIPE DE JESUS', '9474', 0, 1, '2013-01-31'),
(391, 'ROSALES HERNANDEZ LUIS ANGEL', '9477', 0, 1, '2013-01-31'),
(392, 'ALCAIDE MURILLO JOSE', '9527', 0, 1, '2013-01-31'),
(393, 'MEDINA TAVAREZ ALBERTO', '9528', 0, 1, '2013-01-31'),
(394, 'ROMO PIMIENTA OSCAR', '9549', 0, 1, '2013-01-31'),
(395, 'MONTOYA SANTILLAN RENE', '9551', 0, 1, '2013-01-31'),
(396, 'RODRIGUEZ CEDILLO MARIO ERNESTO', '9595', 0, 1, '2013-01-31'),
(397, 'ALVAREZ CARRANZA JULIOCESAR', '9596', 0, 1, '2013-01-31'),
(398, 'GOMEZ PAGAZA PEDRO RAFAEL', '9610', 0, 1, '2013-01-31'),
(399, 'GARCIA NATIVIDAD ALONSO', '9611', 0, 1, '2013-01-31'),
(400, 'FIERRO CASTRO ARMANDO MAURICIO', '9613', 0, 1, '2013-01-31'),
(401, 'RAMOS BRAMBILA CLAUDIO ALEJANDRO', '9641', 0, 1, '2013-01-31'),
(402, 'ARCE MENDEZ OMAR ALEJANDRO', '9689', 0, 1, '2013-01-31'),
(403, 'CAMACHO AYALA NAYELI MONSERRAT', '9760', 0, 1, '2013-01-31'),
(404, 'AYALA BARRIGA MARIA ANITA', '9761', 0, 1, '2013-01-31'),
(405, 'SANTISO ZAMAYOA JORGE GABRIEL', '9812', 0, 1, '2013-01-31'),
(406, 'GARCIA GUTIERREZ JOSE RAFAEL', '9813', 0, 1, '2013-01-31'),
(407, 'CAMARENA CONTRERAS ELEUTERIO', '9814', 0, 1, '2013-01-31'),
(408, 'PIZANO JUAREZ GERARDO', '9815', 0, 1, '2013-01-31'),
(409, 'TREVIO FLORES MARIA FERNANDA', '9816', 0, 1, '2013-01-31'),
(410, 'ALVAREZ LINARES VICTOR MANUEL', '9817', 0, 1, '2013-01-31'),
(411, 'RODRIGUEZ SANTIESTEBAN LUZ MARIA', '9818', 0, 1, '2013-01-31'),
(412, 'COVARRUBIAS GARCIA GETZEMANI', '9819', 0, 1, '2013-01-31'),
(413, 'LUNA ADAME EDUARDO', '9854', 0, 1, '2013-01-31'),
(414, 'SANTOS BENUMEA ERIKA LIZETH', '9855', 0, 1, '2013-01-31'),
(415, 'ORTIZ OMAR', '9857', 0, 1, '2013-01-31'),
(416, 'AGUNDEZ MEDINA OSCAR', '9882', 0, 1, '2013-01-31'),
(417, 'GONZALEZ PEREZ JONATHAN', '9883', 0, 1, '2013-01-31'),
(418, 'MALDONADO GUERRERO MARIO', '9884', 0, 1, '2013-01-31'),
(419, 'CARO CERVANTEZ EZEQUIEL', '9885', 0, 1, '2013-01-31'),
(420, 'CHAVEZ CASTAEDA ALEJANDRO', '9887', 0, 1, '2013-01-31'),
(421, 'JONATHAN CARTER', '1000', 0, 1, '2013-01-31'),
(422, 'Gregorio Chavez Alvarez', '8867', 0, 1, '2013-02-01'),
(423, 'LOPEZ GONZALEZ CLAUDIA CRISTINA', '9947', 0, 1, '2013-03-01'),
(424, 'ALVAREZ LINARES VICTOR', '9817', 0, 1, '2013-03-01'),
(425, 'DE GARCIA VILLAFUENTE MARIA ANTONIETA', '9946', 0, 1, '2013-03-01'),
(426, 'LOPEZ GARCIA VICTOR EMILIO', '10048', 0, 1, '2013-03-01'),
(427, 'lopez aguilera clarissa', '6669', 0, 1, '2013-03-09');

--
-- Constraints for dumped tables
--

--
-- Constraints for table `ahorro`
--
ALTER TABLE `ahorro`
  ADD CONSTRAINT `fk_ahorro_periodo1` FOREIGN KEY (`periodo_id`) REFERENCES `periodo` (`id`) ON DELETE NO ACTION ON UPDATE NO ACTION,
  ADD CONSTRAINT `fk_ahorro_user1` FOREIGN KEY (`user_id`) REFERENCES `user` (`id`) ON DELETE NO ACTION ON UPDATE NO ACTION;

--
-- Constraints for table `ahorro_registro`
--
ALTER TABLE `ahorro_registro`
  ADD CONSTRAINT `fk_ahorro_registro_ahorro` FOREIGN KEY (`ahorro_id`) REFERENCES `ahorro` (`id`) ON DELETE NO ACTION ON UPDATE NO ACTION;

--
-- Constraints for table `nomina`
--
ALTER TABLE `nomina`
  ADD CONSTRAINT `fk_nomina_periodo1` FOREIGN KEY (`periodo_id`) REFERENCES `periodo` (`id`) ON DELETE NO ACTION ON UPDATE NO ACTION;

--
-- Constraints for table `prestamo`
--
ALTER TABLE `prestamo`
  ADD CONSTRAINT `fk_prestamo_periodo1` FOREIGN KEY (`periodo_id`) REFERENCES `periodo` (`id`) ON DELETE NO ACTION ON UPDATE NO ACTION,
  ADD CONSTRAINT `fk_prestamo_user1` FOREIGN KEY (`user_id`) REFERENCES `user` (`id`) ON DELETE NO ACTION ON UPDATE NO ACTION;

--
-- Constraints for table `prestamo_registro`
--
ALTER TABLE `prestamo_registro`
  ADD CONSTRAINT `fk_prestamo_registro_prestamo1` FOREIGN KEY (`prestamo_id`) REFERENCES `prestamo` (`id`) ON DELETE NO ACTION ON UPDATE NO ACTION;

/*!40101 SET CHARACTER_SET_CLIENT=@OLD_CHARACTER_SET_CLIENT */;
/*!40101 SET CHARACTER_SET_RESULTS=@OLD_CHARACTER_SET_RESULTS */;
/*!40101 SET COLLATION_CONNECTION=@OLD_COLLATION_CONNECTION */;
